,FACT-4db4c41e,FACT-4f749668,FACT-4228020a,FACT-e293e217,FACT-4b200528,FACT-e831084c,CAND-8d000bf3ccc3,CAND-c4ec6332c07f,CAND-e3da6fa71af1,CAND-4440d07f973f,CAND-a4543012b464,CAND-eaddc3f9db4e,CAND-29eb91dbaf60,CAND-d06cab686cef,CAND-9c0424f53fe4,CAND-14d3e787ea4b,CAND-1970782c2adb,CAND-fdbc279fba99,CAND-e2e7f033d97c,CAND-6a6ec8869ddb,CAND-751983843b3f,CAND-bd42540f86e4,VAL-DIV-STEADY-005,CAND-2e4d39a3f50b,CAND-4879b2c6f2bb,CAND-4da841c734ae,CAND-a5ac9cc45ab3,VAL-PE-LOW-020,VAL-WIZ-VALUE1-020,CAND-ab4dc295d8eb,CAND-347a7638d04b,CAND-25028ae0c266,CAND-a016c519e8bd,CAND-6ba459329476,CAND-b1ab2a40225a,VAL-DIV-NOPEG-020,VAL-DIV-HIGH-020,CAND-68cc0a6b40ba,VAL-PB-LOW-020,CAND-3238a5ce80c8,VAL-PEPB-DOUBLE-020,VAL-WIZ-CITICS-020,CAND-091fee38cd01,CAND-65ae80c577c9,CAND-5e3284032a17,VAL-PB-LOWTURN-035,CAND-99873fd0bc17,CAND-bb0b9f37ce93,CAND-9519cb55d6b7,VAL-PE-ZZ500-020,CAND-38cceabf3946,CAND-b1fb7e2246dd,CAND-e8017cc1adc5,CAND-79ae77fb3af7,VAL-DIV-PRETTY50-010,CAND-0319395c57a7,CAND-2b351fd05d5f,CAND-6cb29d4d9ba8,CAND-9c0136ec8f42,CAND-c30a620e114d,CAND-c21459b71a42,CAND-e40a0a1bcda8
FACT-4db4c41e,1.0,0.9559293517623737,0.9602762323014576,0.9393581610610675,0.9531873047859517,0.9250795474968401,0.6202298763042747,0.46821495814251657,0.2941978554929038,0.14623454940864267,0.4269508485234132,0.6582134276102737,0.5859578474747533,0.6563192537313819,0.1784820519958512,,,,0.2935196295985518,0.6599017961870824,0.18306882752325437,0.6347481879927878,0.1385970351489243,0.34567186504817166,0.2008152958599935,0.486140248611936,0.4746858268330671,-0.032900099136256744,0.203860449439393,0.1217199577252834,0.1718893938570091,0.38782237440979983,,,0.18385861385365113,0.20392132850826591,0.10904393316740647,0.04677921909312369,-0.01394067423620234,0.3790228395848717,0.16241500245373194,0.0020278450295092114,0.046825060874819725,0.20662515180224755,0.3963207505441374,0.044019496552061214,0.7116143461411825,0.21266662505180556,0.1950773352321267,0.16910314121398096,0.2030620013061722,0.1949299469403594,-0.044931849352260224,0.2085299016776479,0.3666400276891913,0.18276124918478032,0.22464069994878444,0.07463353144586386,0.15430861508774724,0.38629155768938545,0.3848323071284966,0.22825704036184344
FACT-4f749668,0.9559293517623737,1.0,0.9808141205348009,0.9473665806344611,0.9497758653714091,0.9193484017831901,0.5975205128585777,0.47690988673005186,0.296057239022455,0.14902101536912582,0.4275584319330793,0.6413272523167829,0.5817342732504446,0.6351081756275998,0.16077421204294884,,,,0.26803753221487947,0.6791561918531583,0.14690803244034067,0.6356378606138366,0.09099636655554787,0.33360853181468375,0.1584653976341033,0.4331907691055666,0.4149928316821766,-0.04502908508668539,0.15276315936302232,0.06396656128792431,0.10515453451813861,0.3475741146121614,,,0.12318126383012729,0.1480050185414552,0.07562889571498937,0.06166668271581439,-0.024802547512674196,0.32807722905871634,0.10149764551173811,-0.010611558261324318,0.08788479534819894,0.16379367956289534,0.33568762459988283,0.030376657485253606,0.6964349902816787,0.16396976076393646,0.16039793848473133,0.11502814793595158,0.14020202141297583,0.1502650133998383,-0.03815210582337747,0.15508575013761317,0.33832311103413254,0.15497024485260216,0.2417686556045802,0.08228406401617631,0.15759261424154317,0.3961294866334712,0.40030975437692534,0.23079702000335287
FACT-4228020a,0.9602762323014576,0.9808141205348009,1.0,0.9446419254654254,0.9503612076861842,0.9266052805787443,0.5915955443783815,0.4893184119144697,0.3009728769786492,0.16937621530047334,0.41165557382119533,0.6399352967531123,0.5949271185001191,0.6365432257732689,0.15675276891860598,,,,0.26842952490607014,0.6748238817950162,0.14054710175831842,0.6482110203816829,0.09945424038282893,0.33392884282975355,0.15558720552661812,0.43226738744085585,0.41998935929764114,-0.04432095461616594,0.15539847726344586,0.07504776284962485,0.11324852772374984,0.3546306352946739,,,0.12978678753102227,0.15531651020170303,0.08188650335451336,0.06468574293595293,-0.023901902535270258,0.3378234798140294,0.10808517927830674,-0.02028167176446548,0.07882248639689078,0.16357475468177965,0.3405875646427717,0.027307753330561742,0.7064437188680682,0.16962581352223696,0.15672620019724492,0.11375781223972058,0.147794809380905,0.15024119948152695,-0.0442457843608122,0.15943374107213862,0.3420530760411097,0.15438145368252215,0.25354552388979334,0.07939157144773017,0.17193622046829216,0.40118983789347495,0.40517753458988354,0.22913066834335577
FACT-e293e217,0.9393581610610675,0.9473665806344611,0.9446419254654254,1.0,0.929428832699996,0.9266024723661008,0.5309263606536198,0.47143879451801607,0.3266125459330155,0.14981638445701614,0.35814447766806035,0.6378618131789723,0.5934271627213675,0.634022570739888,0.1691073141939745,,,,0.293637445984139,0.7038485216993645,0.1374429689489629,0.6452784164789905,0.09581178080713164,0.32759322002975866,0.15314801691225,0.43291119776562215,0.4218061336198734,-0.03457538252011582,0.14420315685580767,0.06090891142515346,0.1036431089350255,0.35591734426435856,,,0.11872039309301477,0.14054438824961357,0.07313506137584341,0.06841542187626443,0.0034496879125721883,0.3399798819507043,0.10034483438282445,0.0069486445158148235,0.07509738486716412,0.1559738505446679,0.3371061851266604,0.04166518995891288,0.7096788775480056,0.16046478933016858,0.15505936061871686,0.10872981512481146,0.1361351217952418,0.14576162980184104,-0.024244157246520244,0.15127021105745564,0.3469209028267807,0.14591397865281105,0.249410635271041,0.08347957449561959,0.12191041367751065,0.3931907452073051,0.39478731688943275,0.22758046613786442
FACT-4b200528,0.9531873047859517,0.9497758653714091,0.9503612076861842,0.929428832699996,1.0,0.9413663728267566,0.5576615385176581,0.442727313908123,0.30200563425532523,0.1534458458605591,0.4229164548699379,0.59939523141197,0.5605950157318564,0.5930376524580452,0.19480143002742503,,,,0.26790909998966883,0.6654708343475444,0.10564295543309443,0.5566326469225221,0.0650308599099785,0.3041855241932691,0.1096074140557052,0.4293595105696314,0.4153259954834082,-0.025517645672977363,0.10258473610522308,0.029420853639857976,0.055656342574791115,0.32293780651605114,,,0.0743590375635326,0.10310805286034698,0.04801810244366982,0.05008952787882283,-0.0046196953509651285,0.3137643869114158,0.054207809395639295,-0.015318723946490202,0.09614123512718685,0.12074203678276306,0.31633913431139754,0.019604597641688096,0.6630071193924892,0.12164178197209549,0.1266665068545345,0.07290613585928521,0.0907889642625793,0.11460184690569399,-0.05487329446534288,0.11688125643480428,0.33181372567401735,0.1179356976545966,0.2381154989635134,0.08342027100916133,0.17390168443463352,0.29310434419543824,0.2931786737425241,0.1799598825434774
FACT-e831084c,0.9250795474968401,0.9193484017831901,0.9266052805787443,0.9266024723661008,0.9413663728267566,1.0,0.5291391898140335,0.42902893788586327,0.256738960427246,0.13252303844213736,0.403465168783368,0.644813610471354,0.5232837109811795,0.6411738354890893,0.11515147259862724,,,,0.2680308095883728,0.62182045610344,0.1266671552467744,0.5794325051281762,0.05965031994941698,0.3228975739837435,0.12625873573484964,0.43349493643170905,0.4140740150971969,-0.0059698244232472,0.12244685557768724,0.05737623705195867,0.0888835314676718,0.33480934858196554,,,0.10048841719303085,0.11885589144366135,0.05692630489836453,0.07084724360435452,0.008652924751170946,0.32909865699963337,0.08420136085090836,0.001815333255539356,0.06529981526716437,0.13255130715619798,0.34472241649797764,0.03798260692908502,0.6745937527004067,0.1302588928398978,0.12422621778377214,0.10165460125789662,0.11770166041654101,0.11335757808718318,-0.026197347350673205,0.12602321570891534,0.32742755880671726,0.1227843102874018,0.2249272350634287,0.08950423853445949,0.13736552580675512,0.32232472982831206,0.3266958292676884,0.17446849046501944
CAND-8d000bf3ccc3,0.6202298763042747,0.5975205128585777,0.5915955443783815,0.5309263606536198,0.5576615385176581,0.5291391898140335,1.0,0.3265801911576371,0.13558113152183973,0.08100383204633786,0.3775713750823001,0.5056789407962915,0.45173146171312056,0.4961900955545069,0.05682989485177923,,,,0.16913152844960547,0.3698425263105282,0.12944823590257296,0.5572370138501757,0.11650855955825172,0.28936741931260335,0.1131302401999677,0.3464784605101756,0.29802753308734914,0.008194777166121443,0.14097114442724756,0.12517101181274531,0.11806521587222348,0.20634629823622674,,,0.1335703889556677,0.14211451854387774,0.07323607339174926,0.03184308970698975,-0.03804561117524546,0.221116073250561,0.12411571104836959,-0.06237694169460353,0.04444271152068426,0.1306316215204228,0.26887098626369677,-0.03105167221883693,0.5118299107154557,0.12799115711952058,0.11345267975046816,0.0949293115657125,0.1346330569226694,0.11864301748683063,-0.005079641013606985,0.13275687672634817,0.21747371329028306,0.11535049622947986,0.1617681071224195,0.005558303350417015,0.08875361954655063,0.42562683546064395,0.430975705302206,0.24924405246494963
CAND-c4ec6332c07f,0.46821495814251657,0.47690988673005186,0.4893184119144697,0.47143879451801607,0.442727313908123,0.42902893788586327,0.3265801911576371,1.0,0.20170970870873708,0.08914267799098266,0.2240204359280481,0.28389175684538576,0.518032007094004,0.28520183319161385,0.17023333818743583,,,,0.17079421895599892,0.3266262072829187,0.0437269959542516,0.4584828058456042,0.02022987523264507,0.21315217685173904,0.0628139293281179,0.23848381283007997,0.24679938115543892,-0.11280601844430396,0.04402959190623516,0.0014884350575689422,0.02413753035775124,0.2005194923590478,,,0.030695113925368167,0.05005546868239774,0.05281275346633856,0.029629372098580475,-0.045708339295840256,0.20507833946620213,0.012574871546470603,0.042078164315091704,0.0694354358773964,0.06901028030545832,0.1466398169793965,0.06525186430153385,0.3564046287036309,0.08692217019720398,0.07974038239680326,0.01194925097340126,0.041057641624925166,0.06834538941670111,0.008572265793174235,0.06717198843058907,0.16389448807977544,0.08377336343857555,0.1639097472235192,0.18129776450033352,0.07017301200737965,0.21371865568374657,0.21232709228932797,0.1395247472611527
CAND-e3da6fa71af1,0.2941978554929038,0.296057239022455,0.3009728769786492,0.3266125459330155,0.30200563425532523,0.256738960427246,0.13558113152183973,0.20170970870873708,1.0,0.04789226416926894,0.11686304542022863,0.08858453297292554,0.36984005574029133,0.09824978380491414,0.3492445859558571,,,,0.1542724404421574,0.37552123697926054,0.09960342292609178,0.21543418462055516,0.05638883969074877,0.09142428638687354,0.09750512472066339,0.20092467011169768,0.22755968373706992,0.007893288337319598,0.0975142551270852,0.017701089718749837,0.04493239319277225,0.23084043230983764,,,0.04800740531154577,0.11208854773741961,0.10962685313251853,0.002207782500982452,0.007968582770106468,0.22860844510167144,0.019554952195678797,0.08097029720337161,0.19196254317873795,0.16677398366412116,0.12206825505319822,0.1415240183573038,0.2025684226996462,0.15188942618397525,0.17215089768915404,0.03830564956544026,0.046796416805109695,0.15439732669726136,0.003659728445451448,0.14462342937808081,0.2238044333001695,0.1795641655684699,0.11872590201836825,0.0033268713118240157,0.05554161466394806,0.04352323621778861,0.04410516813689088,-0.02023483087482995
CAND-4440d07f973f,0.14623454940864267,0.14902101536912582,0.16937621530047334,0.14981638445701614,0.1534458458605591,0.13252303844213736,0.08100383204633786,0.08914267799098266,0.04789226416926894,1.0,0.05552077944647704,0.1886014385252646,0.13481422035091561,0.19294204489936984,0.005110436055168892,,,,0.06301871078210161,0.21851227278442406,0.005193089708952949,0.19329726591942487,0.03161153834141546,0.08768937694670388,0.01591913244373421,0.08922362147115658,0.14489023281112076,0.007748636649010752,0.024863122793778215,0.011903110377349153,0.019447226575367474,0.13267313002052683,,,0.024622522269740914,0.027085667924942037,0.03062758677993137,0.019216134966598398,0.03992419962082275,0.14698873644050994,0.01592302111437989,-0.004341520665479591,0.03493579734976941,0.011851660261733142,0.08785099123848797,0.015701986062974536,0.18115217679889647,0.017595842338325687,0.014722481422845535,0.018742725955793266,0.022854935659810335,0.013582735171895916,0.01609120456994768,0.003315072289878279,0.16011627550088547,0.01769708601065857,0.28151456287857957,0.012143691436587735,0.07874253911897289,0.12116655534043633,0.11501621617669525,-0.017063886336559145
CAND-a4543012b464,0.4269508485234132,0.4275584319330793,0.41165557382119533,0.35814447766806035,0.4229164548699379,0.403465168783368,0.3775713750823001,0.2240204359280481,0.11686304542022863,0.05552077944647704,1.0,0.20863853384944994,0.28353207651001694,0.196971704730384,0.032268236765594004,,,,0.06489494256547679,0.20164486732988654,0.05795954970677431,0.2535609034509359,-0.018149284809535867,0.1762716675401088,0.0307554105964341,0.18381701164795933,0.14665203682890562,0.03223631484707802,0.046769093335306246,0.023855119678047883,0.004899691799269782,0.08529245617634046,,,0.013882165987511236,0.049235881721110084,0.03449862647443945,-0.01800563287376829,0.00866214977907318,0.05392853729449196,0.0018636905046526412,-0.029993025874647816,0.06656949162600971,0.044239563513085486,0.09264963867496238,0.0072845894184167875,0.3212516533386613,0.023192537896017048,0.040011747548245345,0.041571147006125964,0.01890989581818304,0.028221026928166065,-0.009117645806185843,0.0384887828017304,0.12789089991296343,0.03360475004760223,0.06673885592943866,0.07232446062194713,0.16672907193752937,0.07076944347792856,0.06721361714838552,0.11091144004973356
CAND-eaddc3f9db4e,0.6582134276102737,0.6413272523167829,0.6399352967531123,0.6378618131789723,0.59939523141197,0.644813610471354,0.5056789407962915,0.28389175684538576,0.08858453297292554,0.1886014385252646,0.20863853384944994,1.0,0.263236505901784,0.9870940130396287,0.01670485132528399,,,,0.2594708613955812,0.4835313087648092,0.2903824898528124,0.6407982635587087,0.2684734038729104,0.40019168420368134,0.3379570262461545,0.45445322690495027,0.43963099348500767,0.024111867064068482,0.3577981840229893,0.28219995092776223,0.3473258244210757,0.4232094402627127,,,0.3584762955108923,0.3614471219025759,0.22426216523649223,0.028170038715351176,0.015838164518369852,0.3654958619209816,0.34957815992895636,0.020535445921486973,-0.04622653322671967,0.33771654523388345,0.49694904428860265,0.04249575937200852,0.5881214045760542,0.3239412504637735,0.306824507610573,0.32726316256994314,0.3745948343306858,0.3158424708327906,0.016250527603119146,0.3351415796359082,0.37113379552850456,0.29457098145052846,0.14634067773977358,0.0032820933610725345,0.04409145045046905,0.5042554569788508,0.507891772571726,0.27059290346738024
CAND-29eb91dbaf60,0.5859578474747533,0.5817342732504446,0.5949271185001191,0.5934271627213675,0.5605950157318564,0.5232837109811795,0.45173146171312056,0.518032007094004,0.36984005574029133,0.13481422035091561,0.28353207651001694,0.263236505901784,1.0,0.271981655027363,0.12696292804215595,,,,0.21323362981444283,0.4140597887595448,0.04609630378356444,0.4767322456273478,0.026146516238390875,0.2058709721983029,0.046985893962412505,0.2024966069058617,0.183031259675325,0.029873375510244486,0.0569163812338848,0.02023403014732833,0.03349489852520639,0.21287484257086844,,,0.03384841542948255,0.05774544491173456,0.033868238312114614,0.04411441769073493,0.02197253156615675,0.18151736673376007,0.020570943065475064,0.02327550634590851,0.07858467921580788,0.0770860487055397,0.17570456807340382,0.06322993363721567,0.4599012487450596,0.07156952872627374,0.07620478487262877,0.019527172066843287,0.03280705244300299,0.07195540200570194,-0.05667279098821281,0.06782938487588597,0.15139706346849705,0.08405725122579193,0.27380746115393456,0.0025793612083579893,0.08397154036440957,0.3877704575768964,0.38738832585772426,0.10698819939858761
CAND-d06cab686cef,0.6563192537313819,0.6351081756275998,0.6365432257732689,0.634022570739888,0.5930376524580452,0.6411738354890893,0.4961900955545069,0.28520183319161385,0.09824978380491414,0.19294204489936984,0.196971704730384,0.9870940130396287,0.271981655027363,1.0,0.016819654461176073,,,,0.26281645427706185,0.47622357304698,0.2897852899466073,0.6339432880665268,0.26900802042578903,0.39427629944368786,0.3447766650755306,0.44678824047794763,0.4318998669333257,0.02383251565603205,0.3636037037660684,0.28752843367378345,0.3526487132905725,0.4159808482609619,,,0.3633009643469697,0.3674858505914537,0.22646615629371064,0.0282349866004301,0.015260315706648188,0.3657908519491157,0.3533256437981946,0.018612977747785225,-0.03650040238441251,0.34699748940544073,0.493904283673742,0.04709512631816141,0.5798447713299991,0.335436154305817,0.3144974439793503,0.3285698569931452,0.38183806012498156,0.3230661660600484,0.016018454396668064,0.34422115074400167,0.3495004044290158,0.3025713223015368,0.13894434782626108,0.003019554839323512,0.04640981948548275,0.49696098024339547,0.50052575129938,0.2706001492765203
CAND-9c0424f53fe4,0.1784820519958512,0.16077421204294884,0.15675276891860598,0.1691073141939745,0.19480143002742503,0.11515147259862724,0.05682989485177923,0.17023333818743583,0.3492445859558571,0.005110436055168892,0.032268236765594004,0.01670485132528399,0.12696292804215595,0.016819654461176073,1.0,,,,0.054489962859276986,0.14190794994908357,0.1152826159312436,0.061554259700825946,0.05005845632106791,-0.025231974201276514,0.08621067001838849,0.12209740582861596,0.1881471294194752,0.0008405381187224892,0.10087668241606015,0.02246329055158358,0.055814992574297374,0.06521245006648227,,,0.05508274976108909,0.1086597017713331,0.0987245169079187,0.06051338802451731,-0.0010053956813934446,0.12343916566446311,0.0322290918865366,0.0957897690499258,0.16677476710451236,0.1577107014885157,-0.01841827758368502,0.1515484992520991,0.09284083562316779,0.13672293792592846,0.15882268169547245,0.049010547640547734,0.04158842788942321,0.14600896873921207,-0.00042095210004098975,0.1294447158289084,0.13223982779026075,0.16946743261705915,0.004125634556119483,-0.00027571639269092455,0.0516977956142168,-0.05701376067674106,-0.06687063582116065,0.021378959823632845
CAND-14d3e787ea4b,,,,,,,,,,,,,,,,,,,,,,,,,,,,,,,,,,,,,,,,,,,,,,,,,,,,,,,,,,,,,,
CAND-1970782c2adb,,,,,,,,,,,,,,,,,,,,,,,,,,,,,,,,,,,,,,,,,,,,,,,,,,,,,,,,,,,,,,
CAND-fdbc279fba99,,,,,,,,,,,,,,,,,,,,,,,,,,,,,,,,,,,,,,,,,,,,,,,,,,,,,,,,,,,,,,
CAND-e2e7f033d97c,0.2935196295985518,0.26803753221487947,0.26842952490607014,0.293637445984139,0.26790909998966883,0.2680308095883728,0.16913152844960547,0.17079421895599892,0.1542724404421574,0.06301871078210161,0.06489494256547679,0.2594708613955812,0.21323362981444283,0.26281645427706185,0.054489962859276986,,,,1.0,0.2720614669956709,-0.04552325696362703,0.2509841849673674,0.13064880940620582,0.2246149354460505,0.03739892618711285,0.1412489514030812,0.16032407487576467,-0.03169350211080052,0.05527878154609521,0.08979537419783148,0.11116673109917093,0.15066458989831055,,,0.096394327448925,0.08658301877965888,0.07248544884870528,0.025972275056494694,-0.03164135036087695,0.13379369991095938,0.09556279393731666,-0.034576568490782764,-0.10580264083758056,0.06685889330063373,0.17726678389724448,-0.034559360711881947,0.2811014025822164,0.08967891980968065,0.0766469384934768,0.02267732787058652,0.09129863867560453,0.10591314880381485,0.07283527075469563,0.10283766063118978,0.15307107644886878,0.06594033828250345,0.12834925494521265,0.021883763269069018,0.0009610277411394948,0.14804048205718823,0.14497896160918144,0.14845833192165941
CAND-6a6ec8869ddb,0.6599017961870824,0.6791561918531583,0.6748238817950162,0.7038485216993645,0.6654708343475444,0.62182045610344,0.3698425263105282,0.3266262072829187,0.37552123697926054,0.21851227278442406,0.20164486732988654,0.4835313087648092,0.4140597887595448,0.47622357304698,0.14190794994908357,,,,0.2720614669956709,1.0,0.16015465932875628,0.5520127158075288,0.1824117146384022,0.2735338542761819,0.21664751671613405,0.3138843960386506,0.32348214705614425,-0.0463671479345166,0.20993943205038243,0.13787388911536122,0.19598207808119064,0.3461802780215682,,,0.19782241992535646,0.23502591514681237,0.17474666440288353,0.057630746395371434,-0.011751543836723817,0.2879420147061502,0.18188922172579886,0.030169945205833874,0.030840133378035588,0.25494932108311485,0.2602777056983581,0.047769211234277444,0.5454406422303358,0.22612986091309156,0.23569272250420223,0.17624970661137038,0.22043392837544684,0.23506429943386786,-0.032304318485344534,0.23752290566093717,0.34384321543008645,0.25675414516500855,0.3382072393454529,0.04921802844466484,0.03268406119501821,0.28940566649484706,0.29159037203528354,0.21242833467761502
CAND-751983843b3f,0.18306882752325437,0.14690803244034067,0.14054710175831842,0.1374429689489629,0.10564295543309443,0.1266671552467744,0.12944823590257296,0.0437269959542516,0.09960342292609178,0.005193089708952949,0.05795954970677431,0.2903824898528124,0.04609630378356444,0.2897852899466073,0.1152826159312436,,,,-0.04552325696362703,0.16015465932875628,1.0,0.21564847247551192,0.5981143968476654,0.26644643198048684,0.8637123124902102,0.26066572870577576,0.3346060705218074,0.04538760225201449,0.8787022771364545,0.4877926460097064,0.6787006067900984,0.29751397576491523,,,0.7091749594579042,0.7642028549125701,0.5350744493954488,-0.001832158293991146,0.06146486001138672,0.3088254384276858,0.6875505954635207,0.3321758446176341,0.2888463932700095,0.7391720648646708,0.34365164213187527,0.4388281118335293,0.15474965470420457,0.7305388570987327,0.6641044201393862,0.8240123434522866,0.69041574660704,0.6727979022838101,-0.0037757411840628422,0.7000675908544445,0.2275569563413425,0.6398433601836198,0.054394792817959066,-0.0030491695567982182,0.06378267542769865,0.2686901469319772,0.27115776249858536,0.2948302454564649
CAND-bd42540f86e4,0.6347481879927878,0.6356378606138366,0.6482110203816829,0.6452784164789905,0.5566326469225221,0.5794325051281762,0.5572370138501757,0.4584828058456042,0.21543418462055516,0.19329726591942487,0.2535609034509359,0.6407982635587087,0.4767322456273478,0.6339432880665268,0.061554259700825946,,,,0.2509841849673674,0.5520127158075288,0.21564847247551192,1.0,0.24221825832978977,0.35749842339503907,0.26182411323428656,0.3762556889178066,0.40898804339605055,-0.08660587921554333,0.2610399482553887,0.192081000071386,0.25755727384688515,0.4246887810413469,,,0.25839753630210127,0.26803061835140785,0.19076376740109377,0.05238565544507671,-0.023549767365235487,0.40301214751382075,0.24275247764186184,0.048700831678319706,-0.020201658033803305,0.24450838717546866,0.38829004127423145,0.06526303475120614,0.5719083491946692,0.25424956324153,0.23251812741157785,0.22232802665222617,0.26850668765369423,0.2448506526606491,-0.023455840689857323,0.2591294751579973,0.3672231674047742,0.21872875320229646,0.2625865807485833,0.11536829499818149,0.016054389401737,0.5920220675239307,0.6019037500405694,0.3122987107023245
VAL-DIV-STEADY-005,0.1385970351489243,0.09099636655554787,0.09945424038282893,0.09581178080713164,0.0650308599099785,0.05965031994941698,0.11650855955825172,0.02022987523264507,0.05638883969074877,0.03161153834141546,-0.018149284809535867,0.2684734038729104,0.026146516238390875,0.26900802042578903,0.05005845632106791,,,,0.13064880940620582,0.1824117146384022,0.5981143968476654,0.24221825832978977,1.0,0.33787855078890444,0.7399045352353766,0.3228353104578155,0.3568042207318145,0.03550088711773836,0.7390892603421986,0.5102362841040882,0.68497069126296,0.40806937035301594,,,0.704299227842344,0.7679023253522088,0.6299321650360202,-0.002658150613454288,0.054526875296543806,0.3701673654492471,0.6763757146756766,0.14097899815659376,0.1253907890211863,0.6823649001408122,0.4433534097697135,0.13439749413047683,0.14001296017822853,0.7229509670347672,0.6743495227997726,0.6109133448724169,0.6890684748361855,0.7535425332341125,-0.005477959397710092,0.7166761389627716,0.31777981347431783,0.6601222624205714,0.047671823553176625,-0.00442382732677165,0.027539541709817372,0.27555404324657085,0.2769996180468077,0.28917569251706954
CAND-2e4d39a3f50b,0.34567186504817166,0.33360853181468375,0.33392884282975355,0.32759322002975866,0.3041855241932691,0.3228975739837435,0.28936741931260335,0.21315217685173904,0.09142428638687354,0.08768937694670388,0.1762716675401088,0.40019168420368134,0.2058709721983029,0.39427629944368786,-0.025231974201276514,,,,0.2246149354460505,0.2735338542761819,0.26644643198048684,0.35749842339503907,0.33787855078890444,1.0,0.3608076797997451,0.30638517731513437,0.28732061672483916,-0.0037774715961226475,0.36830563139968486,0.3482166640320461,0.35611980400943105,0.31097881673954086,,,0.38644304393889434,0.3980509896336699,0.30008333171928275,-0.018225358995746833,-0.006405218225439435,0.270919946105162,0.37093710886414255,-0.13851654661698906,-0.0285656170678825,0.3454627929230226,0.2964892565632801,-0.1291669053065348,0.23114439100804096,0.30901358553894986,0.32369074450923857,0.29094535648465947,0.40537668787615055,0.3260788119905835,0.052961591194234166,0.3679726541655586,0.2544302385018247,0.29229381850501307,0.14539356394442346,-0.0014440947435183315,0.12599232289855097,0.33442386002524493,0.3364456166498861,0.20337722583800733
CAND-4879b2c6f2bb,0.2008152958599935,0.1584653976341033,0.15558720552661812,0.15314801691225,0.1096074140557052,0.12625873573484964,0.1131302401999677,0.0628139293281179,0.09750512472066339,0.01591913244373421,0.0307554105964341,0.3379570262461545,0.046985893962412505,0.3447766650755306,0.08621067001838849,,,,0.03739892618711285,0.21664751671613405,0.8637123124902102,0.26182411323428656,0.7399045352353766,0.3608076797997451,1.0,0.35805790842627605,0.4395753644551706,0.030781513765871897,0.9305856986105426,0.5457368063534379,0.791270145917276,0.4472969528939765,,,0.8238849564252623,0.8842711741120718,0.7020016569137428,-0.0010265478805540653,0.043650155745442294,0.4245312406841432,0.785494795467019,0.23350310291949575,0.1870182879027603,0.8632925452279888,0.45096311690642416,0.3064373983267924,0.18562825271671646,0.8505707806877795,0.8252641901992832,0.8242611633261663,0.8411858612181028,0.8288598929114114,-0.0021155263291017536,0.8443534631002396,0.3226495458580774,0.8062954773811651,0.05065554259163608,-0.0017084323752193868,0.02163098723532757,0.3159542421621828,0.317414715458073,0.33603422741786904
CAND-4da841c734ae,0.486140248611936,0.4331907691055666,0.43226738744085585,0.43291119776562215,0.4293595105696314,0.43349493643170905,0.3464784605101756,0.23848381283007997,0.20092467011169768,0.08922362147115658,0.18381701164795933,0.45445322690495027,0.2024966069058617,0.44678824047794763,0.12209740582861596,,,,0.1412489514030812,0.3138843960386506,0.26066572870577576,0.3762556889178066,0.3228353104578155,0.30638517731513437,0.35805790842627605,1.0,0.8860244135213151,0.010172005040761947,0.3651285311215547,0.2704966998282792,0.36850689338453896,0.7824304280702246,,,0.370569765003624,0.37202326201817376,0.2247972873154452,0.07074753778629166,0.014801367644054694,0.7022637808031466,0.3589669386165195,0.004010563426205646,-0.06106581987427776,0.3347308256204377,0.7913676869669332,0.03204665492734915,0.4379312854067125,0.3657815131229994,0.31363770808883135,0.3270311601349262,0.39562594199886464,0.3436383554460444,-0.024963210544136864,0.36266012525525265,0.7237063532005577,0.27685645883676474,0.11675720395576494,0.24299707117281052,0.3304917990199155,0.21750850977602834,0.21569230493376204,0.15865503473847317
CAND-a5ac9cc45ab3,0.4746858268330671,0.4149928316821766,0.41998935929764114,0.4218061336198734,0.4153259954834082,0.4140740150971969,0.29802753308734914,0.24679938115543892,0.22755968373706992,0.14489023281112076,0.14665203682890562,0.43963099348500767,0.183031259675325,0.4318998669333257,0.1881471294194752,,,,0.16032407487576467,0.32348214705614425,0.3346060705218074,0.40898804339605055,0.3568042207318145,0.28732061672483916,0.4395753644551706,0.8860244135213151,1.0,0.011375542972913105,0.4403745776683297,0.2856678262072859,0.42566341881509434,0.7995194300498316,,,0.42135563352572725,0.44082698415027327,0.3211655722108661,0.05603893225303002,0.016069873662596466,0.7949832876292824,0.4050939636756524,0.021142842688138146,-0.05747441356516843,0.3725763217476124,0.7465707366279655,0.09460018640038961,0.45235236515455307,0.4255115094241964,0.35820115383517526,0.4086828833390622,0.4460016579496194,0.3978435564222429,-0.012407013567128894,0.426380602157549,0.7512233459017775,0.3196194725176745,0.1550575427468999,0.2513128861221363,0.24836210871448688,0.20108635083203727,0.20115637426654442,0.1944033974092177
VAL-PE-LOW-020,-0.032900099136256744,-0.04502908508668539,-0.04432095461616594,-0.03457538252011582,-0.025517645672977363,-0.0059698244232472,0.008194777166121443,-0.11280601844430396,0.007893288337319598,0.007748636649010752,0.03223631484707802,0.024111867064068482,0.029873375510244486,0.02383251565603205,0.0008405381187224892,,,,-0.03169350211080052,-0.0463671479345166,0.04538760225201449,-0.08660587921554333,0.03550088711773836,-0.0037774715961226475,0.030781513765871897,0.010172005040761947,0.011375542972913105,1.0,0.03929850862303731,0.0382894146161834,0.03715457960601498,0.01956867143478792,,,0.03164524145278135,0.04123338714831305,0.12392027619238398,-0.0027233925940183304,0.800840392461149,0.012401868809889824,0.03245946162435269,0.16485315056010283,0.03523278747414031,0.029153076877428734,0.013197555849341465,0.11624629349098334,-0.04579555769013997,0.03257140135672021,0.022183405403457663,0.12419378671286962,0.026104735229206998,0.01998581190210304,-0.00561241111716762,0.017933951819260465,0.013867983740756075,0.018693316376500044,-0.012150077047512989,-0.004440615135415594,0.006396670377979323,0.014210166433869175,0.015839259982507823,-0.007687607514908645
VAL-WIZ-VALUE1-020,0.203860449439393,0.15276315936302232,0.15539847726344586,0.14420315685580767,0.10258473610522308,0.12244685557768724,0.14097114442724756,0.04402959190623516,0.0975142551270852,0.024863122793778215,0.046769093335306246,0.3577981840229893,0.0569163812338848,0.3636037037660684,0.10087668241606015,,,,0.05527878154609521,0.20993943205038243,0.8787022771364545,0.2610399482553887,0.7390892603421986,0.36830563139968486,0.9305856986105426,0.3651285311215547,0.4403745776683297,0.03929850862303731,1.0,0.6879818915148619,0.8747441107375872,0.44787927974752445,,,0.9060509645966474,0.9459558387816716,0.63086130345388,-0.0019008430765814414,0.05284788355552281,0.437267274044411,0.8768795365708597,0.14401683409560734,0.12449349364460055,0.8916167392568723,0.49509731066214474,0.2691241038061665,0.19089168259397962,0.8696988669574225,0.8173673566620517,0.8433951302458449,0.9041918013975696,0.8468442005252107,-0.003917287885128537,0.8725105988832014,0.3386488408426716,0.8081667444208455,0.0429875803080079,-0.0031634782105736652,0.036990018425642236,0.33602168620901335,0.33692107379822617,0.3416860357807438
CAND-ab4dc295d8eb,0.1217199577252834,0.06396656128792431,0.07504776284962485,0.06090891142515346,0.029420853639857976,0.05737623705195867,0.12517101181274531,0.0014884350575689422,0.017701089718749837,0.011903110377349153,0.023855119678047883,0.28219995092776223,0.02023403014732833,0.28752843367378345,0.02246329055158358,,,,0.08979537419783148,0.13787388911536122,0.4877926460097064,0.192081000071386,0.5102362841040882,0.3482166640320461,0.5457368063534379,0.2704966998282792,0.2856678262072859,0.0382894146161834,0.6879818915148619,1.0,0.8383089149599949,0.3895044802277702,,,0.8788001995481538,0.7094494870824678,0.4902478844271982,-0.001500252936496909,0.05304411810025861,0.3309432707888305,0.8843891101234315,-0.01916659686288802,-0.27621684197412916,0.6358378539042621,0.5154077050420535,-0.09729165846416689,0.12904281773741194,0.5858228640565165,0.5281898975987673,0.4873205099510461,0.8387827472115686,0.5389424216044754,-0.003091745302477662,0.667127220600159,0.26046087246878613,0.5414375760765556,-0.007453002686995373,-0.002496796044570169,-0.04627617097099022,0.27277654151772435,0.27181109595843705,0.24658094007773673
CAND-347a7638d04b,0.1718893938570091,0.10515453451813861,0.11324852772374984,0.1036431089350255,0.055656342574791115,0.0888835314676718,0.11806521587222348,0.02413753035775124,0.04493239319277225,0.019447226575367474,0.004899691799269782,0.3473258244210757,0.03349489852520639,0.3526487132905725,0.055814992574297374,,,,0.11116673109917093,0.19598207808119064,0.6787006067900984,0.25755727384688515,0.68497069126296,0.35611980400943105,0.791270145917276,0.36850689338453896,0.42566341881509434,0.03715457960601498,0.8747441107375872,0.8383089149599949,1.0,0.49788721650598267,,,0.9661540332478631,0.8657170226462011,0.5948958258929526,-0.0019196072452472926,0.05336396023375221,0.4456794242394895,0.961943931026686,0.24125548198459465,-0.19872023394960076,0.8243350719154233,0.552586118657913,0.25561539827637614,0.1758787746216816,0.8308269135322096,0.7007223349835301,0.7561969642197374,0.9398300735561989,0.7759778645953261,-0.003955957384728389,0.828847551527423,0.34636399476507224,0.7125855084268041,0.034599088523974954,-0.003194706479464071,-0.035040475107491656,0.33504211432551845,0.3352219777224984,0.30656361699464507
CAND-25028ae0c266,0.38782237440979983,0.3475741146121614,0.3546306352946739,0.35591734426435856,0.32293780651605114,0.33480934858196554,0.20634629823622674,0.2005194923590478,0.23084043230983764,0.13267313002052683,0.08529245617634046,0.4232094402627127,0.21287484257086844,0.4159808482609619,0.06521245006648227,,,,0.15066458989831055,0.3461802780215682,0.29751397576491523,0.4246887810413469,0.40806937035301594,0.31097881673954086,0.4472969528939765,0.7824304280702246,0.7995194300498316,0.01956867143478792,0.44787927974752445,0.3895044802277702,0.49788721650598267,1.0,,,0.48985035033454233,0.4852962345786756,0.37604673803459426,0.010521133405440678,0.028904630077166153,0.8108563627400538,0.4776299387038956,0.014193169350074749,-0.11204517718872471,0.44092190900349815,0.7559104478269976,0.03815896593499002,0.4169139148490023,0.44808327980185425,0.39313422000250753,0.4191280324921419,0.518648050254383,0.4258369313664483,0.006982143585994581,0.4595442491148864,0.8260833859085771,0.39605394628275,0.14084455595890083,0.1289890280356182,0.11184735321765649,0.24895799952180062,0.2506986711108148,0.20936998781897972
CAND-a016c519e8bd,,,,,,,,,,,,,,,,,,,,,,,,,,,,,,,,,,,,,,,,,,,,,,,,,,,,,,,,,,,,,,
CAND-6ba459329476,,,,,,,,,,,,,,,,,,,,,,,,,,,,,,,,,,,,,,,,,,,,,,,,,,,,,,,,,,,,,,
CAND-b1ab2a40225a,0.18385861385365113,0.12318126383012729,0.12978678753102227,0.11872039309301477,0.0743590375635326,0.10048841719303085,0.1335703889556677,0.030695113925368167,0.04800740531154577,0.024622522269740914,0.013882165987511236,0.3584762955108923,0.03384841542948255,0.3633009643469697,0.05508274976108909,,,,0.096394327448925,0.19782241992535646,0.7091749594579042,0.25839753630210127,0.704299227842344,0.38644304393889434,0.8238849564252623,0.370569765003624,0.42135563352572725,0.03164524145278135,0.9060509645966474,0.8788001995481538,0.9661540332478631,0.48985035033454233,,,1.0,0.8914608303714727,0.6114246708404258,-0.0021339170891958963,0.04491826988664453,0.44390362058233873,0.9901308852949787,0.10697697425269037,-0.12617310687834696,0.8341251333717037,0.5632440635518637,0.12556729161649952,0.18245334054122675,0.8473808511097678,0.739392358643015,0.7443382006313662,0.9735864089160973,0.7793594629499503,-0.004397610546794506,0.832363515619586,0.3510247324014237,0.7308739757214002,0.02021295515858912,-0.0035513716508269516,-0.0038178165446746547,0.33946775022117764,0.3393877376904364,0.31951026089268836
VAL-DIV-NOPEG-020,0.20392132850826591,0.1480050185414552,0.15531651020170303,0.14054438824961357,0.10310805286034698,0.11885589144366135,0.14211451854387774,0.05005546868239774,0.11208854773741961,0.027085667924942037,0.049235881721110084,0.3614471219025759,0.05774544491173456,0.3674858505914537,0.1086597017713331,,,,0.08658301877965888,0.23502591514681237,0.7642028549125701,0.26803061835140785,0.7679023253522088,0.3980509896336699,0.8842711741120718,0.37202326201817376,0.44082698415027327,0.04123338714831305,0.9459558387816716,0.7094494870824678,0.8657170226462011,0.4852962345786756,,,0.8914608303714727,1.0,0.7534438495972972,-0.0026265099178885676,0.058618857052735424,0.4548832854239705,0.8466615864888248,0.11474835749118982,0.04438317124201326,0.9394998669346608,0.5139229079699027,0.2232319406581921,0.1902255699028349,0.8921660103628797,0.8857037684797419,0.8193042317404455,0.9261244217489678,0.9066374582519683,-0.00541275374504802,0.9435742012518662,0.36157483841671173,0.8812423090775884,0.03882655255763903,-0.004371169297172709,0.008782273570526827,0.32893922784001567,0.3298153792483136,0.3418369892611242
VAL-DIV-HIGH-020,0.10904393316740647,0.07562889571498937,0.08188650335451336,0.07313506137584341,0.04801810244366982,0.05692630489836453,0.07323607339174926,0.05281275346633856,0.10962685313251853,0.03062758677993137,0.03449862647443945,0.22426216523649223,0.033868238312114614,0.22646615629371064,0.0987245169079187,,,,0.07248544884870528,0.17474666440288353,0.5350744493954488,0.19076376740109377,0.6299321650360202,0.30008333171928275,0.7020016569137428,0.2247972873154452,0.3211655722108661,0.12392027619238398,0.63086130345388,0.4902478844271982,0.5948958258929526,0.37604673803459426,,,0.6114246708404258,0.7534438495972972,1.0,-0.0021625549867655474,0.18916521979817827,0.34061550041651856,0.5458038141563882,0.17905103610101833,0.182944481705004,0.6715231349761842,0.338323193958622,0.28176978485962545,0.08460555382945152,0.6939956598527098,0.6771263501293435,0.626781849711302,0.6383922386219144,0.668805835177192,-0.004456627985207618,0.7387681656919691,0.2518127584504086,0.7407090853199697,0.06505026551347619,-0.003521640978398625,-0.02491469218468225,0.21617644620157356,0.2176500934793133,0.21670468233406556
CAND-68cc0a6b40ba,0.04677921909312369,0.06166668271581439,0.06468574293595293,0.06841542187626443,0.05008952787882283,0.07084724360435452,0.03184308970698975,0.029629372098580475,0.002207782500982452,0.019216134966598398,-0.01800563287376829,0.028170038715351176,0.04411441769073493,0.0282349866004301,0.06051338802451731,,,,0.025972275056494694,0.057630746395371434,-0.001832158293991146,0.05238565544507671,-0.002658150613454288,-0.018225358995746833,-0.0010265478805540653,0.07074753778629166,0.05603893225303002,-0.0027233925940183304,-0.0019008430765814414,-0.001500252936496909,-0.0019196072452472926,0.010521133405440678,,,-0.0021339170891958963,-0.0026265099178885676,-0.0021625549867655474,1.0,-0.003772581019839137,-0.1416492230340003,-0.0020044163907944317,-0.001971599947842321,-0.0009230262765758417,-0.0024531990692365745,-0.0054698502283799496,-0.0024095431796965186,0.04553265452056606,-0.0031650196811343783,-0.0030508550184961745,-0.0023790377200672897,-0.002269784522393386,-0.0027909208818626863,-0.0020386363174683406,-0.002320478608445922,0.026109402893085946,-0.002173882748328933,0.005749481550710657,-0.0016463384256435961,-0.0016752399139809062,0.027331138514157693,0.03405657991782806,-0.009465681872349052
VAL-PB-LOW-020,-0.01394067423620234,-0.024802547512674196,-0.023901902535270258,0.0034496879125721883,-0.0046196953509651285,0.008652924751170946,-0.03804561117524546,-0.045708339295840256,0.007968582770106468,0.03992419962082275,0.00866214977907318,0.015838164518369852,0.02197253156615675,0.015260315706648188,-0.0010053956813934446,,,,-0.03164135036087695,-0.011751543836723817,0.06146486001138672,-0.023549767365235487,0.054526875296543806,-0.006405218225439435,0.043650155745442294,0.014801367644054694,0.016069873662596466,0.800840392461149,0.05284788355552281,0.05304411810025861,0.05336396023375221,0.028904630077166153,,,0.04491826988664453,0.058618857052735424,0.18916521979817827,-0.003772581019839137,1.0,0.018050082529615173,0.049032909881407724,0.23288958611619956,0.05275555193638672,0.040775085851659586,0.019355322037733883,0.18664355016142017,-0.03247257777158267,0.04770097269095318,0.031505054648310424,0.12204061339101001,0.03655178217297031,0.028245035906841704,-0.007774595444911531,0.025188066391655457,0.020295709056169918,0.025947026662336836,0.007690731224190706,-0.006500232453246538,0.004786474123479265,-0.005001145968931405,-0.003709645719395439,0.0050783152355948855
CAND-3238a5ce80c8,0.3790228395848717,0.32807722905871634,0.3378234798140294,0.3399798819507043,0.3137643869114158,0.32909865699963337,0.221116073250561,0.20507833946620213,0.22860844510167144,0.14698873644050994,0.05392853729449196,0.3654958619209816,0.18151736673376007,0.3657908519491157,0.12343916566446311,,,,0.13379369991095938,0.2879420147061502,0.3088254384276858,0.40301214751382075,0.3701673654492471,0.270919946105162,0.4245312406841432,0.7022637808031466,0.7949832876292824,0.012401868809889824,0.437267274044411,0.3309432707888305,0.4456794242394895,0.8108563627400538,,,0.44390362058233873,0.4548832854239705,0.34061550041651856,-0.1416492230340003,0.018050082529615173,1.0,0.4296235523633241,0.00463239972838155,-0.08385234098491941,0.3834851995398174,0.6962800056048071,0.06314842221379263,0.3930350902299865,0.406764951186046,0.3685489036183699,0.3996399614778521,0.46493791954475944,0.40418281759480695,0.005753255950279509,0.43221450890052804,0.7246824922319133,0.3459219314809871,0.16557858416317625,0.15114108085957537,0.12411800490582126,0.19128393861765003,0.1919052388703471,0.16844590115351157
VAL-PEPB-DOUBLE-020,0.16241500245373194,0.10149764551173811,0.10808517927830674,0.10034483438282445,0.054207809395639295,0.08420136085090836,0.12411571104836959,0.012574871546470603,0.019554952195678797,0.01592302111437989,0.0018636905046526412,0.34957815992895636,0.020570943065475064,0.3533256437981946,0.0322290918865366,,,,0.09556279393731666,0.18188922172579886,0.6875505954635207,0.24275247764186184,0.6763757146756766,0.37093710886414255,0.785494795467019,0.3589669386165195,0.4050939636756524,0.03245946162435269,0.8768795365708597,0.8843891101234315,0.961943931026686,0.4776299387038956,,,0.9901308852949787,0.8466615864888248,0.5458038141563882,-0.0020044163907944317,0.049032909881407724,0.4296235523633241,1.0,0.1048680254010362,-0.20316242598264295,0.7887638255380143,0.5577732481586036,0.09430322054270357,0.1773350597586839,0.7953759419305592,0.6854365272422352,0.7379253110201667,0.954123067361881,0.7347358143730254,-0.0041307334314693855,0.7826994969351042,0.34392941805601845,0.6693614044171736,0.005891648538653064,-0.002988905665761575,-0.006665885762598642,0.3317625386880153,0.3320728137648157,0.3158912651499727
VAL-WIZ-CITICS-020,0.0020278450295092114,-0.010611558261324318,-0.02028167176446548,0.0069486445158148235,-0.015318723946490202,0.001815333255539356,-0.06237694169460353,0.042078164315091704,0.08097029720337161,-0.004341520665479591,-0.029993025874647816,0.020535445921486973,0.02327550634590851,0.018612977747785225,0.0957897690499258,,,,-0.034576568490782764,0.030169945205833874,0.3321758446176341,0.048700831678319706,0.14097899815659376,-0.13851654661698906,0.23350310291949575,0.004010563426205646,0.021142842688138146,0.16485315056010283,0.14401683409560734,-0.01916659686288802,0.24125548198459465,0.014193169350074749,,,0.10697697425269037,0.11474835749118982,0.17905103610101833,-0.001971599947842321,0.23288958611619956,0.00463239972838155,0.1048680254010362,1.0,-0.09918967428943186,0.20575517701318638,0.000775581084853878,0.8759248368517923,0.009877707743061716,0.2876432182594134,0.19775288242619116,0.3194315643838116,0.06429119812941536,0.25326495731705384,-0.004063104779744759,0.19937133781310856,-0.016822663876998628,0.15846318755838537,0.056948923419761655,-0.003281235338050352,-0.014465857649553687,0.013477836019837604,0.013538956492864528,-0.011509536546709628
CAND-091fee38cd01,0.046825060874819725,0.08788479534819894,0.07882248639689078,0.07509738486716412,0.09614123512718685,0.06529981526716437,0.04444271152068426,0.0694354358773964,0.19196254317873795,0.03493579734976941,0.06656949162600971,-0.04622653322671967,0.07858467921580788,-0.03650040238441251,0.16677476710451236,,,,-0.10580264083758056,0.030840133378035588,0.2888463932700095,-0.020201658033803305,0.1253907890211863,-0.0285656170678825,0.1870182879027603,-0.06106581987427776,-0.05747441356516843,0.03523278747414031,0.12449349364460055,-0.27621684197412916,-0.19872023394960076,-0.11204517718872471,,,-0.12617310687834696,0.04438317124201326,0.182944481705004,-0.0009230262765758417,0.05275555193638672,-0.08385234098491941,-0.20316242598264295,-0.09918967428943186,1.0,0.138317969045512,-0.14340672293087472,0.14685778067599997,-0.05480917091021448,0.11426768961377554,0.15636779014401087,-0.0054446564847125895,-0.15530129046753313,0.10083898370546869,-0.0019021873480416784,0.047163812598181226,-0.08621986461135253,0.24091925239742518,0.07259902680740518,-0.0018286950504246605,0.04291864609803053,-0.042706443023658155,-0.042660804509634866,-0.017108723442929897
CAND-65ae80c577c9,0.20662515180224755,0.16379367956289534,0.16357475468177965,0.1559738505446679,0.12074203678276306,0.13255130715619798,0.1306316215204228,0.06901028030545832,0.16677398366412116,0.011851660261733142,0.044239563513085486,0.33771654523388345,0.0770860487055397,0.34699748940544073,0.1577107014885157,,,,0.06685889330063373,0.25494932108311485,0.7391720648646708,0.24450838717546866,0.6823649001408122,0.3454627929230226,0.8632925452279888,0.3347308256204377,0.3725763217476124,0.029153076877428734,0.8916167392568723,0.6358378539042621,0.8243350719154233,0.44092190900349815,,,0.8341251333717037,0.9394998669346608,0.6715231349761842,-0.0024531990692365745,0.040775085851659586,0.3834851995398174,0.7887638255380143,0.20575517701318638,0.138317969045512,1.0,0.4510731483192769,0.2762734918188229,0.17536555966152173,0.8996895360663641,0.9342070318293317,0.7493757863008758,0.865292414354882,0.9364539591677693,-0.0050555919697547426,0.9357130472272097,0.30896612998691303,0.9434032327698701,0.05827039385005923,-0.004082736706328536,-0.04360665105608259,0.2938555480521039,0.2952605435763361,0.31212436637467056
CAND-5e3284032a17,0.3963207505441374,0.33568762459988283,0.3405875646427717,0.3371061851266604,0.31633913431139754,0.34472241649797764,0.26887098626369677,0.1466398169793965,0.12206825505319822,0.08785099123848797,0.09264963867496238,0.49694904428860265,0.17570456807340382,0.493904283673742,-0.01841827758368502,,,,0.17726678389724448,0.2602777056983581,0.34365164213187527,0.38829004127423145,0.4433534097697135,0.2964892565632801,0.45096311690642416,0.7913676869669332,0.7465707366279655,0.013197555849341465,0.49509731066214474,0.5154077050420535,0.552586118657913,0.7559104478269976,,,0.5632440635518637,0.5139229079699027,0.338323193958622,-0.0054698502283799496,0.019355322037733883,0.6962800056048071,0.5577732481586036,0.000775581084853878,-0.14340672293087472,0.4510731483192769,1.0,-9.767073760877852e-05,0.36387039261202325,0.45561432187316714,0.4040398683145467,0.40970616560574563,0.5716102591550075,0.4351565065859234,0.008971183637114511,0.48927824338738024,0.6170998400201696,0.3894019607514741,0.07170287237204927,0.10739943897432035,0.1901334558858713,0.2908916496076599,0.28897425149609274,0.1990854444279198
VAL-PB-LOWTURN-035,0.044019496552061214,0.030376657485253606,0.027307753330561742,0.04166518995891288,0.019604597641688096,0.03798260692908502,-0.03105167221883693,0.06525186430153385,0.1415240183573038,0.015701986062974536,0.0072845894184167875,0.04249575937200852,0.06322993363721567,0.04709512631816141,0.1515484992520991,,,,-0.034559360711881947,0.047769211234277444,0.4388281118335293,0.06526303475120614,0.13439749413047683,-0.1291669053065348,0.3064373983267924,0.03204665492734915,0.09460018640038961,0.11624629349098334,0.2691241038061665,-0.09729165846416689,0.25561539827637614,0.03815896593499002,,,0.12556729161649952,0.2232319406581921,0.28176978485962545,-0.0024095431796965186,0.18664355016142017,0.06314842221379263,0.09430322054270357,0.8759248368517923,0.14685778067599997,0.2762734918188229,-9.767073760877852e-05,1.0,0.014818886902594102,0.3994544624848677,0.2499201420285224,0.40937803480513507,0.09345993596305502,0.3108823429268387,-0.00496562521273167,0.2665922691374981,0.016346648525068463,0.2614633502252578,0.07830023427807922,-0.004010082389396931,0.0472549653889309,0.033204213967164484,0.03323542666181399,-0.013838258782033487
CAND-99873fd0bc17,0.7116143461411825,0.6964349902816787,0.7064437188680682,0.7096788775480056,0.6630071193924892,0.6745937527004067,0.5118299107154557,0.3564046287036309,0.2025684226996462,0.18115217679889647,0.3212516533386613,0.5881214045760542,0.4599012487450596,0.5798447713299991,0.09284083562316779,,,,0.2811014025822164,0.5454406422303358,0.15474965470420457,0.5719083491946692,0.14001296017822853,0.23114439100804096,0.18562825271671646,0.4379312854067125,0.45235236515455307,-0.04579555769013997,0.19089168259397962,0.12904281773741194,0.1758787746216816,0.4169139148490023,,,0.18245334054122675,0.1902255699028349,0.08460555382945152,0.04553265452056606,-0.03247257777158267,0.3930350902299865,0.1773350597586839,0.009877707743061716,-0.05480917091021448,0.17536555966152173,0.36387039261202325,0.014818886902594102,1.0,0.1691370228081528,0.16577325613130314,0.18769424198102602,0.20336842237153518,0.17174175406939324,0.04076868913096218,0.17981094927376604,0.4349652061579423,0.14905468438974365,0.2257226110463881,0.09235770452492664,0.09476901156068002,0.3108326614253207,0.31726888581950097,0.26647208683929885
CAND-bb0b9f37ce93,0.21266662505180556,0.16396976076393646,0.16962581352223696,0.16046478933016858,0.12164178197209549,0.1302588928398978,0.12799115711952058,0.08692217019720398,0.15188942618397525,0.017595842338325687,0.023192537896017048,0.3239412504637735,0.07156952872627374,0.335436154305817,0.13672293792592846,,,,0.08967891980968065,0.22612986091309156,0.7305388570987327,0.25424956324153,0.7229509670347672,0.30901358553894986,0.8505707806877795,0.3657815131229994,0.4255115094241964,0.03257140135672021,0.8696988669574225,0.5858228640565165,0.8308269135322096,0.44808327980185425,,,0.8473808511097678,0.8921660103628797,0.6939956598527098,-0.0031650196811343783,0.04770097269095318,0.406764951186046,0.7953759419305592,0.2876432182594134,0.11426768961377554,0.8996895360663641,0.45561432187316714,0.3994544624848677,0.1691370228081528,1.0,0.8670575501086127,0.7372891015634657,0.8497156770585683,0.9105349268590675,-0.006522523298135013,0.8933801209125636,0.3228121781548444,0.8389438904322075,0.09034037669055045,-0.005267384204756283,0.02810375997215984,0.29371117714845973,0.29624254231266756,0.2752701420056439
CAND-9519cb55d6b7,0.1950773352321267,0.16039793848473133,0.15672620019724492,0.15505936061871686,0.1266665068545345,0.12422621778377214,0.11345267975046816,0.07974038239680326,0.17215089768915404,0.014722481422845535,0.040011747548245345,0.306824507610573,0.07620478487262877,0.3144974439793503,0.15882268169547245,,,,0.0766469384934768,0.23569272250420223,0.6641044201393862,0.23251812741157785,0.6743495227997726,0.32369074450923857,0.8252641901992832,0.31363770808883135,0.35820115383517526,0.022183405403457663,0.8173673566620517,0.5281898975987673,0.7007223349835301,0.39313422000250753,,,0.739392358643015,0.8857037684797419,0.6771263501293435,-0.0030508550184961745,0.031505054648310424,0.3685489036183699,0.6854365272422352,0.19775288242619116,0.15636779014401087,0.9342070318293317,0.4040398683145467,0.2499201420285224,0.16577325613130314,0.8670575501086127,1.0,0.6743392136595348,0.7830749753062269,0.968541411080701,-0.006287250931166813,0.9379616196773662,0.3017546036249766,0.910531691415288,0.06654569647206947,-0.005077385657731046,-0.009621560462141082,0.2628168270274159,0.2636872191437106,0.2799043820668946
VAL-PE-ZZ500-020,0.16910314121398096,0.11502814793595158,0.11375781223972058,0.10872981512481146,0.07290613585928521,0.10165460125789662,0.0949293115657125,0.01194925097340126,0.03830564956544026,0.018742725955793266,0.041571147006125964,0.32726316256994314,0.019527172066843287,0.3285698569931452,0.049010547640547734,,,,0.02267732787058652,0.17624970661137038,0.8240123434522866,0.22232802665222617,0.6109133448724169,0.29094535648465947,0.8242611633261663,0.3270311601349262,0.4086828833390622,0.12419378671286962,0.8433951302458449,0.4873205099510461,0.7561969642197374,0.4191280324921419,,,0.7443382006313662,0.8193042317404455,0.626781849711302,-0.0023790377200672897,0.12204061339101001,0.3996399614778521,0.7379253110201667,0.3194315643838116,-0.0054446564847125895,0.7493757863008758,0.40970616560574563,0.40937803480513507,0.18769424198102602,0.7372891015634657,0.6743392136595348,1.0,0.7726397992062065,0.7226127130989205,-0.004902759072486812,0.71272190846574,0.30515254771668904,0.6387366757519395,-0.011958613196946586,-0.0038791983079859544,0.021231894601345735,0.3003758273471253,0.30224682983057355,0.33643493455502366
CAND-38cceabf3946,0.2030620013061722,0.14020202141297583,0.147794809380905,0.1361351217952418,0.0907889642625793,0.11770166041654101,0.1346330569226694,0.041057641624925166,0.046796416805109695,0.022854935659810335,0.01890989581818304,0.3745948343306858,0.03280705244300299,0.38183806012498156,0.04158842788942321,,,,0.09129863867560453,0.22043392837544684,0.69041574660704,0.26850668765369423,0.6890684748361855,0.40537668787615055,0.8411858612181028,0.39562594199886464,0.4460016579496194,0.026104735229206998,0.9041918013975696,0.8387827472115686,0.9398300735561989,0.518648050254383,,,0.9735864089160973,0.9261244217489678,0.6383922386219144,-0.002269784522393386,0.03655178217297031,0.46493791954475944,0.954123067361881,0.06429119812941536,-0.15530129046753313,0.865292414354882,0.5716102591550075,0.09345993596305502,0.20336842237153518,0.8497156770585683,0.7830749753062269,0.7726397992062065,1.0,0.802133243972882,-0.004677608331254023,0.8750432877205359,0.37383274652734266,0.7789760445734273,0.004529841416851106,-0.003777489035129825,-0.010493349535882691,0.3432335161207329,0.343694435006548,0.3406418815670384
CAND-b1fb7e2246dd,0.1949299469403594,0.1502650133998383,0.15024119948152695,0.14576162980184104,0.11460184690569399,0.11335757808718318,0.11864301748683063,0.06834538941670111,0.15439732669726136,0.013582735171895916,0.028221026928166065,0.3158424708327906,0.07195540200570194,0.3230661660600484,0.14600896873921207,,,,0.10591314880381485,0.23506429943386786,0.6727979022838101,0.2448506526606491,0.7535425332341125,0.3260788119905835,0.8288598929114114,0.3436383554460444,0.3978435564222429,0.01998581190210304,0.8468442005252107,0.5389424216044754,0.7759778645953261,0.4258369313664483,,,0.7793594629499503,0.9066374582519683,0.668805835177192,-0.0027909208818626863,0.028245035906841704,0.40418281759480695,0.7347358143730254,0.25326495731705384,0.10083898370546869,0.9364539591677693,0.4351565065859234,0.3108823429268387,0.17174175406939324,0.9105349268590675,0.968541411080701,0.7226127130989205,0.802133243972882,1.0,-0.005751574495320807,0.9497562240469625,0.32877318627573987,0.8901849571700104,0.08756662855618035,-0.004644790254378154,-0.00855584031308921,0.2815457016350449,0.2825234828672861,0.2950398876458372
CAND-e8017cc1adc5,-0.044931849352260224,-0.03815210582337747,-0.0442457843608122,-0.024244157246520244,-0.05487329446534288,-0.026197347350673205,-0.005079641013606985,0.008572265793174235,0.003659728445451448,0.01609120456994768,-0.009117645806185843,0.016250527603119146,-0.05667279098821281,0.016018454396668064,-0.00042095210004098975,,,,0.07283527075469563,-0.032304318485344534,-0.0037757411840628422,-0.023455840689857323,-0.005477959397710092,0.052961591194234166,-0.0021155263291017536,-0.024963210544136864,-0.012407013567128894,-0.00561241111716762,-0.003917287885128537,-0.003091745302477662,-0.003955957384728389,0.006982143585994581,,,-0.004397610546794506,-0.00541275374504802,-0.004456627985207618,-0.0020386363174683406,-0.007774595444911531,0.005753255950279509,-0.0041307334314693855,-0.004063104779744759,-0.0019021873480416784,-0.0050555919697547426,0.008971183637114511,-0.00496562521273167,0.04076868913096218,-0.006522523298135013,-0.006287250931166813,-0.004902759072486812,-0.004677608331254023,-0.005751574495320807,1.0,-0.00478207951648116,0.0102175691492485,-0.004479972417835731,0.03510507776594334,-0.0033928006204456073,-0.0034523612709384094,-0.03554458086651938,-0.036084506712626835,-0.043298505552111205
CAND-79ae77fb3af7,0.2085299016776479,0.15508575013761317,0.15943374107213862,0.15127021105745564,0.11688125643480428,0.12602321570891534,0.13275687672634817,0.06717198843058907,0.14462342937808081,0.003315072289878279,0.0384887828017304,0.3351415796359082,0.06782938487588597,0.34422115074400167,0.1294447158289084,,,,0.10283766063118978,0.23752290566093717,0.7000675908544445,0.2591294751579973,0.7166761389627716,0.3679726541655586,0.8443534631002396,0.36266012525525265,0.426380602157549,0.017933951819260465,0.8725105988832014,0.667127220600159,0.828847551527423,0.4595442491148864,,,0.832363515619586,0.9435742012518662,0.7387681656919691,-0.002320478608445922,0.025188066391655457,0.43221450890052804,0.7826994969351042,0.19937133781310856,0.047163812598181226,0.9357130472272097,0.48927824338738024,0.2665922691374981,0.17981094927376604,0.8933801209125636,0.9379616196773662,0.71272190846574,0.8750432877205359,0.9497562240469625,-0.00478207951648116,1.0,0.3485541057120558,0.9052369832048394,0.07245637385081269,-0.0038618566710530234,-0.0129791373084489,0.29700967170599246,0.2981534619027723,0.3044458463706744
VAL-DIV-PRETTY50-010,0.3666400276891913,0.33832311103413254,0.3420530760411097,0.3469209028267807,0.33181372567401735,0.32742755880671726,0.21747371329028306,0.16389448807977544,0.2238044333001695,0.16011627550088547,0.12789089991296343,0.37113379552850456,0.15139706346849705,0.3495004044290158,0.13223982779026075,,,,0.15307107644886878,0.34384321543008645,0.2275569563413425,0.3672231674047742,0.31777981347431783,0.2544302385018247,0.3226495458580774,0.7237063532005577,0.7512233459017775,0.013867983740756075,0.3386488408426716,0.26046087246878613,0.34636399476507224,0.8260833859085771,,,0.3510247324014237,0.36157483841671173,0.2518127584504086,0.026109402893085946,0.020295709056169918,0.7246824922319133,0.34392941805601845,-0.016822663876998628,-0.08621986461135253,0.30896612998691303,0.6170998400201696,0.016346648525068463,0.4349652061579423,0.3228121781548444,0.3017546036249766,0.30515254771668904,0.37383274652734266,0.32877318627573987,0.0102175691492485,0.3485541057120558,1.0,0.2840844891084631,0.14361522394186427,0.1858223741028229,0.11823665177293768,0.15604109839681415,0.15576054040863022,0.15838401441893757
CAND-0319395c57a7,0.18276124918478032,0.15497024485260216,0.15438145368252215,0.14591397865281105,0.1179356976545966,0.1227843102874018,0.11535049622947986,0.08377336343857555,0.1795641655684699,0.01769708601065857,0.03360475004760223,0.29457098145052846,0.08405725122579193,0.3025713223015368,0.16946743261705915,,,,0.06594033828250345,0.25675414516500855,0.6398433601836198,0.21872875320229646,0.6601222624205714,0.29229381850501307,0.8062954773811651,0.27685645883676474,0.3196194725176745,0.018693316376500044,0.8081667444208455,0.5414375760765556,0.7125855084268041,0.39605394628275,,,0.7308739757214002,0.8812423090775884,0.7407090853199697,-0.002173882748328933,0.025947026662336836,0.3459219314809871,0.6693614044171736,0.15846318755838537,0.24091925239742518,0.9434032327698701,0.3894019607514741,0.2614633502252578,0.14905468438974365,0.8389438904322075,0.910531691415288,0.6387366757519395,0.7789760445734273,0.8901849571700104,-0.004479972417835731,0.9052369832048394,0.2840844891084631,1.0,0.07233346779040825,-0.0036178845015699805,-0.06432174496500315,0.24775947042013388,0.24861255643467645,0.26099774215503246
CAND-2b351fd05d5f,0.22464069994878444,0.2417686556045802,0.25354552388979334,0.249410635271041,0.2381154989635134,0.2249272350634287,0.1617681071224195,0.1639097472235192,0.11872590201836825,0.28151456287857957,0.06673885592943866,0.14634067773977358,0.27380746115393456,0.13894434782626108,0.004125634556119483,,,,0.12834925494521265,0.3382072393454529,0.054394792817959066,0.2625865807485833,0.047671823553176625,0.14539356394442346,0.05065554259163608,0.11675720395576494,0.1550575427468999,-0.012150077047512989,0.0429875803080079,-0.007453002686995373,0.034599088523974954,0.14084455595890083,,,0.02021295515858912,0.03882655255763903,0.06505026551347619,0.005749481550710657,0.007690731224190706,0.16557858416317625,0.005891648538653064,0.056948923419761655,0.07259902680740518,0.05827039385005923,0.07170287237204927,0.07830023427807922,0.2257226110463881,0.09034037669055045,0.06654569647206947,-0.011958613196946586,0.004529841416851106,0.08756662855618035,0.03510507776594334,0.07245637385081269,0.14361522394186427,0.07233346779040825,1.0,-0.005807750707872577,0.05263262542519356,0.09896668967688085,0.10372692330235486,0.042449560463507584
CAND-6cb29d4d9ba8,0.07463353144586386,0.08228406401617631,0.07939157144773017,0.08347957449561959,0.08342027100916133,0.08950423853445949,0.005558303350417015,0.18129776450033352,0.0033268713118240157,0.012143691436587735,0.07232446062194713,0.0032820933610725345,0.0025793612083579893,0.003019554839323512,-0.00027571639269092455,,,,0.021883763269069018,0.04921802844466484,-0.0030491695567982182,0.11536829499818149,-0.00442382732677165,-0.0014440947435183315,-0.0017084323752193868,0.24299707117281052,0.2513128861221363,-0.004440615135415594,-0.0031634782105736652,-0.002496796044570169,-0.003194706479464071,0.1289890280356182,,,-0.0035513716508269516,-0.004371169297172709,-0.003521640978398625,-0.0016463384256435961,-0.006500232453246538,0.15114108085957537,-0.002988905665761575,-0.003281235338050352,-0.0018286950504246605,-0.004082736706328536,0.10739943897432035,-0.004010082389396931,0.09235770452492664,-0.005267384204756283,-0.005077385657731046,-0.0038791983079859544,-0.003777489035129825,-0.004644790254378154,-0.0033928006204456073,-0.0038618566710530234,0.1858223741028229,-0.0036178845015699805,-0.005807750707872577,1.0,0.2641165978083196,-0.003659433122984145,-0.004188087461035386,0.09504843157417558
CAND-9c0136ec8f42,0.15430861508774724,0.15759261424154317,0.17193622046829216,0.12191041367751065,0.17390168443463352,0.13736552580675512,0.08875361954655063,0.07017301200737965,0.05554161466394806,0.07874253911897289,0.16672907193752937,0.04409145045046905,0.08397154036440957,0.04640981948548275,0.0516977956142168,,,,0.0009610277411394948,0.03268406119501821,0.06378267542769865,0.016054389401737,0.027539541709817372,0.12599232289855097,0.02163098723532757,0.3304917990199155,0.24836210871448688,0.006396670377979323,0.036990018425642236,-0.04627617097099022,-0.035040475107491656,0.11184735321765649,,,-0.0038178165446746547,0.008782273570526827,-0.02491469218468225,-0.0016752399139809062,0.004786474123479265,0.12411800490582126,-0.006665885762598642,-0.014465857649553687,0.04291864609803053,-0.04360665105608259,0.1901334558858713,0.0472549653889309,0.09476901156068002,0.02810375997215984,-0.009621560462141082,0.021231894601345735,-0.010493349535882691,-0.00855584031308921,-0.0034523612709384094,-0.0129791373084489,0.11823665177293768,-0.06432174496500315,0.05263262542519356,0.2641165978083196,1.0,-0.00823487857694093,-0.025467356179080722,0.029368662379705226
CAND-c30a620e114d,0.38629155768938545,0.3961294866334712,0.40118983789347495,0.3931907452073051,0.29310434419543824,0.32232472982831206,0.42562683546064395,0.21371865568374657,0.04352323621778861,0.12116655534043633,0.07076944347792856,0.5042554569788508,0.3877704575768964,0.49696098024339547,-0.05701376067674106,,,,0.14804048205718823,0.28940566649484706,0.2686901469319772,0.5920220675239307,0.27555404324657085,0.33442386002524493,0.3159542421621828,0.21750850977602834,0.20108635083203727,0.014210166433869175,0.33602168620901335,0.27277654151772435,0.33504211432551845,0.24895799952180062,,,0.33946775022117764,0.32893922784001567,0.21617644620157356,0.027331138514157693,-0.005001145968931405,0.19128393861765003,0.3317625386880153,0.013477836019837604,-0.042706443023658155,0.2938555480521039,0.2908916496076599,0.033204213967164484,0.3108326614253207,0.29371117714845973,0.2628168270274159,0.3003758273471253,0.3432335161207329,0.2815457016350449,-0.03554458086651938,0.29700967170599246,0.15604109839681415,0.24775947042013388,0.09896668967688085,-0.003659433122984145,-0.00823487857694093,1.0,0.9879236925974769,0.3222619777751178
CAND-c21459b71a42,0.3848323071284966,0.40030975437692534,0.40517753458988354,0.39478731688943275,0.2931786737425241,0.3266958292676884,0.430975705302206,0.21232709228932797,0.04410516813689088,0.11501621617669525,0.06721361714838552,0.507891772571726,0.38738832585772426,0.50052575129938,-0.06687063582116065,,,,0.14497896160918144,0.29159037203528354,0.27115776249858536,0.6019037500405694,0.2769996180468077,0.3364456166498861,0.317414715458073,0.21569230493376204,0.20115637426654442,0.015839259982507823,0.33692107379822617,0.27181109595843705,0.3352219777224984,0.2506986711108148,,,0.3393877376904364,0.3298153792483136,0.2176500934793133,0.03405657991782806,-0.003709645719395439,0.1919052388703471,0.3320728137648157,0.013538956492864528,-0.042660804509634866,0.2952605435763361,0.28897425149609274,0.03323542666181399,0.31726888581950097,0.29624254231266756,0.2636872191437106,0.30224682983057355,0.343694435006548,0.2825234828672861,-0.036084506712626835,0.2981534619027723,0.15576054040863022,0.24861255643467645,0.10372692330235486,-0.004188087461035386,-0.025467356179080722,0.9879236925974769,1.0,0.3261520094629626
CAND-e40a0a1bcda8,0.22825704036184344,0.23079702000335287,0.22913066834335577,0.22758046613786442,0.1799598825434774,0.17446849046501944,0.24924405246494963,0.1395247472611527,-0.02023483087482995,-0.017063886336559145,0.11091144004973356,0.27059290346738024,0.10698819939858761,0.2706001492765203,0.021378959823632845,,,,0.14845833192165941,0.21242833467761502,0.2948302454564649,0.3122987107023245,0.28917569251706954,0.20337722583800733,0.33603422741786904,0.15865503473847317,0.1944033974092177,-0.007687607514908645,0.3416860357807438,0.24658094007773673,0.30656361699464507,0.20936998781897972,,,0.31951026089268836,0.3418369892611242,0.21670468233406556,-0.009465681872349052,0.0050783152355948855,0.16844590115351157,0.3158912651499727,-0.011509536546709628,-0.017108723442929897,0.31212436637467056,0.1990854444279198,-0.013838258782033487,0.26647208683929885,0.2752701420056439,0.2799043820668946,0.33643493455502366,0.3406418815670384,0.2950398876458372,-0.043298505552111205,0.3044458463706744,0.15838401441893757,0.26099774215503246,0.042449560463507584,0.09504843157417558,0.029368662379705226,0.3222619777751178,0.3261520094629626,1.0
