strategy_id,source_file,file_exists,is_sharpe,deflated_sharpe,max_drawdown,turnover,num_trials,is_sharpe_for_gate,is_sharpe_is,is_ref_from_notes,screen_batch,screened_at,n_oos_rows,oos_batches,first_oos_at,last_oos_at
FACT-4db4c41e,scripts/backtest/translated/c4_fact_4db4c41e.py,True,1.599,0.1448,-0.2528,0.0,5,0.901,0.901,0.901,C4-OOS-2024-2026,2026-09-15 11:September:44,1,C4-OOS-2024-2026,2026-09-15 11:September:44,2026-09-15 11:September:44
FACT-4f749668,scripts/backtest/translated/c4_fact_4f749668.py,True,1.377,0.0781,-0.2371,0.1443,5,0.718,0.718,0.718,C4-OOS-2024-2026,2026-09-15 11:September:44,1,C4-OOS-2024-2026,2026-09-15 11:September:44,2026-09-15 11:September:44
FACT-4228020a,scripts/backtest/translated/c4_fact_4228020a.py,True,1.314,0.0628,-0.2417,0.1451,5,0.755,0.755,0.755,C4-OOS-2024-2026,2026-09-15 11:September:44,1,C4-OOS-2024-2026,2026-09-15 11:September:44,2026-09-15 11:September:44
FACT-e293e217,scripts/backtest/translated/c4_fact_e293e217.py,True,1.297,0.0592,-0.2418,0.1101,4497,0.491,0.491,0.491,C4-OOS-2024-2026,2026-09-16 12:September:34,1,C4-OOS-2024-2026,2026-09-16 12:September:34,2026-09-16 12:September:34
FACT-4b200528,scripts/backtest/translated/c4_fact_4b200528.py,True,1.274,0.0571,-0.2985,0.2609,5,0.353,0.353,0.353,C4-OOS-2024-2026,2026-09-15 11:September:44,1,C4-OOS-2024-2026,2026-09-15 11:September:44,2026-09-15 11:September:44
FACT-e831084c,scripts/backtest/translated/c4_fact_e831084c.py,True,1.261,0.0556,-0.2558,0.2517,5,0.205,0.205,0.205,C4-OOS-2024-2026,2026-09-15 11:September:44,1,C4-OOS-2024-2026,2026-09-15 11:September:44,2026-09-15 11:September:44
CAND-8d000bf3ccc3,scripts/backtest/translated/c4_8d000bf3ccc3_pb_poe.py,True,1.173,0.0,-0.3469,0.0246,51,0.563,0.563,-0.751,C4-OOS2-20260914,2026-09-14 05:September:09,2,C4-OOS2-20260914,2026-09-14 05:September:09,2026-09-14 05:September:09
CAND-c4ec6332c07f,scripts/backtest/translated/c4_c4ec6332c07f_trend_score.py,True,1.005,0.0197,-0.1096,0.0241,51,-0.118,-0.118,-0.118,C4-OOS2-20260914,2026-09-14 05:September:09,3,C4-OOS-2024-2026|C4-OOS2-20260913|C4-OOS2-20260914,2026-09-13 01:September:20,2026-09-14 05:September:09
CAND-e3da6fa71af1,scripts/backtest/translated/c4_e3da6fa71af1_panic_rebound.py,True,0.834,0.0103,-0.1039,0.005,51,1.15,1.15,1.15,C4-OOS2-20260914,2026-09-14 05:September:09,4,C4-2016-2019-sample3|C4-OOS-2024-2026|C4-OOS2-20260913|C4-OOS2-20260914,2026-09-13 01:September:20,2026-09-14 05:September:09
CAND-4440d07f973f,scripts/backtest/translated/c4_4440d07f973f_ultrashort.py,True,0.795,0.0094,-0.3165,0.3394,51,0.07,0.07,0.07,C4-OOS2-20260914,2026-09-14 05:September:09,3,C4-OOS-2024-2026|C4-OOS2-20260913|C4-OOS2-20260914,2026-09-13 01:September:20,2026-09-14 05:September:09
CAND-a4543012b464,scripts/backtest/translated/c4_a4543012b464_trend5.py,True,0.795,0.0086,-0.4784,0.2164,51,-0.308,-0.308,-0.308,C4-OOS2-20260914,2026-09-14 05:September:09,3,C4-OOS-2024-2026|C4-OOS2-20260913|C4-OOS2-20260914,2026-09-13 01:September:20,2026-09-14 05:September:09
CAND-eaddc3f9db4e,scripts/backtest/translated/c4_eaddc3f9db4e_rsrs_r2.py,True,0.793,0.009,-0.1299,0.0108,51,-0.471,-0.471,-0.471,C4-OOS2-20260914,2026-09-14 05:September:09,4,C4-2016-2019-sample3|C4-OOS-2024-2026|C4-OOS2-20260913|C4-OOS2-20260914,2026-09-13 01:September:20,2026-09-14 05:September:09
CAND-29eb91dbaf60,scripts/backtest/translated/c4_29eb91dbaf60_crash_dodge.py,True,0.767,0.0066,-0.109,0.0008,51,0.037,0.037,0.037,C4-OOS2-20260914,2026-09-14 05:September:09,3,C4-OOS-2024-2026|C4-OOS2-20260913|C4-OOS2-20260914,2026-09-13 01:September:20,2026-09-14 05:September:09
CAND-d06cab686cef,scripts/backtest/translated/c4_d06cab686cef_rsrs_opt.py,True,0.713,0.0063,-0.1478,0.0141,51,-0.292,-0.292,-0.292,C4-OOS2-20260914,2026-09-14 05:September:09,4,C4-2016-2019-sample3|C4-OOS-2024-2026|C4-OOS2-20260913|C4-OOS2-20260914,2026-09-13 01:September:20,2026-09-14 05:September:09
CAND-dc5b80aa3614,scripts/backtest/translated/c4_dc5b80aa3614_tsmall100.py,True,0.694,0.005,-0.4239,0.039,51,1.066,1.066,1.066,C4-OOS2-20260914,2026-09-14 05:September:09,1,C4-OOS2-20260914,2026-09-14 05:September:09,2026-09-14 05:September:09
CAND-fd47fa0e6401,scripts/backtest/translated/c4_fd47fa0e6401_macd_resonance.py,True,0.67,0.0049,-0.2533,0.5335,51,-1.46,-1.46,-1.46,C4-OOS2-20260914,2026-09-14 05:September:09,3,C4-OOS-2024-2026|C4-OOS2-20260913|C4-OOS2-20260914,2026-09-13 01:September:20,2026-09-14 05:September:09
CAND-12286499cb19,scripts/backtest/translated/c4_12286499cb19_rsrs_60m.py,True,0.657,0.0048,-0.1299,0.0108,51,-0.364,-0.364,-0.364,C4-OOS2-20260914,2026-09-14 05:September:09,4,C4-2016-2019-sample3|C4-OOS-2024-2026|C4-OOS2-20260913|C4-OOS2-20260914,2026-09-13 01:September:20,2026-09-14 05:September:09
CAND-5efe26d1992e,scripts/backtest/translated/c4_5efe26d1992e_rsrs_timing.py,True,0.635,0.0044,-0.1514,0.0108,51,-0.523,-0.523,-0.523,C4-OOS2-20260914,2026-09-14 05:September:09,4,C4-2016-2019-sample3|C4-OOS-2024-2026|C4-OOS2-20260913|C4-OOS2-20260914,2026-09-13 01:September:20,2026-09-14 05:September:09
CAND-7f7e5f935dfc,scripts/backtest/translated/c4_7f7e5f935dfc_dmi_timing.py,True,0.552,0.0029,-0.1888,0.0175,51,0.204,0.204,0.204,C4-OOS2-20260914,2026-09-14 05:September:09,3,C4-OOS-2024-2026|C4-OOS2-20260913|C4-OOS2-20260914,2026-09-13 01:September:20,2026-09-14 05:September:09
CAND-9ce75aa27ce5,scripts/backtest/translated/c4_9ce75aa27ce5_bluechip_ma.py,True,0.537,0.0025,-0.1801,0.1324,51,0.091,0.091,0.091,C4-OOS2-20260914,2026-09-14 05:September:09,3,C4-OOS-2024-2026|C4-OOS2-20260913|C4-OOS2-20260914,2026-09-13 01:September:20,2026-09-14 05:September:09
CAND-c72318f2da1c,scripts/backtest/translated/c4_c72318f2da1c_bias_ql.py,True,0.526,0.0024,-0.1832,0.1837,51,0.16,0.16,0.16,C4-OOS2-20260914,2026-09-14 05:September:09,3,C4-OOS-2024-2026|C4-OOS2-20260913|C4-OOS2-20260914,2026-09-13 01:September:20,2026-09-14 05:September:09
CAND-6485e4cd0844,scripts/backtest/translated/c4_6485e4cd0844_kdj_timing.py,True,0.511,0.0025,-0.1223,0.0166,51,-0.058,-0.058,-0.058,C4-OOS2-20260914,2026-09-14 05:September:09,3,C4-OOS-2024-2026|C4-OOS2-20260913|C4-OOS2-20260914,2026-09-13 01:September:20,2026-09-14 05:September:09
CAND-f284270f0ef0,scripts/backtest/translated/c4_f284270f0ef0_macd_timing.py,True,0.427,0.0015,-0.1778,0.0416,51,-0.357,-0.357,-0.357,C4-OOS2-20260914,2026-09-14 05:September:09,3,C4-OOS-2024-2026|C4-OOS2-20260913|C4-OOS2-20260914,2026-09-13 01:September:20,2026-09-14 05:September:09
CAND-311220235636,scripts/backtest/translated/c4_311220235636_slater_value.py,True,0.426,0.0,-0.2404,0.0245,51,-0.03,-0.03,-0.485,C4-OOS2-20260914,2026-09-14 05:September:09,2,C4-OOS2-20260914,2026-09-14 05:September:09,2026-09-14 05:September:09
CAND-8664521af1a0,scripts/backtest/translated/c4_8664521af1a0_snake_cap.py,True,0.404,0.0012,-0.4078,0.0307,4487,0.397,0.397,0.397,C4-OOS-2024-2026,2026-09-15 18:September:14,1,C4-OOS-2024-2026,2026-09-15 18:September:14,2026-09-15 18:September:14
CAND-c7a8ddbab748,scripts/backtest/translated/c4_c7a8ddbab748_ma10_ma5.py,True,0.314,0.0008,-0.1762,0.0283,51,-0.25,-0.25,-0.25,C4-OOS2-20260914,2026-09-14 05:September:09,3,C4-OOS-2024-2026|C4-OOS2-20260913|C4-OOS2-20260914,2026-09-13 01:September:20,2026-09-14 05:September:09
CAND-06d4cf3d7dcc,scripts/backtest/translated/c4_06d4cf3d7dcc_pairs_zscore.py,True,0.281,0.0007,-0.1204,0.0092,51,-0.061,-0.061,-0.061,C4-OOS2-20260914,2026-09-14 05:September:09,3,C4-OOS-2024-2026|C4-OOS2-20260913|C4-OOS2-20260914,2026-09-13 01:September:20,2026-09-14 05:September:09
CAND-ea8b60272c03,scripts/backtest/translated/c4_ea8b60272c03_300etf_1060.py,True,0.225,0.0005,-0.2029,0.0108,51,-0.314,-0.314,-0.314,C4-OOS2-20260914,2026-09-14 05:September:09,3,C4-OOS-2024-2026|C4-OOS2-20260913|C4-OOS2-20260914,2026-09-13 01:September:20,2026-09-14 05:September:09
CAND-b37f550ba2af,scripts/backtest/translated/c4_b37f550ba2af_gftd.py,True,0.171,0.0004,-0.1611,0.0042,51,-0.125,-0.125,-0.125,C4-OOS2-20260914,2026-09-14 05:September:09,3,C4-OOS-2024-2026|C4-OOS2-20260913|C4-OOS2-20260914,2026-09-13 01:September:20,2026-09-14 05:September:09
CAND-5301c5d9d7c8,scripts/backtest/translated/c4_5301c5d9d7c8_small_cap_hl.py,True,0.156,0.0003,-0.4524,0.1112,4487,0.518,0.518,0.518,C4-OOS-2024-2026,2026-09-15 18:September:14,1,C4-OOS-2024-2026,2026-09-15 18:September:14,2026-09-15 18:September:14
CAND-9c0424f53fe4,scripts/backtest/translated/c4_9c0424f53fe4_zscore_meanrev5.py,True,0.149,0.0003,-0.1464,0.0484,51,-0.405,-0.405,-0.405,C4-OOS2-20260914,2026-09-14 05:September:09,3,C4-OOS-2024-2026|C4-OOS2-20260913|C4-OOS2-20260914,2026-09-13 01:September:20,2026-09-14 05:September:09
CAND-14d3e787ea4b,scripts/backtest/translated/c4_14d3e787ea4b_cgo_factor.py,True,0.0,0.0001,0.0,0.0,51,0.0,0.0,0.0,C4-OOS2-20260914,2026-09-14 05:September:09,3,C4-OOS-2024-2026|C4-OOS2-20260913|C4-OOS2-20260914,2026-09-13 01:September:20,2026-09-14 05:September:09
CAND-1970782c2adb,scripts/backtest/translated/c4_1970782c2adb_ma_pullback.py,True,0.0,0.0001,0.0,0.0,51,0.0,0.0,0.0,C4-OOS2-20260914,2026-09-14 05:September:09,3,C4-OOS-2024-2026|C4-OOS2-20260913|C4-OOS2-20260914,2026-09-13 01:September:20,2026-09-14 05:September:09
CAND-fdbc279fba99,scripts/backtest/translated/c4_fdbc279fba99_rps_oinl.py,True,0.0,0.0001,0.0,0.0,51,0.0,0.0,0.0,C4-OOS2-20260914,2026-09-14 05:September:09,3,C4-OOS-2024-2026|C4-OOS2-20260913|C4-OOS2-20260914,2026-09-13 01:September:20,2026-09-14 05:September:09
CAND-e2e7f033d97c,scripts/backtest/translated/c4_e2e7f033d97c_kd_cross.py,True,-0.048,0.0001,-0.4573,0.0865,51,0.019,0.019,0.019,C4-OOS2-20260914,2026-09-14 05:September:09,3,C4-OOS-2024-2026|C4-OOS2-20260913|C4-OOS2-20260914,2026-09-13 01:September:20,2026-09-14 05:September:09
CAND-6a6ec8869ddb,scripts/backtest/translated/c4_6a6ec8869ddb_momentum62.py,True,-0.062,0.0001,-0.3643,0.2549,51,0.727,0.727,0.727,C4-OOS2-20260914,2026-09-14 05:September:09,3,C4-OOS-2024-2026|C4-OOS2-20260913|C4-OOS2-20260914,2026-09-13 01:September:20,2026-09-14 05:September:09
CAND-751983843b3f,scripts/backtest/translated/c4_backlog3_growth_peg4.py,True,-0.11,0.0001,-0.0725,0.0491,14,-1.143,-1.143,-1.236,C4-OOS3-BACKLOG3-20260915,2026-09-15 03:September:16,1,C4-OOS3-BACKLOG3-20260915,2026-09-15 03:September:16,2026-09-15 03:September:16
CAND-bd42540f86e4,scripts/backtest/translated/c4_bd42540f86e4_pe_pb.py,True,-0.184,0.0,-0.3061,0.0749,51,-0.186,-0.186,,C4-OOS2-20260914,2026-09-14 05:September:09,1,C4-OOS2-20260914,2026-09-14 05:September:09,2026-09-14 05:September:09
VAL-DIV-STEADY-005,scripts/backtest/translated/c4_valuation_v2_div_steady5.py,True,-0.242,0.0,-0.0944,0.0491,6,0.02,0.02,-0.089,C4-OOS3-VAL-20260915,2026-09-15 01:September:54,1,C4-OOS3-VAL-20260915,2026-09-15 01:September:54,2026-09-15 01:September:54
CAND-40ca0da1a3ca,scripts/backtest/translated/c4_40ca0da1a3ca_value55.py,True,-0.27,0.0,-0.1131,0.0682,51,-1.204,-1.204,0.246,C4-OOS2-20260914,2026-09-14 05:September:09,2,C4-OOS2-20260914,2026-09-14 05:September:09,2026-09-14 05:September:09
CAND-2e4d39a3f50b,scripts/backtest/translated/c4_2e4d39a3f50b_multi_ma.py,True,-0.453,0.0,-0.2532,0.0133,51,0.268,0.268,0.268,C4-OOS2-20260914,2026-09-14 05:September:09,3,C4-OOS-2024-2026|C4-OOS2-20260913|C4-OOS2-20260914,2026-09-13 01:September:20,2026-09-14 05:September:09
CAND-4879b2c6f2bb,scripts/backtest/translated/c4_4879b2c6f2bb_div_value.py,True,-0.456,0.0,-0.0896,0.0491,51,0.29,0.29,0.29,C4-OOS2-20260914,2026-09-14 05:September:09,1,C4-OOS2-20260914,2026-09-14 05:September:09,2026-09-14 05:September:09
CAND-21af8c66c15e,scripts/backtest/translated/c4_21af8c66c15e_small_cap.py,True,-0.495,0.0,-0.5855,0.381,51,-1.218,-1.218,-1.218,C4-OOS2-20260914,2026-09-14 05:September:09,1,C4-OOS2-20260914,2026-09-14 05:September:09,2026-09-14 05:September:09
CAND-4da841c734ae,scripts/backtest/translated/c4_backlog3_wiz63_growth_pb2.py,True,-0.509,0.0,-0.2925,0.2105,14,-0.569,-0.569,-0.592,C4-OOS3-BACKLOG3-20260915,2026-09-15 03:September:16,1,C4-OOS3-BACKLOG3-20260915,2026-09-15 03:September:16,2026-09-15 03:September:16
CAND-a5ac9cc45ab3,scripts/backtest/translated/c4_backlog3_wiz61_growth_quality.py,True,-0.544,0.0,-0.2041,0.2108,14,-1.056,-1.056,-1.018,C4-OOS3-BACKLOG3-20260915,2026-09-15 03:September:16,1,C4-OOS3-BACKLOG3-20260915,2026-09-15 03:September:16,2026-09-15 03:September:16
VAL-WIZ-VALUE1-020,scripts/backtest/translated/c4_valuation_v2_wiz_value1.py,True,-0.581,0.0,-0.0903,0.0491,6,-0.161,-0.161,-0.181,C4-OOS3-VAL-20260915,2026-09-15 01:September:54,1,C4-OOS3-VAL-20260915,2026-09-15 01:September:54,2026-09-15 01:September:54
VAL-PE-LOW-020,scripts/backtest/translated/c4_valuation_pe_low.py,True,-0.612,0.0,-0.0886,0.0491,51,-0.159,-0.159,,C4-OOS2-20260914,2026-09-14 05:September:09,1,C4-OOS2-20260914,2026-09-14 05:September:09,2026-09-14 05:September:09
CAND-ab4dc295d8eb,scripts/backtest/translated/c4_backlog2_mktcap5.py,True,-0.613,0.0,-0.092,0.0491,2,-0.523,-0.523,-0.523,C4-OOS3-BACKLOG2-20260915,2026-09-15 02:September:00,1,C4-OOS3-BACKLOG2-20260915,2026-09-15 02:September:00,2026-09-15 02:September:00
CAND-347a7638d04b,scripts/backtest/translated/c4_backlog3_roe_up_pb_low.py,True,-0.636,0.0,-0.0822,0.0491,14,-0.52,-0.52,-0.531,C4-OOS3-BACKLOG3-20260915,2026-09-15 03:September:16,1,C4-OOS3-BACKLOG3-20260915,2026-09-15 03:September:16,2026-09-15 03:September:16
CAND-25028ae0c266,scripts/backtest/translated/c4_25028ae0c266_high_div5y.py,True,-0.67,0.0,-0.1701,0.2105,51,-1.743,-1.743,-1.743,C4-OOS2-20260914,2026-09-14 05:September:09,1,C4-OOS2-20260914,2026-09-14 05:September:09,2026-09-14 05:September:09
CAND-a016c519e8bd,scripts/backtest/translated/c4_backlog3_value_roa5_v2.py,True,-0.673,0.0,-0.0229,0.0017,14,-0.122,-0.122,-0.215,C4-OOS3-BACKLOG3-20260915,2026-09-15 03:September:16,1,C4-OOS3-BACKLOG3-20260915,2026-09-15 03:September:16,2026-09-15 03:September:16
CAND-6ba459329476,scripts/backtest/translated/c4_backlog3_value_roa5.py,True,-0.673,0.0,-0.0229,0.0017,14,-0.122,-0.122,-0.215,C4-OOS3-BACKLOG3-20260915,2026-09-15 03:September:16,1,C4-OOS3-BACKLOG3-20260915,2026-09-15 03:September:16,2026-09-15 03:September:16
CAND-b1ab2a40225a,scripts/backtest/translated/c4_backlog3_pb_range_lowdebt.py,True,-0.678,0.0,-0.0875,0.0491,14,-0.586,-0.586,-0.586,C4-OOS3-BACKLOG3-20260915,2026-09-15 03:September:16,1,C4-OOS3-BACKLOG3-20260915,2026-09-15 03:September:16,2026-09-15 03:September:16
VAL-DIV-NOPEG-020,scripts/backtest/translated/c4_valuation_v2_div_nopeg.py,True,-0.732,0.0,-0.1014,0.0491,6,-0.345,-0.345,-0.346,C4-OOS3-VAL-20260915,2026-09-15 01:September:54,1,C4-OOS3-VAL-20260915,2026-09-15 01:September:54,2026-09-15 01:September:54
CAND-e8017cc1adc5,scripts/backtest/translated/c4_e8017cc1adc5_cheap_stock.py,True,-0.737,0.0,-0.02,0.0075,51,-0.804,-0.804,-0.804,C4-OOS2-20260914,2026-09-14 05:September:09,1,C4-OOS2-20260914,2026-09-14 05:September:09,2026-09-14 05:September:09
VAL-DIV-HIGH-020,scripts/backtest/translated/c4_valuation_div_high.py,True,-0.762,0.0,-0.0122,0.0082,4487,-0.34,-0.34,-0.34,C4-OOS-2024-2026,2026-09-15 18:September:14,1,C4-OOS-2024-2026,2026-09-15 18:September:14,2026-09-15 18:September:14
CAND-68cc0a6b40ba,scripts/backtest/translated/c4_68cc0a6b40ba_value_select.py,True,-0.77,0.0,-0.0487,0.0133,51,-0.42,-0.42,-0.485,C4-OOS2-20260914,2026-09-14 05:September:09,2,C4-OOS2-20260914,2026-09-14 05:September:09,2026-09-14 05:September:09
VAL-PB-LOW-020,scripts/backtest/translated/c4_valuation_pb_low.py,True,-0.774,0.0,-0.0871,0.0491,51,-0.679,-0.679,,C4-OOS2-20260914,2026-09-14 05:September:09,1,C4-OOS2-20260914,2026-09-14 05:September:09,2026-09-14 05:September:09
CAND-3238a5ce80c8,scripts/backtest/translated/c4_backlog3_novice_value5.py,True,-0.778,0.0,-0.2445,0.211,14,-1.411,-1.411,-1.591,C4-OOS3-BACKLOG3-20260915,2026-09-15 03:September:16,1,C4-OOS3-BACKLOG3-20260915,2026-09-15 03:September:16,2026-09-15 03:September:16
VAL-PEPB-DOUBLE-020,scripts/backtest/translated/c4_valuation_pe_pb_double.py,True,-0.779,0.0,-0.0846,0.0497,4487,-0.298,-0.298,-0.298,C4-OOS-2024-2026,2026-09-15 18:September:14,1,C4-OOS-2024-2026,2026-09-15 18:September:14,2026-09-15 18:September:14
VAL-WIZ-CITICS-020,scripts/backtest/translated/c4_valuation_v2_wiz_citics.py,True,-0.842,0.0,-0.0912,0.0491,6,-0.406,-0.406,-0.569,C4-OOS3-VAL-20260915,2026-09-15 01:September:54,1,C4-OOS3-VAL-20260915,2026-09-15 01:September:54,2026-09-15 01:September:54
CAND-091fee38cd01,scripts/backtest/translated/c4_091fee38cd01_alpha022.py,True,-0.869,0.0,-0.1393,0.0491,51,-0.395,-0.395,-0.395,C4-OOS2-20260914,2026-09-14 05:September:09,3,C4-OOS-2024-2026|C4-OOS2-20260913|C4-OOS2-20260914,2026-09-13 01:September:20,2026-09-14 05:September:09
CAND-65ae80c577c9,scripts/backtest/translated/c4_65ae80c577c9_small_cap95.py,True,-0.891,0.0,-0.1925,0.0466,4487,0.225,0.225,0.225,C4-OOS-2024-2026,2026-09-15 18:September:14,1,C4-OOS-2024-2026,2026-09-15 18:September:14,2026-09-15 18:September:14
CAND-5e3284032a17,scripts/backtest/translated/c4_backlog2_wiz_largecap.py,True,-0.893,0.0,-0.1923,0.2105,2,-1.3,-1.3,-1.3,C4-OOS3-BACKLOG2-20260915,2026-09-15 02:September:00,1,C4-OOS3-BACKLOG2-20260915,2026-09-15 02:September:00,2026-09-15 02:September:00
VAL-PB-LOWTURN-035,scripts/backtest/translated/c4_valuation_v2_pb_lowturn.py,True,-0.904,0.0,-0.1002,0.0491,6,-0.424,-0.424,-0.203,C4-OOS3-VAL-20260915,2026-09-15 01:September:54,1,C4-OOS3-VAL-20260915,2026-09-15 01:September:54,2026-09-15 01:September:54
CAND-99873fd0bc17,scripts/backtest/translated/c4_99873fd0bc17_macd_single.py,True,-0.943,0.0,-0.5338,0.98,51,-2.236,-2.236,-2.236,C4-OOS2-20260914,2026-09-14 05:September:09,3,C4-OOS-2024-2026|C4-OOS2-20260913|C4-OOS2-20260914,2026-09-13 01:September:20,2026-09-14 05:September:09
CAND-bb0b9f37ce93,scripts/backtest/translated/c4_backlog3_div_roe5.py,True,-0.949,0.0,-0.148,0.0491,14,-0.785,-0.785,-0.755,C4-OOS3-BACKLOG3-20260915,2026-09-15 03:September:16,1,C4-OOS3-BACKLOG3-20260915,2026-09-15 03:September:16,2026-09-15 03:September:16
CAND-9519cb55d6b7,scripts/backtest/translated/c4_backlog3_peg_ebit_tiny.py,True,-0.966,0.0,-0.1857,0.0491,14,1.187,1.187,0.876,C4-OOS3-BACKLOG3-20260915,2026-09-15 03:September:16,1,C4-OOS3-BACKLOG3-20260915,2026-09-15 03:September:16,2026-09-15 03:September:16
VAL-PE-ZZ500-020,scripts/backtest/translated/c4_valuation_pe_zz500.py,True,-0.972,0.0,-0.0236,0.0077,4487,-0.356,-0.356,-0.356,C4-OOS-2024-2026,2026-09-15 18:September:14,1,C4-OOS-2024-2026,2026-09-15 18:September:14,2026-09-15 18:September:14
CAND-38cceabf3946,scripts/backtest/translated/c4_backlog3_mclean_rev_accel.py,True,-0.987,0.0,-0.1213,0.0491,14,-0.647,-0.647,-0.683,C4-OOS3-BACKLOG3-20260915,2026-09-15 03:September:16,1,C4-OOS3-BACKLOG3-20260915,2026-09-15 03:September:16,2026-09-15 03:September:16
CAND-b1fb7e2246dd,scripts/backtest/translated/c4_backlog3_peg_ebit_tiny2.py,True,-1.001,0.0,-0.2124,0.0491,14,0.825,0.825,0.824,C4-OOS3-BACKLOG3-20260915,2026-09-15 03:September:16,1,C4-OOS3-BACKLOG3-20260915,2026-09-15 03:September:16,2026-09-15 03:September:16
CAND-79ae77fb3af7,scripts/backtest/translated/c4_backlog3_peg_growth_tiny.py,True,-1.118,0.0,-0.2496,0.0491,14,1.005,1.005,0.792,C4-OOS3-BACKLOG3-20260915,2026-09-15 03:September:16,1,C4-OOS3-BACKLOG3-20260915,2026-09-15 03:September:16,2026-09-15 03:September:16
CAND-93aa8f5a2bdd,scripts/backtest/translated/c4_93aa8f5a2bdd_multi_period.py,True,-1.132,0.0,-0.4522,0.1015,51,-0.391,-0.391,-0.391,C4-OOS2-20260914,2026-09-14 05:September:09,3,C4-OOS-2024-2026|C4-OOS2-20260913|C4-OOS2-20260914,2026-09-13 01:September:20,2026-09-14 05:September:09
VAL-DIV-PRETTY50-010,scripts/backtest/translated/c4_valuation_v2_pretty50_div.py,True,-1.165,0.0,-0.2461,0.2106,6,-2.244,-2.244,-2.2,C4-OOS3-VAL-20260915,2026-09-15 01:September:54,1,C4-OOS3-VAL-20260915,2026-09-15 01:September:54,2026-09-15 01:September:54
CAND-0319395c57a7,scripts/backtest/translated/c4_backlog3_mclean_screen.py,True,-1.166,0.0,-0.2367,0.0491,14,0.58,0.58,0.418,C4-OOS3-BACKLOG3-20260915,2026-09-15 03:September:16,1,C4-OOS3-BACKLOG3-20260915,2026-09-15 03:September:16,2026-09-15 03:September:16
CAND-2b351fd05d5f,scripts/backtest/translated/c4_2b351fd05d5f_ultrashort_lowopen.py,True,-1.221,0.0,-0.6939,0.4792,51,-0.673,-0.673,-0.673,C4-OOS2-20260914,2026-09-14 05:September:09,3,C4-OOS-2024-2026|C4-OOS2-20260913|C4-OOS2-20260914,2026-09-13 01:September:20,2026-09-14 05:September:09
CAND-6cb29d4d9ba8,scripts/backtest/translated/c4_6cb29d4d9ba8_mom_rev_300.py,True,-1.255,0.0,-0.0384,0.0067,51,-0.273,-0.273,-0.273,C4-OOS2-20260914,2026-09-14 05:September:09,3,C4-OOS-2024-2026|C4-OOS2-20260913|C4-OOS2-20260914,2026-09-13 01:September:20,2026-09-14 05:September:09
CAND-9c0136ec8f42,scripts/backtest/translated/c4_9c0136ec8f42_kucoffee_trend.py,True,-1.317,0.0,-0.4375,0.1198,51,-0.105,-0.105,-0.105,C4-OOS2-20260914,2026-09-14 05:September:09,3,C4-OOS-2024-2026|C4-OOS2-20260913|C4-OOS2-20260914,2026-09-13 01:September:20,2026-09-14 05:September:09
CAND-c30a620e114d,scripts/backtest/translated/c4_c30a620e114d_boll_break.py,True,-1.375,0.0,-0.4161,0.01,51,0.338,0.338,0.338,C4-OOS2-20260914,2026-09-14 05:September:09,3,C4-OOS-2024-2026|C4-OOS2-20260913|C4-OOS2-20260914,2026-09-13 01:September:20,2026-09-14 05:September:09
CAND-c21459b71a42,scripts/backtest/translated/c4_c21459b71a42_boll_np.py,True,-1.538,0.0,-0.4477,0.0133,51,0.336,0.336,0.336,C4-OOS2-20260914,2026-09-14 05:September:09,3,C4-OOS-2024-2026|C4-OOS2-20260913|C4-OOS2-20260914,2026-09-13 01:September:20,2026-09-14 05:September:09
CAND-e40a0a1bcda8,scripts/backtest/translated/c4_e40a0a1bcda8_ma5_ma10.py,True,-1.7,0.0,-0.4462,0.0857,51,-0.838,-0.838,-0.838,C4-OOS2-20260914,2026-09-14 05:September:09,3,C4-OOS-2024-2026|C4-OOS2-20260913|C4-OOS2-20260914,2026-09-13 01:September:20,2026-09-14 05:September:09
