strategy_id,source_file,status,error,window_full,n_folds,wfa_sharpe_mean,wfa_positive_ratio,stitched_sharpe_h2,stitched_sharpe_gross,stitched_mdd_h2,oos_sharpe_h2,oos_sharpe_gross,oos_mdd_h2,oos_days,oos_ann_turnover_1side,oos_cost_bps_per_day_slip,oos_cost_bps_per_day_impact,oos_cost_bps_per_day_comm,oos_ann_drag_slip,oos_ann_drag_impact,oos_ann_drag_comm,sharpe_gross_only,sharpe_net_ex_slip,sharpe_net_ex_impact,sharpe_net_ex_comm,dsr_eff,dsr_band,n_trials_used,exam_verdict,verdict_reasons,gate_overall_passed,gate_wfa_windows,gate_oos_is_ratio,adv_sources,elapsed_s
FACT-4db4c41e,scripts/backtest/translated/c4_fact_4db4c41e.py,ok,,2020-01-01..2025-08-31,8.0,1.5221,0.625,0.9172,0.9172,-0.3432,1.8826,1.8826,-0.2114,403.0,0.0,0.0,0.0,0.0,0.0,0.0,0.0,1.8826,1.8826,1.8826,1.8826,0.5033,review,86.0,存疑,"各硬线全过, 仅存边际存疑项(fail-closed, 不构成放行) | DSR落中间带存疑(0.50<=DSR<0.95): fail-closed需补样本或人工复核 | WFA门控多数通过但60%稳定性边际未达(正折占比相关见overfitting reasons: ['Walk-Forward Sharpe变异系数2.13超过阈值1.50', 'Walk-Forward存在灾难fold(最低Sharpe=-1.49<-0.50)'])",False,5/8,2.0894,"{""stock"": 33, ""index"": 0, ""etf"": 0, ""proxy"": 0}",32.3
FACT-4f749668,scripts/backtest/translated/c4_fact_4f749668.py,ok,,2020-01-01..2025-08-31,8.0,1.3031,0.625,0.724,0.9912,-0.3748,1.5969,1.8395,-0.1708,403.0,30.88,1.194,0.002,1.822,0.0291,0.0001,0.0445,1.8395,1.7436,1.8393,1.6931,0.362,overfitting,86.0,存疑,"各硬线全过, 仅存边际存疑项(fail-closed, 不构成放行) | WFA门控多数通过但60%稳定性边际未达(正折占比相关见overfitting reasons: ['Walk-Forward Sharpe变异系数2.40超过阈值1.50', 'Walk-Forward存在灾难fold(最低Sharpe=-1.45<-0.50)'])",False,5/8,2.2242,"{""stock"": 33, ""index"": 0, ""etf"": 0, ""proxy"": 0}",32.7
FACT-4228020a,scripts/backtest/translated/c4_fact_4228020a.py,ok,,2020-01-01..2025-08-31,8.0,1.3844,0.625,0.7797,1.056,-0.3295,1.4754,1.7354,-0.2392,403.0,32.91,1.274,0.002,1.942,0.0311,0.0001,0.0474,1.7354,1.6325,1.7352,1.5786,0.2978,overfitting,86.0,存疑,"各硬线全过, 仅存边际存疑项(fail-closed, 不构成放行) | WFA门控多数通过但60%稳定性边际未达(正折占比相关见overfitting reasons: ['Walk-Forward Sharpe变异系数2.25超过阈值1.50', 'Walk-Forward存在灾难fold(最低Sharpe=-1.14<-0.50)'])",False,5/8,1.9542,"{""stock"": 33, ""index"": 0, ""etf"": 0, ""proxy"": 0}",31.7
FACT-e293e217,scripts/backtest/translated/c4_fact_e293e217.py,ok,,2020-01-01..2025-08-31,8.0,1.2064,0.625,0.5854,0.7882,-0.3376,1.3842,1.576,-0.196,403.0,23.55,0.912,0.002,1.39,0.0222,0.0,0.0339,1.576,1.5001,1.5758,1.4602,0.0325,overfitting,4578.0,不通过,"WFA阶段未通过(通过折数=0/0, 灾难回撤=False); 按IS→WFA→OOS不可跳级语义判不通过",False,0/0,0.0,"{""stock"": 33, ""index"": 0, ""etf"": 0, ""proxy"": 0}",29.9
FACT-4b200528,scripts/backtest/translated/c4_fact_4b200528.py,ok,,2020-01-01..2025-08-31,8.0,0.9646,0.625,0.544,1.009,-0.4171,1.2968,1.7146,-0.2427,403.0,59.7,2.311,0.004,3.523,0.0564,0.0001,0.086,1.7146,1.5492,1.7143,1.4625,0.2231,overfitting,86.0,不通过,"WFA阶段未通过(通过折数=0/0, 灾难回撤=False); 按IS→WFA→OOS不可跳级语义判不通过",False,0/0,0.0,"{""stock"": 33, ""index"": 0, ""etf"": 0, ""proxy"": 0}",30.9
FACT-e831084c,scripts/backtest/translated/c4_fact_e831084c.py,ok,,2020-01-01..2025-08-31,8.0,0.9684,0.625,0.6097,1.0765,-0.3546,1.3999,1.8311,-0.2167,403.0,59.21,2.287,0.005,3.353,0.0558,0.0001,0.0818,1.8311,1.6564,1.8307,1.5749,0.2807,overfitting,86.0,不通过,"WFA阶段未通过(通过折数=0/0, 灾难回撤=False); 按IS→WFA→OOS不可跳级语义判不通过",False,0/0,0.0,"{""stock"": 33, ""index"": 0, ""etf"": 0, ""proxy"": 0}",31.0
CAND-8d000bf3ccc3,scripts/backtest/translated/c4_8d000bf3ccc3_pb_poe.py,ok,,2020-01-01..2025-08-31,8.0,0.384,0.375,0.2285,0.0947,-0.4757,1.6184,1.724,-0.2054,403.0,6.3,0.267,0.001,0.357,0.0065,0.0,0.0087,1.724,1.6964,1.6787,1.687,0.3485,overfitting,132.0,不通过,"WFA阶段未通过(通过折数=3/8, 灾难回撤=False); 按IS→WFA→OOS不可跳级语义判不通过",False,3/8,0.0,"{""stock"": 5128, ""index"": 0, ""etf"": 0, ""proxy"": 0}",551.9
CAND-c4ec6332c07f,scripts/backtest/translated/c4_c4ec6332c07f_trend_score.py,ok,,2020-01-01..2025-08-31,8.0,0.6321,0.375,0.1166,0.2568,-0.2133,1.155,1.3108,-0.1093,403.0,6.36,0.244,0.0,0.36,0.006,0.0,0.0088,1.3108,1.2482,1.3108,1.2182,0.1325,overfitting,132.0,不通过,"WFA阶段未通过(通过折数=0/0, 灾难回撤=False); 按IS→WFA→OOS不可跳级语义判不通过",False,0/0,0.0,"{""stock"": 0, ""index"": 1, ""etf"": 0, ""proxy"": 0}",9.7
CAND-e3da6fa71af1,scripts/backtest/translated/c4_e3da6fa71af1_panic_rebound.py,ok,,2020-01-01..2025-08-31,8.0,0.6284,0.5,0.9364,0.9766,-0.1223,1.0093,1.052,-0.1043,403.0,1.82,0.136,0.002,0.103,0.0033,0.0,0.0025,1.052,1.0279,1.0517,1.0338,0.0945,overfitting,132.0,不通过,"WFA阶段未通过(通过折数=4/8, 灾难回撤=False); 按IS→WFA→OOS不可跳级语义判不通过",False,4/8,0.0,"{""stock"": 1, ""index"": 0, ""etf"": 0, ""proxy"": 0}",1.3
CAND-4440d07f973f,scripts/backtest/translated/c4_4440d07f973f_ultrashort.py,ok,,2020-01-01..2025-08-31,8.0,0.0071,0.5,0.262,1.1542,-0.5663,0.9207,1.6192,-0.3578,403.0,79.01,6.808,0.113,4.474,0.1661,0.0027,0.1092,1.6192,1.1264,1.7442,1.2969,0.0781,overfitting,132.0,不通过,"WFA阶段未通过(通过折数=0/0, 灾难回撤=False); 按IS→WFA→OOS不可跳级语义判不通过",False,0/0,0.0,"{""stock"": 3160, ""index"": 0, ""etf"": 0, ""proxy"": 0}",136.9
CAND-a4543012b464,scripts/backtest/translated/c4_a4543012b464_trend5.py,ok,,2020-01-01..2025-08-31,8.0,-0.0319,0.375,-0.4017,-0.123,-0.8301,0.5095,0.7847,-0.4761,403.0,46.19,1.819,0.007,2.809,0.0444,0.0002,0.0685,0.7847,0.6767,0.7843,0.6179,0.0247,overfitting,132.0,不通过,"WFA阶段未通过(通过折数=0/0, 灾难回撤=False); 按IS→WFA→OOS不可跳级语义判不通过",False,0/0,0.0,"{""stock"": 279, ""index"": 0, ""etf"": 0, ""proxy"": 0}",99.0
CAND-eaddc3f9db4e,scripts/backtest/translated/c4_eaddc3f9db4e_rsrs_r2.py,ok,,2020-01-01..2025-08-31,8.0,-0.0792,0.25,-0.0603,-0.0052,-0.3136,0.9957,1.028,-0.1296,403.0,2.12,0.081,0.0,0.12,0.002,0.0,0.0029,1.028,1.015,1.028,1.0088,0.0983,overfitting,132.0,不通过,"WFA阶段未通过(通过折数=0/0, 灾难回撤=False); 按IS→WFA→OOS不可跳级语义判不通过",False,0/0,0.0,"{""stock"": 0, ""index"": 1, ""etf"": 0, ""proxy"": 0}",3.7
CAND-29eb91dbaf60,scripts/backtest/translated/c4_29eb91dbaf60_crash_dodge.py,ok,,2020-01-01..2025-08-31,8.0,0.5159,0.5,-0.1014,-0.0924,-0.2865,0.8877,0.8987,-0.109,403.0,0.61,0.023,0.0,0.034,0.0006,0.0,0.0008,0.8987,0.8943,0.8987,0.8921,0.0606,overfitting,132.0,不通过,"WFA阶段未通过(通过折数=0/0, 灾难回撤=False); 按IS→WFA→OOS不可跳级语义判不通过",False,0/0,0.0,"{""stock"": 0, ""index"": 1, ""etf"": 0, ""proxy"": 0}",3.0
CAND-d06cab686cef,scripts/backtest/translated/c4_d06cab686cef_rsrs_opt.py,ok,,2020-01-01..2025-08-31,8.0,0.025,0.25,0.0093,0.0752,-0.2755,0.9161,0.968,-0.1474,403.0,3.33,0.128,0.0,0.189,0.0031,0.0,0.0046,0.968,0.9471,0.968,0.9371,0.0807,overfitting,132.0,不通过,"WFA阶段未通过(通过折数=0/0, 灾难回撤=False); 按IS→WFA→OOS不可跳级语义判不通过",False,0/0,0.0,"{""stock"": 0, ""index"": 1, ""etf"": 0, ""proxy"": 0}",2.2
CAND-dc5b80aa3614,scripts/backtest/translated/c4_dc5b80aa3614_tsmall100.py,error,"KeyError: ""category_id 'market_commodity_futures_main' 未在 business_data_categories.yaml 注册。请在真源 YAML 新增品类条目（禁止硬编码表名绕过真源）。""",,,,,,,,,,,,,,,,,,,,,,,,,,,,,,,,
CAND-fd47fa0e6401,scripts/backtest/translated/c4_fd47fa0e6401_macd_resonance.py,error,"KeyError: ""category_id 'market_commodity_futures_main' 未在 business_data_categories.yaml 注册。请在真源 YAML 新增品类条目（禁止硬编码表名绕过真源）。""",,,,,,,,,,,,,,,,,,,,,,,,,,,,,,,,
CAND-12286499cb19,scripts/backtest/translated/c4_12286499cb19_rsrs_60m.py,error,"KeyError: ""category_id 'market_commodity_futures_main' 未在 business_data_categories.yaml 注册。请在真源 YAML 新增品类条目（禁止硬编码表名绕过真源）。""",,,,,,,,,,,,,,,,,,,,,,,,,,,,,,,,
CAND-5efe26d1992e,scripts/backtest/translated/c4_5efe26d1992e_rsrs_timing.py,error,"KeyError: ""category_id 'market_commodity_futures_main' 未在 business_data_categories.yaml 注册。请在真源 YAML 新增品类条目（禁止硬编码表名绕过真源）。""",,,,,,,,,,,,,,,,,,,,,,,,,,,,,,,,
CAND-7f7e5f935dfc,scripts/backtest/translated/c4_7f7e5f935dfc_dmi_timing.py,error,"KeyError: ""category_id 'market_commodity_futures_main' 未在 business_data_categories.yaml 注册。请在真源 YAML 新增品类条目（禁止硬编码表名绕过真源）。""",,,,,,,,,,,,,,,,,,,,,,,,,,,,,,,,
CAND-9ce75aa27ce5,scripts/backtest/translated/c4_9ce75aa27ce5_bluechip_ma.py,error,"KeyError: ""category_id 'market_commodity_futures_main' 未在 business_data_categories.yaml 注册。请在真源 YAML 新增品类条目（禁止硬编码表名绕过真源）。""",,,,,,,,,,,,,,,,,,,,,,,,,,,,,,,,
CAND-c72318f2da1c,scripts/backtest/translated/c4_c72318f2da1c_bias_ql.py,error,"KeyError: ""category_id 'market_commodity_futures_main' 未在 business_data_categories.yaml 注册。请在真源 YAML 新增品类条目（禁止硬编码表名绕过真源）。""",,,,,,,,,,,,,,,,,,,,,,,,,,,,,,,,
CAND-6485e4cd0844,scripts/backtest/translated/c4_6485e4cd0844_kdj_timing.py,error,"KeyError: ""category_id 'market_commodity_futures_main' 未在 business_data_categories.yaml 注册。请在真源 YAML 新增品类条目（禁止硬编码表名绕过真源）。""",,,,,,,,,,,,,,,,,,,,,,,,,,,,,,,,
CAND-f284270f0ef0,scripts/backtest/translated/c4_f284270f0ef0_macd_timing.py,error,"KeyError: ""category_id 'market_commodity_futures_main' 未在 business_data_categories.yaml 注册。请在真源 YAML 新增品类条目（禁止硬编码表名绕过真源）。""",,,,,,,,,,,,,,,,,,,,,,,,,,,,,,,,
CAND-311220235636,scripts/backtest/translated/c4_311220235636_slater_value.py,error,"KeyError: ""category_id 'market_commodity_futures_main' 未在 business_data_categories.yaml 注册。请在真源 YAML 新增品类条目（禁止硬编码表名绕过真源）。""",,,,,,,,,,,,,,,,,,,,,,,,,,,,,,,,
CAND-8664521af1a0,scripts/backtest/translated/c4_8664521af1a0_snake_cap.py,error,"KeyError: ""category_id 'market_commodity_futures_main' 未在 business_data_categories.yaml 注册。请在真源 YAML 新增品类条目（禁止硬编码表名绕过真源）。""",,,,,,,,,,,,,,,,,,,,,,,,,,,,,,,,
CAND-c7a8ddbab748,scripts/backtest/translated/c4_c7a8ddbab748_ma10_ma5.py,error,"KeyError: ""category_id 'market_commodity_futures_main' 未在 business_data_categories.yaml 注册。请在真源 YAML 新增品类条目（禁止硬编码表名绕过真源）。""",,,,,,,,,,,,,,,,,,,,,,,,,,,,,,,,
CAND-06d4cf3d7dcc,scripts/backtest/translated/c4_06d4cf3d7dcc_pairs_zscore.py,error,"KeyError: ""category_id 'market_commodity_futures_main' 未在 business_data_categories.yaml 注册。请在真源 YAML 新增品类条目（禁止硬编码表名绕过真源）。""",,,,,,,,,,,,,,,,,,,,,,,,,,,,,,,,
CAND-ea8b60272c03,scripts/backtest/translated/c4_ea8b60272c03_300etf_1060.py,error,"KeyError: ""category_id 'market_commodity_futures_main' 未在 business_data_categories.yaml 注册。请在真源 YAML 新增品类条目（禁止硬编码表名绕过真源）。""",,,,,,,,,,,,,,,,,,,,,,,,,,,,,,,,
CAND-b37f550ba2af,scripts/backtest/translated/c4_b37f550ba2af_gftd.py,error,"KeyError: ""category_id 'market_commodity_futures_main' 未在 business_data_categories.yaml 注册。请在真源 YAML 新增品类条目（禁止硬编码表名绕过真源）。""",,,,,,,,,,,,,,,,,,,,,,,,,,,,,,,,
CAND-5301c5d9d7c8,scripts/backtest/translated/c4_5301c5d9d7c8_small_cap_hl.py,error,"KeyError: ""category_id 'market_commodity_futures_main' 未在 business_data_categories.yaml 注册。请在真源 YAML 新增品类条目（禁止硬编码表名绕过真源）。""",,,,,,,,,,,,,,,,,,,,,,,,,,,,,,,,
CAND-9c0424f53fe4,scripts/backtest/translated/c4_9c0424f53fe4_zscore_meanrev5.py,ok,,2020-01-01..2025-08-31,8.0,-0.1844,0.375,-0.2047,-0.0035,-0.3069,-0.0836,0.0848,-0.1456,403.0,9.23,0.379,0.002,0.523,0.0092,0.0001,0.0128,0.0848,0.0141,0.0843,-0.0128,0.0031,overfitting,132.0,不通过,"WFA阶段未通过(通过折数=0/0, 灾难回撤=False); 按IS→WFA→OOS不可跳级语义判不通过",False,0/0,0.0,"{""stock"": 5, ""index"": 0, ""etf"": 0, ""proxy"": 0}",52.7
CAND-14d3e787ea4b,scripts/backtest/translated/c4_14d3e787ea4b_cgo_factor.py,ok,,2020-01-01..2025-08-31,8.0,0.0,0.0,0.0,0.0,0.0,0.0,0.0,0.0,403.0,0.0,0.0,0.0,0.0,0.0,0.0,0.0,0.0,0.0,0.0,0.0,0.0,overfitting,132.0,不通过,"WFA阶段未通过(通过折数=0/0, 灾难回撤=False); 按IS→WFA→OOS不可跳级语义判不通过",False,0/0,0.0,"{""stock"": 5128, ""index"": 0, ""etf"": 0, ""proxy"": 0}",268.5
CAND-1970782c2adb,scripts/backtest/translated/c4_1970782c2adb_ma_pullback.py,ok,,2020-01-01..2025-08-31,8.0,0.0,0.0,0.0,0.0,0.0,0.0,0.0,0.0,403.0,0.0,0.0,0.0,0.0,0.0,0.0,0.0,0.0,0.0,0.0,0.0,0.0,overfitting,132.0,不通过,"WFA阶段未通过(通过折数=0/0, 灾难回撤=False); 按IS→WFA→OOS不可跳级语义判不通过",False,0/0,0.0,"{""stock"": 5128, ""index"": 0, ""etf"": 0, ""proxy"": 0}",337.3
CAND-fdbc279fba99,scripts/backtest/translated/c4_fdbc279fba99_rps_oinl.py,ok,,2020-01-01..2025-08-31,8.0,0.0,0.0,0.0,0.0,0.0,0.0,0.0,0.0,403.0,0.0,0.0,0.0,0.0,0.0,0.0,0.0,0.0,0.0,0.0,0.0,0.0,overfitting,132.0,不通过,"WFA阶段未通过(通过折数=0/0, 灾难回撤=False); 按IS→WFA→OOS不可跳级语义判不通过",False,0/0,0.0,"{""stock"": 299, ""index"": 0, ""etf"": 0, ""proxy"": 0}",135.0
CAND-e2e7f033d97c,scripts/backtest/translated/c4_e2e7f033d97c_kd_cross.py,ok,,2020-01-01..2025-08-31,8.0,0.017,0.75,0.2235,0.4423,-0.5166,0.3683,0.5153,-0.4175,403.0,20.89,1.472,0.021,1.183,0.0359,0.0005,0.0289,0.5153,0.4343,0.5141,0.4503,0.0158,overfitting,132.0,不通过,"WFA阶段未通过(通过折数=0/0, 灾难回撤=False); 按IS→WFA→OOS不可跳级语义判不通过",False,0/0,0.0,"{""stock"": 1, ""index"": 0, ""etf"": 0, ""proxy"": 0}",53.1
CAND-6a6ec8869ddb,scripts/backtest/translated/c4_6a6ec8869ddb_momentum62.py,ok,,2020-01-01..2025-08-31,8.0,0.7574,0.5,0.2013,0.8079,-0.4334,0.1499,0.6585,-0.3685,403.0,64.24,4.962,0.027,3.637,0.1211,0.0006,0.0888,0.6585,0.3822,0.6198,0.456,0.0074,overfitting,132.0,不通过,"WFA阶段未通过(通过折数=4/8, 灾难回撤=False); 按IS→WFA→OOS不可跳级语义判不通过",False,4/8,0.0,"{""stock"": 5128, ""index"": 0, ""etf"": 0, ""proxy"": 0}",297.9
CAND-751983843b3f,scripts/backtest/translated/c4_backlog3_growth_peg4.py,ok,,2020-01-01..2025-08-31,8.0,-1.2259,0.125,-1.2387,-0.4824,-0.156,-0.9088,0.0411,-0.0829,403.0,12.11,1.241,0.015,0.686,0.0303,0.0003,0.0167,0.0411,-0.5326,-0.0516,-0.277,0.0001,overfitting,95.0,不通过,"WFA阶段未通过(通过折数=0/0, 灾难回撤=False); 按IS→WFA→OOS不可跳级语义判不通过",False,0/0,0.0,"{""stock"": 5128, ""index"": 0, ""etf"": 0, ""proxy"": 0}",179.0
CAND-bd42540f86e4,scripts/backtest/translated/c4_bd42540f86e4_pe_pb.py,ok,,2020-01-01..2025-08-31,8.0,-0.1725,0.375,-0.6447,-0.4177,-0.6305,0.1945,0.3912,-0.3055,403.0,17.32,0.765,0.003,0.98,0.0187,0.0001,0.0239,0.3912,0.3051,0.3908,0.2809,0.0087,overfitting,132.0,不通过,"WFA阶段未通过(通过折数=0/0, 灾难回撤=False); 按IS→WFA→OOS不可跳级语义判不通过",False,0/0,0.0,"{""stock"": 299, ""index"": 0, ""etf"": 0, ""proxy"": 0}",276.0
VAL-DIV-STEADY-005,scripts/backtest/translated/c4_valuation_v2_div_steady5.py,ok,,2020-01-01..2025-08-31,8.0,-0.967,0.25,-1.1472,-0.1041,-0.1104,-1.3185,-0.6735,-0.0809,403.0,8.48,0.605,0.004,0.48,0.0148,0.0001,0.0117,-0.6735,-1.0672,-0.6516,-0.9882,0.0,overfitting,87.0,不通过,"WFA阶段未通过(通过折数=0/0, 灾难回撤=False); 按IS→WFA→OOS不可跳级语义判不通过",False,0/0,0.0,"{""stock"": 5128, ""index"": 0, ""etf"": 0, ""proxy"": 2}",198.3
CAND-40ca0da1a3ca,scripts/backtest/translated/c4_40ca0da1a3ca_value55.py,timeout,driver mark timeout,,,,,,,,,,,,,,,,,,,,,,,,,,,,,,,,
CAND-2e4d39a3f50b,scripts/backtest/translated/c4_2e4d39a3f50b_multi_ma.py,ok,,2020-01-01..2025-08-31,8.0,-0.8119,0.125,-0.6334,-0.5825,-0.4927,-0.6825,-0.5951,-0.2544,403.0,3.94,0.233,0.003,0.223,0.0057,0.0001,0.0054,-0.5951,-0.6396,-0.5956,-0.6377,0.0002,overfitting,132.0,不通过,"WFA阶段未通过(通过折数=0/0, 灾难回撤=False); 按IS→WFA→OOS不可跳级语义判不通过",False,0/0,0.0,"{""stock"": 1, ""index"": 0, ""etf"": 0, ""proxy"": 0}",55.1
CAND-4879b2c6f2bb,scripts/backtest/translated/c4_4879b2c6f2bb_div_value.py,ok,,2020-01-01..2025-08-31,8.0,-0.0581,0.375,-0.4671,0.3464,-0.116,-0.5092,0.1501,-0.0978,403.0,12.11,0.955,0.005,0.686,0.0233,0.0001,0.0167,0.1501,-0.2112,0.0934,-0.1098,0.0004,overfitting,132.0,不通过,"WFA阶段未通过(通过折数=0/0, 灾难回撤=False); 按IS→WFA→OOS不可跳级语义判不通过",False,0/0,0.0,"{""stock"": 4540, ""index"": 0, ""etf"": 0, ""proxy"": 0}",350.6
CAND-21af8c66c15e,scripts/backtest/translated/c4_21af8c66c15e_small_cap.py,timeout,driver mark timeout,,,,,,,,,,,,,,,,,,,,,,,,,,,,,,,,
CAND-4da841c734ae,scripts/backtest/translated/c4_backlog3_wiz63_growth_pb2.py,ok,,2020-01-01..2025-08-31,8.0,-0.8282,0.25,-1.0482,-0.0559,-0.3562,-0.5857,0.5839,-0.1844,403.0,50.86,2.214,0.005,3.001,0.054,0.0001,0.0732,0.5839,0.1112,0.5145,-0.057,0.0006,overfitting,95.0,不通过,"WFA阶段未通过(通过折数=0/0, 灾难回撤=False); 按IS→WFA→OOS不可跳级语义判不通过",False,0/0,0.0,"{""stock"": 5128, ""index"": 0, ""etf"": 0, ""proxy"": 0}",251.0
CAND-a5ac9cc45ab3,scripts/backtest/translated/c4_backlog3_wiz61_growth_quality.py,ok,,2020-01-01..2025-08-31,8.0,-0.6095,0.25,-1.0468,0.0058,-0.3688,-0.4522,0.8041,-0.1828,403.0,50.98,2.771,0.009,3.009,0.0676,0.0002,0.0734,0.8041,0.27,0.6553,0.2242,0.001,overfitting,95.0,不通过,"WFA阶段未通过(通过折数=0/0, 灾难回撤=False); 按IS→WFA→OOS不可跳级语义判不通过",False,0/0,0.0,"{""stock"": 5128, ""index"": 0, ""etf"": 0, ""proxy"": 0}",241.6
VAL-PE-LOW-020,scripts/backtest/translated/c4_valuation_pe_low.py,ok,,2020-01-01..2025-08-31,8.0,-1.0148,0.125,-0.8066,-0.3284,-0.011,-1.3371,0.0,-0.0008,403.0,0.0,0.013,0.0,0.007,0.0003,0.0,0.0002,0.0,-1.3244,-1.2598,-1.3303,0.0,overfitting,132.0,不通过,"WFA阶段未通过(通过折数=0/0, 灾难回撤=False); 按IS→WFA→OOS不可跳级语义判不通过",False,0/0,0.0,"{""stock"": 377, ""index"": 0, ""etf"": 0, ""proxy"": 20}",132.0
VAL-WIZ-VALUE1-020,scripts/backtest/translated/c4_valuation_v2_wiz_value1.py,ok,,2020-01-01..2025-08-31,8.0,-0.5281,0.25,-0.817,0.1378,-0.0662,-0.9428,-0.0032,-0.0461,403.0,5.03,0.47,0.003,0.297,0.0115,0.0001,0.0072,-0.0032,-0.4524,-0.2211,-0.2882,0.0,overfitting,87.0,不通过,"WFA阶段未通过(通过折数=0/0, 灾难回撤=False); 按IS→WFA→OOS不可跳级语义判不通过",False,0/0,0.0,"{""stock"": 5128, ""index"": 0, ""etf"": 0, ""proxy"": 20}",230.6
CAND-ab4dc295d8eb,scripts/backtest/translated/c4_backlog2_mktcap5.py,ok,,2020-01-01..2025-08-31,8.0,-0.3319,0.375,-0.764,-0.363,-0.0824,-0.7441,0.0149,-0.0747,403.0,12.11,0.465,0.002,0.686,0.0113,0.0,0.0167,0.0149,-0.2992,0.0014,-0.4479,0.0002,overfitting,83.0,不通过,"WFA阶段未通过(通过折数=0/0, 灾难回撤=False); 按IS→WFA→OOS不可跳级语义判不通过",False,0/0,0.0,"{""stock"": 5128, ""index"": 0, ""etf"": 0, ""proxy"": 0}",219.9
CAND-347a7638d04b,scripts/backtest/translated/c4_backlog3_roe_up_pb_low.py,ok,,2020-01-01..2025-08-31,8.0,-1.0505,0.125,-0.7732,0.245,-0.0947,-0.9521,0.0187,-0.0848,403.0,12.11,0.786,0.004,0.686,0.0192,0.0001,0.0167,0.0187,-0.3756,-0.2203,-0.3252,0.0,overfitting,95.0,不通过,"WFA阶段未通过(通过折数=0/0, 灾难回撤=False); 按IS→WFA→OOS不可跳级语义判不通过",False,0/0,0.0,"{""stock"": 5128, ""index"": 0, ""etf"": 0, ""proxy"": 0}",227.9
CAND-25028ae0c266,scripts/backtest/translated/c4_25028ae0c266_high_div5y.py,ok,,2020-01-01..2025-08-31,8.0,-1.1024,0.125,-1.1741,0.608,-0.2541,-0.7738,1.2915,-0.1416,403.0,50.86,4.555,0.031,2.88,0.1111,0.0007,0.0703,1.2915,0.0191,1.2666,0.4885,0.0001,overfitting,132.0,不通过,"WFA阶段未通过(通过折数=0/0, 灾难回撤=False); 按IS→WFA→OOS不可跳级语义判不通过",False,0/0,0.0,"{""stock"": 4540, ""index"": 0, ""etf"": 0, ""proxy"": 0}",195.6
CAND-a016c519e8bd,scripts/backtest/translated/c4_backlog3_value_roa5_v2.py,ok,,2020-01-01..2025-08-31,8.0,0.109,0.125,0.2773,0.1017,-0.0189,0.0,0.0,0.0,403.0,0.0,0.0,0.0,0.0,0.0,0.0,0.0,0.0,0.0,0.0,0.0,0.0,overfitting,95.0,不通过,"WFA阶段未通过(通过折数=0/0, 灾难回撤=False); 按IS→WFA→OOS不可跳级语义判不通过",False,0/0,0.0,"{""stock"": 5128, ""index"": 0, ""etf"": 0, ""proxy"": 0}",186.7
CAND-6ba459329476,scripts/backtest/translated/c4_backlog3_value_roa5.py,ok,,2020-01-01..2025-08-31,8.0,0.2124,0.25,0.4536,0.2668,-0.0189,0.0,0.0,0.0,403.0,0.0,0.0,0.0,0.0,0.0,0.0,0.0,0.0,0.0,0.0,0.0,0.0,overfitting,95.0,不通过,"WFA阶段未通过(通过折数=0/0, 灾难回撤=False); 按IS→WFA→OOS不可跳级语义判不通过",False,0/0,0.0,"{""stock"": 5128, ""index"": 0, ""etf"": 0, ""proxy"": 0}",180.0
CAND-b1ab2a40225a,scripts/backtest/translated/c4_backlog3_pb_range_lowdebt.py,ok,,2020-01-01..2025-08-31,8.0,-0.7936,0.25,-0.9222,-0.2766,-0.1094,-1.0584,-0.3669,-0.0868,403.0,12.11,0.495,0.001,0.715,0.0121,0.0,0.0174,-0.3669,-0.6478,-0.405,-0.771,0.0,overfitting,95.0,不通过,"WFA阶段未通过(通过折数=0/0, 灾难回撤=False); 按IS→WFA→OOS不可跳级语义判不通过",False,0/0,0.0,"{""stock"": 5128, ""index"": 0, ""etf"": 0, ""proxy"": 0}",246.2
VAL-DIV-NOPEG-020,scripts/backtest/translated/c4_valuation_v2_div_nopeg.py,ok,,2020-01-01..2025-08-31,8.0,-0.9485,0.125,-1.2417,-0.0714,-0.1258,-1.3028,-0.3788,-0.097,403.0,10.78,0.856,0.004,0.638,0.0209,0.0001,0.0156,-0.3788,-0.8833,-0.4668,-0.7571,0.0,overfitting,87.0,不通过,"WFA阶段未通过(通过折数=0/0, 灾难回撤=False); 按IS→WFA→OOS不可跳级语义判不通过",False,0/0,0.0,"{""stock"": 5128, ""index"": 0, ""etf"": 0, ""proxy"": 9}",173.3
VAL-DIV-HIGH-020,scripts/backtest/translated/c4_valuation_div_high.py,ok,,2020-01-01..2025-08-31,8.0,-1.4796,0.125,-0.7688,0.1431,-0.0109,-1.0684,-0.2186,-0.0073,403.0,0.54,0.062,0.0,0.057,0.0015,0.0,0.0014,-0.2186,-0.6731,-0.2204,-0.6352,0.0,overfitting,4568.0,不通过,"WFA阶段未通过(通过折数=0/0, 灾难回撤=False); 按IS→WFA→OOS不可跳级语义判不通过",False,0/0,0.0,"{""stock"": 444, ""index"": 0, ""etf"": 0, ""proxy"": 9}",119.6
CAND-68cc0a6b40ba,scripts/backtest/translated/c4_68cc0a6b40ba_value_select.py,ok,,2020-01-01..2025-08-31,8.0,-0.1281,0.25,-0.7984,-0.2861,-0.0426,-0.4907,-0.0975,-0.021,403.0,2.42,0.093,0.0,0.137,0.0023,0.0,0.0033,-0.0975,-0.2786,-0.1002,-0.3631,0.0005,overfitting,132.0,不通过,"WFA阶段未通过(通过折数=0/0, 灾难回撤=False); 按IS→WFA→OOS不可跳级语义判不通过",False,0/0,0.0,"{""stock"": 5128, ""index"": 0, ""etf"": 0, ""proxy"": 0}",302.0
VAL-PB-LOW-020,scripts/backtest/translated/c4_valuation_pb_low.py,ok,,2020-01-01..2025-08-31,8.0,-1.5001,0.25,-0.7358,0.7591,-0.0117,-1.9646,0.0,-0.0008,403.0,0.0,0.012,0.0,0.012,0.0003,0.0,0.0003,0.0,-1.9525,-1.9669,-1.9596,0.0,overfitting,132.0,不通过,"WFA阶段未通过(通过折数=0/0, 灾难回撤=False); 按IS→WFA→OOS不可跳级语义判不通过",False,0/0,0.0,"{""stock"": 343, ""index"": 2, ""etf"": 0, ""proxy"": 50}",140.1
CAND-3238a5ce80c8,scripts/backtest/translated/c4_backlog3_novice_value5.py,ok,,2020-01-01..2025-08-31,8.0,-1.0615,0.125,-1.1016,0.0908,-0.2951,-0.7367,0.6746,-0.1877,403.0,51.04,3.66,0.019,2.973,0.0893,0.0005,0.0725,0.6746,-0.0868,0.6212,0.0562,0.0003,overfitting,95.0,不通过,"WFA阶段未通过(通过折数=0/0, 灾难回撤=False); 按IS→WFA→OOS不可跳级语义判不通过",False,0/0,0.0,"{""stock"": 5128, ""index"": 0, ""etf"": 0, ""proxy"": 0}",346.7
VAL-PEPB-DOUBLE-020,scripts/backtest/translated/c4_valuation_pe_pb_double.py,ok,,2020-01-01..2025-08-31,8.0,-0.7156,0.375,-0.8184,0.0648,-0.1421,-0.9068,-0.2338,-0.0856,403.0,12.11,0.572,0.002,0.715,0.014,0.0,0.0174,-0.2338,-0.5361,-0.2347,-0.6112,0.0,overfitting,4568.0,不通过,"WFA阶段未通过(通过折数=0/0, 灾难回撤=False); 按IS→WFA→OOS不可跳级语义判不通过",False,0/0,0.0,"{""stock"": 299, ""index"": 0, ""etf"": 0, ""proxy"": 0}",177.8
VAL-WIZ-CITICS-020,scripts/backtest/translated/c4_valuation_v2_wiz_citics.py,ok,,2020-01-01..2025-08-31,8.0,-0.6839,0.25,-0.5052,0.5252,-0.0079,-0.9779,0.2105,-0.0043,403.0,0.58,0.058,0.0,0.045,0.0014,0.0,0.0011,0.2105,-0.4922,0.2116,-0.3364,0.0,overfitting,87.0,不通过,"WFA阶段未通过(通过折数=0/0, 灾难回撤=False); 按IS→WFA→OOS不可跳级语义判不通过",False,0/0,0.0,"{""stock"": 5128, ""index"": 2, ""etf"": 0, ""proxy"": 50}",162.1
CAND-091fee38cd01,scripts/backtest/translated/c4_091fee38cd01_alpha022.py,ok,,2020-01-01..2025-08-31,8.0,-1.3633,0.25,-0.9978,-0.3795,-0.1688,-0.5548,0.1249,-0.0487,403.0,12.11,0.54,0.002,0.686,0.0132,0.0001,0.0167,0.1249,-0.1754,0.1235,-0.2562,0.0004,overfitting,132.0,不通过,"WFA阶段未通过(通过折数=0/0, 灾难回撤=False); 按IS→WFA→OOS不可跳级语义判不通过",False,0/0,0.0,"{""stock"": 299, ""index"": 0, ""etf"": 0, ""proxy"": 0}",77.0
CAND-65ae80c577c9,scripts/backtest/translated/c4_65ae80c577c9_small_cap95.py,ok,,2020-01-01..2025-08-31,8.0,-0.4504,0.25,-0.9544,-0.0483,-0.2575,-1.2168,-0.5641,-0.2177,403.0,12.11,1.215,0.003,1.459,0.0296,0.0001,0.0356,-0.5641,-0.8508,-0.6181,-0.908,0.0,overfitting,4568.0,不通过,"WFA阶段未通过(通过折数=0/0, 灾难回撤=False); 按IS→WFA→OOS不可跳级语义判不通过",False,0/0,0.0,"{""stock"": 4540, ""index"": 0, ""etf"": 0, ""proxy"": 0}",453.5
CAND-5e3284032a17,scripts/backtest/translated/c4_backlog2_wiz_largecap.py,ok,,2020-01-01..2025-08-31,8.0,-1.0757,0.25,-1.093,0.3693,-0.2495,-0.9475,0.6673,-0.14,403.0,50.86,1.976,0.004,3.001,0.0482,0.0001,0.0732,0.6673,0.0313,0.623,-0.2987,0.0001,overfitting,83.0,不通过,"WFA阶段未通过(通过折数=0/0, 灾难回撤=False); 按IS→WFA→OOS不可跳级语义判不通过",False,0/0,0.0,"{""stock"": 5128, ""index"": 0, ""etf"": 0, ""proxy"": 0}",201.9
VAL-PB-LOWTURN-035,scripts/backtest/translated/c4_valuation_v2_pb_lowturn.py,ok,,2020-01-01..2025-08-31,8.0,-0.9286,0.125,-1.0407,0.5294,-0.0204,-1.1951,0.3192,-0.0094,403.0,1.44,0.12,0.0,0.113,0.0029,0.0,0.0028,0.3192,-0.3797,0.1389,-0.343,0.0,overfitting,87.0,不通过,"WFA阶段未通过(通过折数=0/0, 灾难回撤=False); 按IS→WFA→OOS不可跳级语义判不通过",False,0/0,0.0,"{""stock"": 5128, ""index"": 2, ""etf"": 0, ""proxy"": 69}",164.3
CAND-99873fd0bc17,scripts/backtest/translated/c4_99873fd0bc17_macd_single.py,ok,,2020-01-01..2025-08-31,8.0,-2.8286,0.125,-2.8168,0.328,-0.9268,-1.3927,1.3583,-0.5325,403.0,236.73,15.198,0.065,14.891,0.3708,0.0016,0.3633,1.3583,-0.0291,1.3523,-0.001,0.0,overfitting,132.0,不通过,"WFA阶段未通过(通过折数=0/0, 灾难回撤=False); 按IS→WFA→OOS不可跳级语义判不通过",False,0/0,0.0,"{""stock"": 496, ""index"": 0, ""etf"": 0, ""proxy"": 0}",110.1
CAND-bb0b9f37ce93,scripts/backtest/translated/c4_backlog3_div_roe5.py,ok,,2020-01-01..2025-08-31,8.0,-0.7385,0.25,-1.1675,-0.48,-0.1936,-1.5699,-0.9147,-0.1427,403.0,12.11,0.891,0.006,0.686,0.0217,0.0001,0.0167,-0.9147,-1.3252,-0.8808,-1.2337,0.0,overfitting,95.0,不通过,"WFA阶段未通过(通过折数=0/0, 灾难回撤=False); 按IS→WFA→OOS不可跳级语义判不通过",False,0/0,0.0,"{""stock"": 5128, ""index"": 0, ""etf"": 0, ""proxy"": 0}",220.4
CAND-9519cb55d6b7,scripts/backtest/translated/c4_backlog3_peg_ebit_tiny.py,ok,,2020-01-01..2025-08-31,8.0,-0.6535,0.25,-1.2299,-0.1016,-0.2633,-1.5132,-0.6317,-0.2236,403.0,12.11,1.361,0.014,0.686,0.0332,0.0003,0.0167,-0.6317,-0.9795,-0.9922,-0.809,0.0,overfitting,95.0,不通过,"WFA阶段未通过(通过折数=2/8, 灾难回撤=False); 按IS→WFA→OOS不可跳级语义判不通过",False,2/8,0.0,"{""stock"": 5128, ""index"": 0, ""etf"": 0, ""proxy"": 0}",175.9
VAL-PE-ZZ500-020,scripts/backtest/translated/c4_valuation_pe_zz500.py,ok,,2020-01-01..2025-08-31,8.0,-1.2654,0.0,-1.1268,-0.4884,-0.0167,-1.168,-0.457,-0.0074,403.0,0.67,0.056,0.0,0.046,0.0014,0.0,0.0011,-0.457,-0.8502,-0.4619,-0.7796,0.0,overfitting,4568.0,不通过,"WFA阶段未通过(通过折数=0/0, 灾难回撤=False); 按IS→WFA→OOS不可跳级语义判不通过",False,0/0,0.0,"{""stock"": 569, ""index"": 0, ""etf"": 0, ""proxy"": 20}",151.8
CAND-38cceabf3946,scripts/backtest/translated/c4_backlog3_mclean_rev_accel.py,ok,,2020-01-01..2025-08-31,8.0,-0.7817,0.25,-1.0041,-0.6134,-0.1203,-1.1258,-0.552,-0.0959,403.0,12.11,0.472,0.001,0.686,0.0115,0.0,0.0167,-0.552,-0.7911,-0.568,-0.8978,0.0,overfitting,95.0,不通过,"WFA阶段未通过(通过折数=0/0, 灾难回撤=False); 按IS→WFA→OOS不可跳级语义判不通过",False,0/0,0.0,"{""stock"": 5128, ""index"": 0, ""etf"": 0, ""proxy"": 0}",202.9
CAND-b1fb7e2246dd,scripts/backtest/translated/c4_backlog3_peg_ebit_tiny2.py,ok,,2020-01-01..2025-08-31,8.0,-0.2382,0.5,-0.9187,0.0596,-0.2749,-1.3843,-0.6179,-0.2436,403.0,12.11,1.339,0.014,0.686,0.0327,0.0003,0.0167,-0.6179,-0.931,-0.9153,-0.7803,0.0,overfitting,95.0,不通过,"WFA阶段未通过(通过折数=4/8, 灾难回撤=False); 按IS→WFA→OOS不可跳级语义判不通过",False,4/8,0.0,"{""stock"": 5128, ""index"": 0, ""etf"": 0, ""proxy"": 0}",192.9
CAND-e8017cc1adc5,scripts/backtest/translated/c4_e8017cc1adc5_cheap_stock.py,ok,,2020-01-01..2025-08-31,8.0,-0.8945,0.125,-1.2934,-0.3399,-0.0158,-1.0112,0.3608,-0.0083,403.0,1.82,0.119,0.001,0.103,0.0029,0.0,0.0025,0.3608,-0.443,0.363,-0.3494,0.0,overfitting,132.0,不通过,"WFA阶段未通过(通过折数=0/0, 灾难回撤=False); 按IS→WFA→OOS不可跳级语义判不通过",False,0/0,0.0,"{""stock"": 5128, ""index"": 0, ""etf"": 0, ""proxy"": 0}",193.5
CAND-79ae77fb3af7,scripts/backtest/translated/c4_backlog3_peg_growth_tiny.py,ok,,2020-01-01..2025-08-31,8.0,-0.3731,0.375,-0.8993,-0.2354,-0.2705,-1.151,-0.6116,-0.2288,403.0,12.11,1.357,0.016,0.686,0.0331,0.0004,0.0167,-0.6116,-0.8951,-0.7385,-0.7562,0.0,overfitting,95.0,不通过,"WFA阶段未通过(通过折数=3/8, 灾难回撤=False); 按IS→WFA→OOS不可跳级语义判不通过",False,3/8,0.0,"{""stock"": 5128, ""index"": 0, ""etf"": 0, ""proxy"": 0}",161.4
CAND-93aa8f5a2bdd,scripts/backtest/translated/c4_93aa8f5a2bdd_multi_period.py,timeout,driver mark timeout,,,,,,,,,,,,,,,,,,,,,,,,,,,,,,,,
VAL-DIV-PRETTY50-010,scripts/backtest/translated/c4_valuation_v2_pretty50_div.py,ok,,2020-01-01..2025-08-31,8.0,-2.0642,0.125,-2.3414,-0.4066,-0.3336,-1.8868,0.3581,-0.1916,403.0,40.69,3.225,0.018,2.304,0.0787,0.0004,0.0562,0.3581,-0.8405,0.1489,-0.4995,0.0,overfitting,87.0,不通过,"WFA阶段未通过(通过折数=0/0, 灾难回撤=False); 按IS→WFA→OOS不可跳级语义判不通过",False,0/0,0.0,"{""stock"": 5128, ""index"": 0, ""etf"": 0, ""proxy"": 4}",126.5
CAND-0319395c57a7,scripts/backtest/translated/c4_backlog3_mclean_screen.py,ok,,2020-01-01..2025-08-31,8.0,-0.4945,0.25,-0.9092,-0.2427,-0.2779,-1.0783,-0.6449,-0.2202,403.0,12.11,1.289,0.009,0.686,0.0315,0.0002,0.0167,-0.6449,-0.9302,-0.658,-0.7978,0.0,overfitting,95.0,不通过,"WFA阶段未通过(通过折数=2/8, 灾难回撤=False); 按IS→WFA→OOS不可跳级语义判不通过",False,2/8,0.0,"{""stock"": 5128, ""index"": 0, ""etf"": 0, ""proxy"": 0}",152.3
CAND-2b351fd05d5f,scripts/backtest/translated/c4_2b351fd05d5f_ultrashort_lowopen.py,ok,,2020-01-01..2025-08-31,8.0,-1.1407,0.375,-1.3902,-0.3432,-0.8134,-2.189,-0.932,-0.7343,403.0,117.76,9.315,0.14,6.668,0.2273,0.0033,0.1627,-0.932,-1.6328,-0.9933,-1.4347,0.0,overfitting,132.0,不通过,"WFA阶段未通过(通过折数=0/0, 灾难回撤=False); 按IS→WFA→OOS不可跳级语义判不通过",False,0/0,0.0,"{""stock"": 3160, ""index"": 0, ""etf"": 0, ""proxy"": 0}",114.6
CAND-6cb29d4d9ba8,scripts/backtest/translated/c4_6cb29d4d9ba8_mom_rev_300.py,ok,,2020-01-01..2025-08-31,8.0,-0.328,0.375,-0.3613,-0.1981,-0.0411,-0.8023,-0.7098,-0.0387,403.0,1.21,0.062,0.0,0.076,0.0015,0.0,0.0019,-0.7098,-0.7517,-0.7099,-0.7629,0.0,overfitting,132.0,不通过,"WFA阶段未通过(通过折数=0/0, 灾难回撤=False); 按IS→WFA→OOS不可跳级语义判不通过",False,0/0,0.0,"{""stock"": 299, ""index"": 0, ""etf"": 0, ""proxy"": 0}",62.5
CAND-9c0136ec8f42,scripts/backtest/translated/c4_9c0136ec8f42_kucoffee_trend.py,ok,,2020-01-01..2025-08-31,8.0,-0.4543,0.375,-0.1735,0.182,-0.3083,-0.4423,-0.0153,-0.1518,403.0,21.19,0.875,0.006,1.2,0.0213,0.0001,0.0293,-0.0153,-0.1951,-0.0165,-0.2616,0.0007,overfitting,132.0,不通过,"WFA阶段未通过(通过折数=0/0, 灾难回撤=False); 按IS→WFA→OOS不可跳级语义判不通过",False,0/0,0.0,"{""stock"": 279, ""index"": 0, ""etf"": 0, ""proxy"": 0}",135.0
CAND-c30a620e114d,scripts/backtest/translated/c4_c30a620e114d_boll_break.py,ok,,2020-01-01..2025-08-31,8.0,-0.3866,0.375,-0.4863,-0.4428,-0.3532,-1.1102,-1.0678,-0.2876,403.0,2.72,0.105,0.0,0.154,0.0026,0.0,0.0038,-1.0678,-1.0849,-1.0678,-1.0931,0.0,overfitting,132.0,不通过,"WFA阶段未通过(通过折数=0/0, 灾难回撤=False); 按IS→WFA→OOS不可跳级语义判不通过",False,0/0,0.0,"{""stock"": 1, ""index"": 0, ""etf"": 0, ""proxy"": 0}",38.8
CAND-c21459b71a42,scripts/backtest/translated/c4_c21459b71a42_boll_np.py,ok,,2020-01-01..2025-08-31,8.0,-0.458,0.375,-0.5619,-0.5134,-0.3685,-1.1882,-1.1349,-0.2994,403.0,3.33,0.128,0.001,0.189,0.0031,0.0,0.0046,-1.1349,-1.1564,-1.135,-1.1667,0.0,overfitting,132.0,不通过,"WFA阶段未通过(通过折数=0/0, 灾难回撤=False); 按IS→WFA→OOS不可跳级语义判不通过",False,0/0,0.0,"{""stock"": 1, ""index"": 0, ""etf"": 0, ""proxy"": 0}",37.7
CAND-e40a0a1bcda8,scripts/backtest/translated/c4_e40a0a1bcda8_ma5_ma10.py,ok,,2020-01-01..2025-08-31,8.0,-1.1781,0.125,-0.9319,-0.627,-0.5053,-1.362,-1.0152,-0.2834,403.0,19.07,0.855,0.009,1.08,0.0209,0.0002,0.0263,-1.0152,-1.1681,-1.0168,-1.2088,0.0,overfitting,132.0,不通过,"WFA阶段未通过(通过折数=0/0, 灾难回撤=False); 按IS→WFA→OOS不可跳级语义判不通过",False,0/0,0.0,"{""stock"": 1, ""index"": 0, ""etf"": 0, ""proxy"": 0}",38.7
