00001.HK	长和
00002.HK	中电控股
00003.HK	香港中华煤气
00004.HK	九龙仓集团
00005.HK	汇丰控股
00006.HK	电能实业
00007.HK	智富资源投资
00008.HK	电讯盈科
00009.HK	金奥国际
00010.HK	恒隆集团
00011.HK	恒生银行
00012.HK	恒基地产
00013.HK	和黄医药
00014.HK	希慎兴业
00016.HK	新鸿基地产
00017.HK	新世界发展
00018.HK	东方传媒集团
00019.HK	太古股份公司A
00020.HK	商汤-W
00021.HK	大中华控股
00022.HK	茂盛控股
00023.HK	东亚银行
00025.HK	CHEVALIER INT'L
00026.HK	中华汽车
00027.HK	银河娱乐
00028.HK	天安
00029.HK	达力集团
00030.HK	云白国际
00031.HK	航天控股
00032.HK	港通控股
00033.HK	INTL GENIUS
00034.HK	九龙建业
00035.HK	远东发展
00036.HK	远东控股国际
00037.HK	远东酒店实业
00038.HK	第一拖拉机股份
00039.HK	中国北大荒
00040.HK	金山科技工业
00041.HK	鹰君
00042.HK	东北电气
00045.HK	大酒店
00046.HK	科联系统
00048.HK	中国汽车内饰
00050.HK	香港小轮(集团)
00051.HK	海港企业
00052.HK	大快活集团
00053.HK	国浩集团
00055.HK	中星集团控股
00057.HK	震雄集团
00058.HK	新威国际
00059.HK	天誉置业
00060.HK	香港食品投资
00061.HK	绿领控股
00062.HK	载通
00063.HK	中亚烯谷集团
00064.HK	结好控股
00065.HK	弘海高新资源
00066.HK	港铁公司
00068.HK	群核科技
00069.HK	香格里拉(亚洲)
00070.HK	金粤控股
00071.HK	美丽华酒店
00072.HK	超媒体控股
00073.HK	亚洲果业
00075.HK	渝太地产
00076.HK	谊砾控股
00077.HK	进智公共交通
00078.HK	REGAL INT'L
00079.HK	世纪建业
00080.HK	CAI控股
00081.HK	中国海外宏洋集团
00082.HK	疯狂体育
00083.HK	信和置业
00084.HK	宝光实业
00085.HK	中电华大科技
00086.HK	新鸿基公司
00087.HK	太古股份公司B
00088.HK	TAI CHEUNG HOLD
00089.HK	大生地产
00090.HK	普星能量
00091.HK	金禧国际控股
00092.HK	冠军科技集团
00093.HK	零在科技金融
00094.HK	绿心集团
00095.HK	绿景中国地产
00096.HK	YUSEI
00097.HK	恒基发展
00098.HK	兴发铝业
00099.HK	王氏国际
00100.HK	MINIMAX-W
00101.HK	恒隆地产
00102.HK	凯升控股
00103.HK	首佳科技
00104.HK	ASIA COMM HOLD
00105.HK	凯联国际酒店
00106.HK	朗诗绿色管理
00107.HK	四川成渝高速公路
00108.HK	国锐生活
00110.HK	中国长远
00111.HK	信达国际控股
00113.HK	迪生创建
00114.HK	HERALD HOLD
00115.HK	钧濠集团
00116.HK	周生生
00117.HK	天利控股集团
00118.HK	大同机械
00119.HK	保利置业集团
00120.HK	COSMOPOL INT'L
00122.HK	鳄鱼恤
00123.HK	越秀地产
00124.HK	粤海置地
00125.HK	新兴光学
00126.HK	佳宁娜
00127.HK	华人置业
00128.HK	安宁控股
00129.HK	泛海集团
00130.HK	慕诗国际
00131.HK	卓能(集团)
00132.HK	兴业控股
00133.HK	招商局中国基金
00135.HK	昆仑能源
00136.HK	中国儒意
00137.HK	金辉集团
00138.HK	中建富通
00139.HK	小鱼盈通
00142.HK	第一太平
00144.HK	招商局港口
00145.HK	信能低碳
00146.HK	TAI PING CARPET
00147.HK	国际商业结算
00148.HK	建滔集团
00149.HK	中国农产品交易
00150.HK	HYPEBEAST
00151.HK	中国旺旺
00152.HK	深圳国际
00154.HK	北京控股环境集团
00156.HK	力宝华润
00157.HK	自然美
00158.HK	万邦投资
00159.HK	布莱克万矿业
00160.HK	汉国置业
00162.HK	世纪金花
00163.HK	英皇国际
00164.HK	中国宝力科技
00165.HK	中国光大控股
00166.HK	新时代集团控股
00167.HK	IDT INT'L
00168.HK	青岛啤酒股份
00169.HK	万达酒店发展
00171.HK	银建国际
00173.HK	嘉华国际
00174.HK	盛洋投资
00175.HK	吉利汽车
00176.HK	先机企业集团
00177.HK	江苏宁沪高速公路
00178.HK	莎莎国际
00179.HK	德昌电机控股
00180.HK	开达集团
00181.HK	闽港控股
00182.HK	协合新能源
00183.HK	宏辉集团
00184.HK	激成投资
00185.HK	正商实业
00186.HK	敏捷控股
00187.HK	京城机电股份
00188.HK	新华汇富金融
00189.HK	东岳集团
00191.HK	丽新国际
00193.HK	冠中地产
00194.HK	廖创兴企业
00195.HK	绿科科技国际
00196.HK	宏华集团
00197.HK	亨泰
00199.HK	德祥地产
00200.HK	新濠国际发展
00201.HK	华大酒店
00202.HK	润中国际控股
00204.HK	资本界金控
00205.HK	BFB HEALTH
00206.HK	华商能源
00207.HK	大悦城地产
00209.HK	万维智能科技
00210.HK	达芙妮国际
00211.HK	STYLAND HOLD
00212.HK	NANYANG HOLD
00213.HK	NATIONAL ELEC H
00214.HK	汇汉控股
00215.HK	和记电讯香港
00216.HK	建业实业
00217.HK	中国诚通发展集团
00218.HK	申万宏源香港
00219.HK	顺豪物业
00220.HK	统一企业中国
00222.HK	闽信集团
00223.HK	易生活控股
00224.HK	建生国际
00225.HK	博富临置业
00226.HK	力宝
00227.HK	第一上海
00228.HK	中能控股
00229.HK	利民实业
00230.HK	五矿地产
00232.HK	大陆航空科技控股
00234.HK	新世纪集团
00235.HK	中策资本控股
00236.HK	香港生力啤
00237.HK	安全货仓
00239.HK	白花油
00240.HK	利基控股
00241.HK	阿里健康
00242.HK	信德集团
00243.HK	QPL INT'L
00244.HK	先施
00245.HK	中薇金融
00247.HK	TST PROPERTIES
00248.HK	香港通讯国际控股
00251.HK	爪哇控股
00252.HK	华信地产财务
00253.HK	顺豪控股
00254.HK	国家联合资源
00255.HK	龙记集团
00256.HK	冠城钟表珠宝
00257.HK	光大环境
00258.HK	汤臣集团
00259.HK	亿都(国际控股)
00260.HK	幸福控股
00261.HK	GBA集团
00262.HK	迪臣发展国际
00264.HK	中联发展控股
00265.HK	港誉智慧城市服务
00266.HK	天德地产
00267.HK	中信股份
00268.HK	金蝶国际
00269.HK	中国资源交通
00270.HK	粤海投资
00271.HK	亚证地产
00272.HK	瑞安房地产
00274.HK	复兴亚洲
00276.HK	蒙古能源
00277.HK	太兴置业
00279.HK	裕承科金
00280.HK	景福集团
00285.HK	比亚迪电子
00286.HK	爱帝宫
00287.HK	永发置业
00288.HK	万洲国际
00289.HK	WING ON CO
00290.HK	国富量子
00291.HK	华润啤酒
00292.HK	泛海酒店
00293.HK	国泰航空
00294.HK	长江制衣
00295.HK	江山控股
00296.HK	英皇娱乐酒店
00297.HK	中化化肥
00298.HK	庄士中国
00299.HK	宝新置地
00300.HK	美的集团
00301.HK	三和精化
00302.HK	中手游
00303.HK	VTECH HOLDINGS
00305.HK	五菱汽车
00306.HK	冠忠巴士集团
00308.HK	香港中旅
00309.HK	新华通讯频媒
00310.HK	嘉进投资国际
00311.HK	联泰控股
00312.HK	岁宝百货
00313.HK	裕田中国
00314.HK	思派健康
00315.HK	数码通电讯
00316.HK	东方海外国际
00317.HK	中船防务
00318.HK	黄河实业
00320.HK	金宝通
00321.HK	德永佳集团
00322.HK	康师傅控股
00323.HK	马鞍山钢铁股份
00325.HK	布鲁可
00326.HK	中国星集团
00327.HK	百富环球
00328.HK	ALCO HOLDINGS
00329.HK	东建国际
00330.HK	思捷环球
00331.HK	丰盛生活服务
00332.HK	元亨燃气
00333.HK	黛丽斯国际
00334.HK	华显光电
00335.HK	美建集团
00336.HK	华宝国际
00337.HK	绿地香港
00338.HK	上海石油化工股份
00339.HK	全球数字控股
00340.HK	潼关黄金
00341.HK	大家乐集团
00343.HK	文化传信
00345.HK	VITASOY INT'L
00346.HK	延长石油国际
00347.HK	鞍钢股份
00348.HK	中国智能健康
00351.HK	亚洲能源物流
00352.HK	富阳
00353.HK	能源国际投资
00354.HK	中国软件国际
00355.HK	世纪城市国际
00356.HK	鼎立资本
00357.HK	美兰空港
00358.HK	江西铜业股份
00360.HK	新焦点
00361.HK	汉成发展控股
00362.HK	中国天化工
00363.HK	上海实业控股
00365.HK	芯成科技
00366.HK	陆氏集团(越南)
00367.HK	庄士机构国际
00368.HK	德合集团
00369.HK	永泰地产
00370.HK	港仔机器人
00371.HK	北控水务集团
00372.HK	保德国际发展
00373.HK	联合集团
00374.HK	四洲集团
00375.HK	YGM TRADING
00376.HK	云锋金融
00377.HK	中国华君
00379.HK	恒嘉融资租赁
00380.HK	中国管业
00381.HK	权识国际
00382.HK	中汇集团
00383.HK	天安卓健
00384.HK	中国燃气
00385.HK	建联集团
00386.HK	中国石油化工股份
00387.HK	力丰(集团)
00388.HK	香港交易所
00389.HK	通天酒业
00390.HK	中国中铁
00391.HK	美亚娱乐资讯
00392.HK	北京控股
00393.HK	旭日企业
00396.HK	兴利(香港)控股
00397.HK	嬴集团
00398.HK	东方表行集团
00399.HK	星太链集团
00400.HK	硬蛋创新
00401.HK	万嘉集团
00403.HK	星光集团
00405.HK	越秀房产信托基金
00406.HK	有利集团
00408.HK	叶氏化工集团
00410.HK	SOHO中国
00411.HK	南顺(香港)
00412.HK	山高控股
00413.HK	南华集团控股
00417.HK	谢瑞麟
00418.HK	方正控股
00419.HK	弘毅文化集团
00420.HK	福田实业
00422.HK	越南制造加工出口
00423.HK	经济日报集团
00425.HK	敏实集团
00426.HK	万华媒体
00428.HK	中国天弓控股
00430.HK	东方兴业控股
00431.HK	大中华金融
00432.HK	盈大地产
00433.HK	北方矿业
00434.HK	博雅互动
00435.HK	阳光房地产基金
00436.HK	新宇环保
00438.HK	彩虹新能源
00439.HK	瀚源控股
00440.HK	大新金融
00442.HK	域能控股
00444.HK	SINCEREWATCH HK
00450.HK	鸿兴印刷集团
00451.HK	时代数字
00455.HK	天大药业
00456.HK	新城市建设发展
00458.HK	联亚集团
00459.HK	鋑联控股
00460.HK	四环医药
00464.HK	中国智能科技
00465.HK	富通科技
00467.HK	联合能源集团
00468.HK	纷美包装
00470.HK	先导智能
00471.HK	中播数据
00472.HK	新丝路控股集团
00474.HK	信铭生命科技
00475.HK	中发展控股
00476.HK	科轩动力控股
00480.HK	香港兴业国际
00482.HK	圣马丁国际
00483.HK	包浩斯国际
00484.HK	云游控股
00485.HK	中国华星
00486.HK	俄铝
00487.HK	实德环球
00488.HK	丽新发展
00489.HK	东风集团股份
00491.HK	英皇文化产业
00493.HK	国美零售
00495.HK	PALADIN
00496.HK	卡森国际
00497.HK	资本策略地产
00498.HK	蓝河控股
00499.HK	青岛控股
00500.HK	先丰服务集团
00501.HK	豪威集团
00505.HK	兴业合金
00506.HK	中国食品
00508.HK	鼎亿集团投资
00509.HK	世纪阳光
00510.HK	时富金融服务集团
00511.HK	电视广播
00512.HK	远大医药
00513.HK	恒和集团
00515.HK	中华银科技
00517.HK	中远海运国际
00518.HK	同得仕(集团)
00519.HK	诺科达科技
00520.HK	呷哺呷哺
00521.HK	CWT INT'L
00522.HK	ASMPT
00524.HK	长城天下
00525.HK	广深铁路股份
00526.HK	利时集团控股
00527.HK	瑞风新能源
00528.HK	金达控股
00529.HK	SIS INT'L
00531.HK	顺诚
00532.HK	WKK INTL (HOLD)
00533.HK	金利来集团
00535.HK	金地商置
00536.HK	贸易通
00538.HK	味千(中国)
00540.HK	迅捷环球控股
00542.HK	中国文旅农业
00543.HK	太平洋网络
00544.HK	大同集团
00546.HK	阜丰集团
00547.HK	数字王国
00548.HK	深圳高速公路股份
00550.HK	律齐文化
00551.HK	裕元集团
00552.HK	中国通信服务
00553.HK	南京熊猫电子股份
00554.HK	汉思集团控股
00556.HK	泛亚环保
00557.HK	天元医疗
00558.HK	力劲科技
00559.HK	德泰新能源集团
00560.HK	珠江船务
00563.HK	上实城市开发
00564.HK	中创智领
00565.HK	锦艺集团控股
00567.HK	金安智能
00568.HK	山东墨龙
00570.HK	中国中药
00571.HK	丰德丽控股
00572.HK	未来世界控股
00573.HK	稻香控股
00574.HK	百信国际
00575.HK	励晶太平洋
00576.HK	浙江沪杭甬
00579.HK	京能清洁能源
00580.HK	赛晶科技
00581.HK	中国东方集团
00582.HK	神话世界
00583.HK	长城环亚控股
00585.HK	意力国际
00586.HK	海螺创业
00587.HK	海螺环保
00588.HK	北京北辰实业股份
00589.HK	建中建设
00590.HK	六福集团
00591.HK	中国高精密
00592.HK	BOSSINI INT'L
00593.HK	梦东方
00595.HK	AV CONCEPT HOLD
00596.HK	浪潮数字企业
00598.HK	中国外运
00599.HK	怡邦行控股
00600.HK	爱芯元智
00601.HK	稀镁科技
00602.HK	佳华百货控股
00603.HK	中油燃气
00604.HK	深圳控股
00605.HK	中国金融投资管理
00606.HK	中骏商管
00607.HK	丰盛控股
00608.HK	达利国际
00609.HK	天德化工
00610.HK	WAI KEE HOLD
00611.HK	中国核能科技
00612.HK	嘉文世纪投资公司
00613.HK	梧桐国际
00616.HK	财富链
00617.HK	百利保控股
00618.HK	北大资源
00619.HK	南华金融
00620.HK	大唐西市
00621.HK	坛金矿业
00622.HK	威华达控股
00623.HK	中视金桥
00626.HK	大众金融控股
00627.HK	共生智筑
00628.HK	通通AI社交
00629.HK	悦达国际控股
00630.HK	隽泰控股
00631.HK	三一国际
00632.HK	中港石油
00635.HK	彩星集团
00636.HK	KLN
00637.HK	利记
00638.HK	广和通
00639.HK	首钢资源
00640.HK	星谦发展
00641.HK	中国恒天立信国际
00643.HK	恒富控股
00645.HK	安域亚洲
00646.HK	中国环保科技
00648.HK	京玖康疗
00650.HK	普达特科技
00653.HK	卓悦控股
00655.HK	香港华人有限公司
00656.HK	复星国际
00657.HK	环科国际
00658.HK	中国高速传动
00659.HK	周大福创建
00660.HK	玮俊生物科技
00661.HK	中国大冶有色金属
00662.HK	亚洲金融
00663.HK	金山能源
00664.HK	铜师傅
00666.HK	瑞浦兰钧
00667.HK	中国东方教育
00668.HK	安克创新
00669.HK	创科实业
00670.HK	中国东方航空股份
00672.HK	众安集团
00673.HK	中国卫生集团
00674.HK	中国唐商
00675.HK	坚宝国际
00676.HK	创信国际
00677.HK	金源发展国际实业
00679.HK	亚洲联网(五千)
00681.HK	中民控股
00682.HK	超大现代
00683.HK	嘉里建设
00684.HK	亚伦国际
00685.HK	世界华文媒体
00686.HK	北京能源国际
00687.HK	泰升集团
00688.HK	中国海外发展
00689.HK	长盈集团(控股)
00690.HK	联康生物科技集团
00691.HK	山水水泥
00693.HK	陈唱国际
00694.HK	北京首都机场股份
00695.HK	东吴水泥
00696.HK	中国民航信息网络
00697.HK	首程控股
00698.HK	通达集团
00699.HK	均胜电子
00700.HK	腾讯控股
00701.HK	CNT GROUP
00702.HK	中国油气控股
00703.HK	FUTURE BRIGHT
00704.HK	和嘉控股
00707.HK	亚洲电视控股
00708.HK	恒大汽车
00709.HK	佐丹奴国际
00710.HK	京东方精电
00711.HK	亚洲联合基建控股
00712.HK	卡姆丹克太阳能
00713.HK	世界(集团)
00715.HK	中泛控股
00716.HK	胜狮货柜
00717.HK	英皇资本
00718.HK	太和控股
00719.HK	山东新华制药股份
00720.HK	意达利控股
00721.HK	中国金融国际-新
00722.HK	联合医务
00723.HK	信保环球控股
00724.HK	瑞鑫国际集团
00725.HK	恒都集团
00726.HK	筑友智造科技
00727.HK	皇冠环球集团
00728.HK	中国电信
00730.HK	首惠产业金融
00731.HK	建发新胜
00732.HK	信利国际
00733.HK	合富辉煌
00736.HK	中国置业投资
00737.HK	湾区发展
00738.HK	莱尔斯丹
00743.HK	亚洲水泥(中国)
00745.HK	中国国家文化产业
00746.HK	理文化工
00747.HK	渖阳公用发展股份
00750.HK	水发兴业能源
00751.HK	创维集团
00752.HK	PICO FAR EAST
00753.HK	中国国航
00754.HK	合生创展集团
00755.HK	大方广瑞德
00756.HK	森美控股
00757.HK	阳光能源
00759.HK	CEC INT'L HOLD
00760.HK	新天地产集团
00762.HK	中国联通
00763.HK	中兴通讯
00764.HK	永恒策略
00765.HK	PERFECTECH INTL
00767.HK	中基长寿科学
00768.HK	开明投资
00769.HK	中国稀土
00770.HK	沪光国际
00771.HK	自动系统
00772.HK	阅文集团
00775.HK	长江生命科技
00776.HK	帝国科技集团
00777.HK	网龙
00778.HK	置富产业信托
00780.HK	同程旅行
00784.HK	凌锐控股
00788.HK	中国铁塔
00789.HK	雅天妮集团
00794.HK	锦胜集团(控股)
00797.HK	第七大道
00798.HK	中电光谷
00799.HK	IGG
00800.HK	文远知行-W
00802.HK	中国钱包
00804.HK	鼎石资本
00805.HK	新吉奥房车
00806.HK	惠理集团
00807.HK	上海实业环境
00808.HK	泓富产业信托
00809.HK	大成生化科技
00810.HK	中国铸晨81
00811.HK	新华文轩
00812.HK	西证国际证券
00813.HK	世茂集团
00814.HK	北京京客隆
00815.HK	中国白银集团
00816.HK	金茂服务
00817.HK	中国金茂
00818.HK	高阳科技
00819.HK	天能动力
00821.HK	汇盈控股
00822.HK	嘉瑞国际
00823.HK	领展房产基金
00825.HK	新世界百货中国
00826.HK	天工国际
00827.HK	玖源集团
00828.HK	王朝酒业
00829.HK	神冠控股
00830.HK	中国建筑兴业
00831.HK	利亚零售
00832.HK	建业地产
00833.HK	华讯
00834.HK	康大食品
00836.HK	华润电力
00837.HK	谭木匠
00838.HK	亿和控股
00839.HK	中教控股
00840.HK	天业节水
00841.HK	木薯资源
00842.HK	理士国际
00844.HK	广泰国际控股
00845.HK	恒盛地产
00846.HK	明发集团
00848.HK	茂业国际
00851.HK	盛源控股
00852.HK	海峡石油化工
00853.HK	微创医疗
00854.HK	威雅利
00855.HK	中国水务
00856.HK	伟仕佳杰
00857.HK	中国石油股份
00858.HK	精优药业
00859.HK	中昌国际控股
00860.HK	APOLLO出行
00861.HK	神州控股
00862.HK	远见控股(新)
00863.HK	OSL集团
00864.HK	永利地产发展
00865.HK	建德国际控股
00866.HK	中国秦发
00867.HK	康哲药业
00868.HK	信义玻璃
00869.HK	彩星玩具
00871.HK	中国疏浚环保
00873.HK	世茂服务
00874.HK	白云山
00875.HK	从玉智农
00876.HK	佳兆业健康
00878.HK	金朝阳集团
00880.HK	澳博控股
00881.HK	中升控股
00882.HK	天津发展
00883.HK	中国海洋石油
00884.HK	旭辉控股集团
00887.HK	英皇钟表珠宝
00888.HK	链信控股
00889.HK	连达科技控股
00893.HK	中国铁钛
00894.HK	万裕科技
00895.HK	东江环保
00896.HK	兴胜创建
00897.HK	位元堂
00898.HK	万事昌国际
00899.HK	中加国信
00900.HK	AEON CREDIT
00901.HK	华曦达
00902.HK	华能国际电力股份
00905.HK	胡桃资本
00906.HK	中粮包装
00907.HK	高雅光学
00909.HK	明源云
00910.HK	中国三迪
00911.HK	前海健康
00912.HK	信佳国际
00913.HK	港湾数字
00914.HK	海螺水泥
00915.HK	道和环球
00916.HK	龙源电力
00917.HK	趣致集团
00918.HK	龙翼航空科技
00919.HK	现代健康科技
00921.HK	海信家电
00922.HK	安贤园中国
00923.HK	综合环保集团
00924.HK	坤集团
00925.HK	北京建设
00926.HK	碧生源
00927.HK	富士高实业
00928.HK	帝王国际投资
00929.HK	国际精密
00931.HK	中国港能
00932.HK	顺腾国际控股
00933.HK	非凡领越
00934.HK	中石化冠德
00936.HK	佳兆业资本
00938.HK	民生国际
00939.HK	建设银行
00941.HK	中国移动
00943.HK	中证国际
00945.HK	宏利金融-S
00947.HK	摩比发展
00948.HK	阿尔法企业
00950.HK	李氏大药厂
00951.HK	超威动力
00952.HK	华富建业金融
00953.HK	邵氏兄弟控股
00954.HK	常茂生物
00956.HK	新天绿色能源
00959.HK	世纪娱乐国际
00960.HK	龙湖集团
00966.HK	中国太平
00968.HK	信义光能
00969.HK	华联国际
00970.HK	新耀莱
00973.HK	L'OCCITANE
00974.HK	中国顺客隆
00975.HK	MONGOL MINING
00976.HK	齐合环保
00978.HK	招商局置地
00979.HK	绿色能源科技集团
00980.HK	联华超市
00981.HK	中芯国际
00982.HK	华发物业服务
00983.HK	瑞安建业
00984.HK	永旺
00986.HK	杜甫酒业集团-新
00987.HK	中国再生能源投资
00989.HK	中国长白山国际
00990.HK	至源控股
00991.HK	大唐发电
00992.HK	联想集团
00993.HK	信控国际资本
00994.HK	中天宏信
00995.HK	安徽皖通高速公路
00997.HK	普汇中金国际
00998.HK	中信银行
00999.HK	小菜园
01000.HK	北青传媒
01001.HK	沪港联合
01002.HK	威铖国际
01003.HK	欢喜传媒
01004.HK	中国智慧能源
01005.HK	MATRIX HOLDINGS
01007.HK	龙辉国际控股
01008.HK	力图控股
01009.HK	国际娱乐
01010.HK	天玺曜11
01011.HK	泰凌医药
01013.HK	伟俊集团控股
01015.HK	STOCK1015
01016.HK	STOCK1016
01017.HK	STOCK1017
01018.HK	STOCK1018
01020.HK	中细软科技
01021.HK	华沿机器人
01022.HK	飞鱼科技
01023.HK	时代集团控股
01024.HK	快手-W
01025.HK	嘉艺控股
01026.HK	环球实业科技
01027.HK	亚洲策略科技
01028.HK	千百度
01029.HK	铁货
01030.HK	新城发展
01033.HK	中石化油服
01034.HK	富汇国际集团控股
01036.HK	万科海外
01037.HK	云智汇科技
01038.HK	长江基建集团
01039.HK	畅由国际集团
01044.HK	恒安国际
01045.HK	亚太卫星
01046.HK	寰宇娱乐文化
01047.HK	毅兴行
01049.HK	时富投资
01050.HK	嘉利国际
01051.HK	国际资源
01052.HK	越秀交通基建
01053.HK	重庆钢铁股份
01055.HK	中国南方航空股份
01057.HK	浙江世宝
01058.HK	南粤控股
01059.HK	看通集团
01060.HK	大麦娱乐
01061.HK	亿胜生物科技
01062.HK	国开国际投资
01063.HK	新确科技
01064.HK	中华国际
01065.HK	天津创业环保股份
01066.HK	威高股份
01068.HK	雨润食品
01069.HK	中国健康科技集团
01070.HK	TCL电子
01071.HK	华电国际电力股份
01072.HK	东方电气
01073.HK	大禹金融
01075.HK	首都信息
01079.HK	松景科技
01080.HK	胜利管道
01081.HK	大金重工
01082.HK	源宇宙教育
01083.HK	港华智慧能源
01084.HK	绿新生物科技
01085.HK	亨鑫科技
01086.HK	好孩子国际
01087.HK	威讯控股
01088.HK	中国神华
01090.HK	大明国际
01091.HK	南方锰业
01093.HK	石药集团
01094.HK	承辉国际
01097.HK	有线宽频
01098.HK	路劲
01099.HK	国药控股
01100.HK	飞达控股
01101.HK	华荣能源
01102.HK	环能国际
01104.HK	亚太资源
01105.HK	星岛
01107.HK	当代置业
01108.HK	凯盛新能
01109.HK	华润置地
01110.HK	金活医药集团
01111.HK	华视集团控股
01112.HK	H&H国际控股
01113.HK	长实集团
01114.HK	华晨中国
01115.HK	5100藏冰川
01116.HK	慧源同创科技
01117.HK	现代牧业
01118.HK	高力集团
01119.HK	创梦天地
01120.HK	雅视光学
01121.HK	金阳新能源
01122.HK	庆铃汽车股份
01123.HK	中港照相
01124.HK	沿海家园
01125.HK	丽丰控股
01126.HK	德林国际
01127.HK	狮子山集团
01128.HK	永利澳门
01129.HK	中国水业集团
01130.HK	中国环境资源
01132.HK	橙天嘉禾
01133.HK	哈尔滨电气
01134.HK	恒发光学
01137.HK	香港科技探索
01138.HK	中远海能
01140.HK	华科智能投资
01141.HK	民银资本
01142.HK	能源及能量环球
01143.HK	中国储能科技发展
01145.HK	勇利投资
01146.HK	汇成国际控股
01147.HK	伊登软件
01148.HK	新晨动力
01150.HK	米兰站
01152.HK	正乾金融控股
01153.HK	佳源服务
01156.HK	CHINANEWENERGY
01157.HK	中联重科
01159.HK	智数科技集团
01160.HK	金石资本集团
01161.HK	奥思集团
01162.HK	莹岚集团
01163.HK	虎视传媒
01164.HK	中广核矿业
01165.HK	顺风清洁能源
01166.HK	星凯控股
01167.HK	加科思-B
01168.HK	Z FIN
01170.HK	信星集团
01171.HK	兖矿能源
01172.HK	融太集团
01173.HK	威高国际
01176.HK	珠光控股
01177.HK	中国生物制药
01179.HK	华住集团-S
01180.HK	汇彩控股
01181.HK	唐宫中国
01182.HK	胜龙国际
01183.HK	澳能建设
01184.HK	S.A.S. DRAGON
01185.HK	中国航天万源
01186.HK	中国铁建
01187.HK	可孚医疗
01188.HK	正道集团
01189.HK	大湾区聚变力量
01191.HK	海光芯正
01193.HK	华润燃气
01195.HK	京维集团
01196.HK	伟禄集团
01198.HK	皇朝家居
01199.HK	中远海运港口
01200.HK	美联集团
01201.HK	天臣控股
01202.HK	四威科技
01203.HK	广南(集团)
01204.HK	博维智慧
01205.HK	中信资源
01206.HK	同方泰德
01207.HK	上置集团
01208.HK	五矿资源
01209.HK	华润万象生活
01210.HK	克莉丝汀
01211.HK	比亚迪股份
01213.HK	万保刚集团
01215.HK	开源控股
01216.HK	中原银行
01217.HK	中国创新投资
01218.HK	永义国际
01220.HK	志道国际
01221.HK	SINO HOTELS
01222.HK	WANG ON GROUP
01223.HK	新沣集团
01224.HK	中渝置地
01225.HK	隆成金融
01226.HK	中国投融资
01228.HK	北海康成-B
01229.HK	南南资源
01231.HK	新矿资源
01232.HK	金轮天地控股
01233.HK	时代中国控股
01234.HK	中国利郎
01235.HK	专业旅运
01236.HK	乐动机器人
01237.HK	中科生物
01238.HK	宝龙地产
01239.HK	TEAMWAY INTL GP
01240.HK	青建国际
01241.HK	双桦控股
01243.HK	宏安地产
01244.HK	思路迪医药股份
01245.HK	NIRAKU
01246.HK	保集健康
01247.HK	米格国际控股
01250.HK	山高新能源
01251.HK	华油能源
01252.HK	中国天瑞水泥
01253.HK	绿博生态
01255.HK	TATA健康
01257.HK	中国光大绿色环保
01258.HK	中国有色矿业
01259.HK	未来发展控股
01260.HK	皓天财经集团
01262.HK	蜡笔小新食品
01263.HK	栢能集团
01265.HK	天津津燃公用
01266.HK	西王特钢
01268.HK	美东汽车
01269.HK	首控集团
01270.HK	朗廷-SS
01271.HK	佳明集团控股
01272.HK	大唐环境
01273.HK	香港信贷
01274.HK	知行科技
01276.HK	恒瑞医药
01277.HK	力量发展
01278.HK	中国新城镇
01280.HK	奇点国峰
01281.HK	鑫达投资控股
01282.HK	中泽丰
01283.HK	高陞集团控股
01284.HK	新传企划
01285.HK	嘉士利集团
01286.HK	鹰普精密
01288.HK	农业银行
01289.HK	盛力达科技
01290.HK	中国汇融
01292.HK	长安民生物流
01293.HK	广汇宝信
01298.HK	云能国际
01299.HK	友邦保险
01300.HK	俊知集团
01301.HK	德基科技控股
01302.HK	先健科技
01303.HK	汇力资源
01304.HK	FORTIOR
01305.HK	伟志控股
01308.HK	海丰国际
01310.HK	香港宽频
01312.HK	华控康泰
01313.HK	华润建材科技
01314.HK	翠华控股
01315.HK	绿色经济
01316.HK	耐世特
01317.HK	枫叶教育
01318.HK	毛戈平
01319.HK	霭华押业信贷
01321.HK	中国新城市
01323.HK	华盛国际控股
01326.HK	传递娱乐
01327.HK	励时集团
01328.HK	金涌投资
01329.HK	首创钜大
01330.HK	绿色动力环保
01332.HK	透云生物
01333.HK	博雷顿
01334.HK	瑞昌国际控股
01335.HK	顺泰控股
01336.HK	新华保险
01338.HK	霸王集团
01339.HK	中国人民保险集团
01340.HK	惠生国际
01341.HK	昊天国际建投
01343.HK	伟源控股
01345.HK	上海先锋控股
01346.HK	利华控股集团
01347.HK	华虹宏力
01348.HK	滉达富控股
01349.HK	复旦张江
01351.HK	辉煌明天
01354.HK	经发物业
01355.HK	朸浚国际
01357.HK	美图公司
01358.HK	普华和顺
01359.HK	中国信达
01360.HK	诺发集团
01361.HK	361度
01362.HK	新龙移动
01364.HK	古茗
01368.HK	特步国际
01370.HK	奥威控股
01371.HK	中国生态旅游
01372.HK	中国碳中和
01373.HK	国际家居零售
01375.HK	中州证券
01376.HK	RAFFLESINTERIOR
01378.HK	中国宏桥
01379.HK	温岭工量刃具
01380.HK	中国金石
01381.HK	粤丰环保
01382.HK	互太纺织
01383.HK	LET GROUP
01384.HK	滴普科技
01385.HK	上海复旦
01387.HK	中国地利
01388.HK	安莉芳控股
01389.HK	美捷汇控股
01392.HK	海清智元
01393.HK	恒鼎实业
01395.HK	强泰环保
01396.HK	粤港湾智算
01397.HK	碧瑶绿色集团
01398.HK	工商银行
01399.HK	锐信控股
01400.HK	满地科技股份
01401.HK	未来机器有限公司
01402.HK	超智能控股
01405.HK	达势股份
01406.HK	清晰医疗
01407.HK	交运燃气
01408.HK	濠江机电
01410.HK	安领国际
01412.HK	隽思集团
01413.HK	铸帝控股
01415.HK	高伟电子
01416.HK	CTR HOLDINGS
01417.HK	浦江中国
01418.HK	盛诺集团
01419.HK	盈健医疗
01420.HK	川控股
01421.HK	恒昌集团国际
01425.HK	捷隆控股
01426.HK	春泉产业信托
01427.HK	中国天保集团
01428.HK	耀才证券金融
01429.HK	天任集团
01431.HK	原生态牧业
01432.HK	中国圣牧
01433.HK	常达控股
01439.HK	移动互联(中国)
01440.HK	应星控股
01442.HK	鹰辉物流
01443.HK	富临集团控股
01446.HK	鸿福堂
01447.HK	新福港
01448.HK	福寿园
01449.HK	立德教育
01450.HK	交个朋友控股
01451.HK	万成集团股份
01452.HK	迪诺斯环保
01455.HK	科利实业控股
01456.HK	国联民生
01458.HK	周黑鸭
01459.HK	巨匠建设
01460.HK	扬科集团
01461.HK	中泰期货
01463.HK	C-LINK SQ
01466.HK	佰金生命科学
01468.HK	嘉高达资本
01469.HK	结好金融
01470.HK	富一国际控股
01471.HK	众淼控股
01472.HK	生兴控股
01473.HK	环联连讯
01475.HK	日清食品
01476.HK	金融街证券
01477.HK	欧康维视生物-B
01478.HK	丘钛科技
01480.HK	恩达集团控股
01481.HK	竣球控股
01483.HK	网誉科技
01486.HK	思城控股
01488.HK	百福控股
01489.HK	GC CONSTRUCTION
01490.HK	AI X TECH
01495.HK	集一控股
01496.HK	亚积邦租赁
01497.HK	燕之屋
01498.HK	培力农本方
01499.HK	欧科云链
01500.HK	现恒建筑
01501.HK	瑛泰医疗
01502.HK	金融街物业
01503.HK	招商局商业房托
01508.HK	中国再保险
01511.HK	驭势科技
01513.HK	丽珠医药
01515.HK	华润医疗
01516.HK	融创服务
01518.HK	新世纪医疗
01519.HK	极兔速递-W
01520.HK	天机控股
01521.HK	方达控股
01522.HK	京投交通科技
01523.HK	珩湾科技
01525.HK	建桥教育
01526.HK	瑞慈医疗
01527.HK	天洁环境
01528.HK	红星美凯龙
01529.HK	乐氏国际控股
01530.HK	三生制药
01532.HK	中国派对文化
01536.HK	煜荣集团
01538.HK	中奥到家
01539.HK	知行集团控股
01540.HK	澳狮环球
01541.HK	宜明昂科-B
01542.HK	台州水务
01543.HK	中盈盛达融资担保
01545.HK	设计都会
01546.HK	德莱建业
01547.HK	IBI GROUP HLDGS
01548.HK	金斯瑞生物科技
01549.HK	永丰集团控股
01551.HK	广州农商银行
01552.HK	BHCC HOLDING
01553.HK	迈科管业
01555.HK	MI能源
01556.HK	建业建荣
01557.HK	剑虹集团控股
01558.HK	东阳光长江药业
01559.HK	均安控股
01560.HK	星星集团
01561.HK	联洋智能控股
01563.HK	友联国际教育租赁
01565.HK	成实外教育
01566.HK	华夏文化科技
01568.HK	承达集团
01569.HK	民生教育
01570.HK	伟业控股
01571.HK	信邦控股
01572.HK	中国艺术金融
01575.HK	皇庭智家
01576.HK	齐鲁高速
01577.HK	汇鑫小贷
01578.HK	天津银行
01579.HK	颐海国际
01580.HK	大森控股
01581.HK	进升集团控股
01582.HK	华营建筑
01583.HK	亲亲食品
01585.HK	雅迪控股
01586.HK	力鸿检验
01587.HK	欣融国际
01588.HK	畅捷通
01591.HK	汛和集团
01592.HK	基石控股
01593.HK	辰林教育
01596.HK	翼辰实业
01597.HK	纳泉能源科技
01598.HK	21世纪教育
01599.HK	城建设计
01600.HK	天伦燃气
01601.HK	中关村科技租赁
01606.HK	国银金租
01608.HK	伟能集团
01609.HK	天星医疗
01610.HK	中粮家佳康
01611.HK	新火集团
01612.HK	永胜医疗
01613.HK	协同通信
01615.HK	奥邦建筑
01616.HK	一元宇宙
01617.HK	南方通信
01618.HK	中国中冶
01620.HK	富盈环球集团
01621.HK	域高国际控股
01622.HK	力高集团
01623.HK	海隆控股
01626.HK	嘉耀控股
01627.HK	安保工程控股
01628.HK	禹洲集团
01629.HK	冠均国际控股
01630.HK	建成控股
01631.HK	REF HOLDINGS
01632.HK	民商创科
01633.HK	上谕集团
01635.HK	大众公用
01636.HK	中国金属利用
01637.HK	顺兴集团控股
01638.HK	佳兆业集团
01640.HK	千循科技
01641.HK	红星冷链
01643.HK	现代中药集团
01645.HK	海纳智能
01647.HK	雄岸科技
01650.HK	HYGIEIA GROUP
01651.HK	津上机床中国
01652.HK	福森药业
01653.HK	MOS HOUSE
01655.HK	OKURA HOLDINGS
01656.HK	亿仕登控股
01657.HK	桦欣控股
01658.HK	邮储银行
01660.HK	七元投资
01661.HK	中国前沿科技集团
01662.HK	义合控股
01663.HK	汉港控股
01665.HK	槟杰科达
01666.HK	同仁堂科技
01667.HK	迪米生活控股
01668.HK	华南城
01669.HK	环球信贷集团
01671.HK	天保能源
01672.HK	歌礼制药-B
01673.HK	华章科技
01675.HK	亚信科技
01676.HK	高地股份(一万)
01679.HK	瑞斯康集团
01680.HK	澳门励骏
01681.HK	康臣药业
01682.HK	杭品生活科技
01683.HK	旷逸国际
01685.HK	博耳电力
01686.HK	新意网集团
01687.HK	PRC B2710
01688.HK	领益智造
01689.HK	华禧控股
01690.HK	立基工程控股
01691.HK	JS环球生活
01692.HK	登辉控股
01693.HK	璋利国际
01695.HK	椰丰集团
01696.HK	复锐医疗科技
01697.HK	山东国信
01698.HK	腾讯音乐-SW
01699.HK	普甜食品
01701.HK	途屹控股
01702.HK	东光化工
01703.HK	谊和股份
01705.HK	宾仕国际
01706.HK	双运控股
01707.HK	致浩达控股
01708.HK	三宝科技
01709.HK	德林控股
01710.HK	致丰工业电子
01711.HK	欧化
01712.HK	龙资源
01713.HK	四川能投发展
01715.HK	智慧健康科技
01716.HK	毛记葵涌
01717.HK	澳优
01718.HK	宏基集团控股
01719.HK	中国通商集团
01720.HK	普天通信集团
01721.HK	FSM HOLDINGS
01722.HK	建鹏控股
01723.HK	恒月控股
01725.HK	中国技术集团
01726.HK	HKE HOLDINGS
01727.HK	河北建设
01728.HK	正通汽车
01729.HK	汇聚科技
01730.HK	LHN
01731.HK	其利工业集团
01732.HK	象兴国际
01733.HK	易大宗
01735.HK	中环新能源
01736.HK	中国育儿网络
01737.HK	亚洲实业集团
01738.HK	飞尚无烟煤
01739.HK	齐屹科技
01740.HK	新石文化
01741.HK	成志控股
01742.HK	HPC HOLDINGS
01745.HK	驴迹科技
01746.HK	万顺集团控股
01747.HK	HOME CONTROL
01748.HK	信源企业集团
01749.HK	杉杉品牌
01750.HK	全达电器集团控股
01751.HK	智算能建
01752.HK	澳洲成峰高教
01753.HK	兑吧
01755.HK	新城悦服务
01756.HK	中国科教产业
01757.HK	环球华商俱乐部
01758.HK	博骏教育
01759.HK	中油洁能控股
01760.HK	英恒科技
01761.HK	宝宝树集团
01762.HK	万咖壹联
01763.HK	中国同辐
01765.HK	希教国际控股
01766.HK	中国中车
01767.HK	TS WONDERS
01768.HK	鸣鸣很忙
01769.HK	思考乐教育
01770.HK	东方科脉
01771.HK	新丰泰集团
01772.HK	赣锋锂业
01773.HK	天立国际控股
01775.HK	精英汇集团
01776.HK	广发证券
01777.HK	花样年控股
01778.HK	彩生活
01779.HK	天辰生物-B
01780.HK	荣尊国际控股
01782.HK	国际商业数字技术
01783.HK	晋景新能
01785.HK	成都高速
01786.HK	铁建装备
01787.HK	山东黄金
01788.HK	国泰君安国际
01789.HK	爱康医疗
01790.HK	达力环保
01792.HK	CMON
01793.HK	伟工控股
01795.HK	亚东集团
01796.HK	中国数智科技
01797.HK	东方甄选
01798.HK	大唐新能源
01799.HK	新特能源
01800.HK	中国交通建设
01801.HK	信达生物
01802.HK	文业集团
01803.HK	北京体育文化
01808.HK	企展控股
01809.HK	浦林成山
01810.HK	小米集团-W
01811.HK	中广核新能源
01812.HK	晨鸣纸业
01813.HK	合景泰富集团
01815.HK	珠峰黄金
01816.HK	中广核电力
01817.HK	慕尚集团控股
01818.HK	招金矿业
01820.HK	济丰包装
01821.HK	ESR
01822.HK	中木国际
01823.HK	华昱高速
01825.HK	STERLING GP
01826.HK	丰展控股
01827.HK	卓珈控股
01828.HK	富卫集团
01830.HK	完美医疗
01831.HK	十方控股
01832.HK	海天地悦旅
01833.HK	平安好医生
01835.HK	瑞威资管
01836.HK	九兴控股
01837.HK	五谷磨房
01841.HK	优越集团控股
01842.HK	植华集团
01843.HK	快餐帝国
01845.HK	维港环保科技
01846.HK	德视佳
01847.HK	云南建投混凝土
01848.HK	中国飞机租赁
01849.HK	秀商时代控股
01850.HK	美好生活集团控股
01851.HK	银杏教育
01853.HK	春城热力
01854.HK	中国万天控股
01855.HK	中庆股份
01856.HK	依波路
01857.HK	中国光大水务
01858.HK	春立医疗
01859.HK	煜盛文化
01860.HK	汇量科技
01861.HK	保宝龙科技
01862.HK	景瑞控股
01863.HK	中国龙天集团
01865.HK	鹏高控股集团
01866.HK	中国心连心化肥
01867.HK	标准发展集团
01868.HK	同方友友
01869.HK	猫屎咖啡控股
01870.HK	益美国际控股
01871.HK	向中国际
01872.HK	冠轈控股
01873.HK	维亚生物
01875.HK	东曜药业-B
01876.HK	百威亚太
01877.HK	君实生物
01878.HK	南戈壁
01879.HK	曦智科技-P
01880.HK	中国中免
01881.HK	富豪产业信托
01882.HK	海天国际
01883.HK	中信国际电讯
01884.HK	EPRINT集团
01888.HK	建滔积层板
01889.HK	三爱健康集团
01890.HK	中国科培
01891.HK	兴合控股
01894.HK	恒益控股
01895.HK	鑫苑服务
01896.HK	猫眼娱乐
01897.HK	美亨实业
01898.HK	中煤能源
01899.HK	兴达国际
01900.HK	中国智能交通
01901.HK	飞扬集团
01902.HK	银城国际控股
01903.HK	JBB BUILDERS
01905.HK	海通恒信
01906.HK	博尼控股
01907.HK	中国旭阳集团
01908.HK	建发国际集团
01909.HK	火岩控股
01910.HK	新秀丽
01911.HK	华兴资本控股
01912.HK	康特隆
01913.HK	普拉达
01915.HK	泰和小贷
01916.HK	江西银行
01917.HK	豆盟科技
01918.HK	融创中国
01919.HK	中远海控
01920.HK	巨美集团
01921.HK	达力普控股
01922.HK	瑞森生活服务
01925.HK	旷世芳香
01927.HK	久久王
01928.HK	金沙中国有限公司
01929.HK	周大福
01930.HK	勋龙
01931.HK	华检医疗
01932.HK	中漆集团
01933.HK	元力控股
01935.HK	嘉宏教育
01936.HK	利特米
01937.HK	佳辰控股
01938.HK	珠江钢管
01939.HK	上善黄金
01940.HK	CGII HLDGS
01941.HK	烨星集团
01942.HK	马可数字科技
01943.HK	金石控股集团
01945.HK	清科控股
01947.HK	美皓集团
01948.HK	优矩控股
01949.HK	佰达国际控股
01950.HK	帝王实业控股
01951.HK	锦欣生殖
01952.HK	云顶新耀
01953.HK	RIMBACO
01955.HK	庄臣控股
01956.HK	中科闻歌
01957.HK	大人国际
01958.HK	北京汽车
01959.HK	中聚投资
01960.HK	TBKS HLDGS
01961.HK	多牛科技
01962.HK	训修实业
01963.HK	重庆银行
01965.HK	朗诗绿色生活
01966.HK	中骏集团控股
01967.HK	信恳智能
01968.HK	兴纺控股
01969.HK	中国春来
01970.HK	IMAX CHINA
01971.HK	弘阳服务
01972.HK	太古地产
01973.HK	天图投资
01975.HK	新兴印刷
01977.HK	安乐工程
01978.HK	叙福楼集团
01979.HK	天宝集团
01980.HK	天鸽互动
01981.HK	华夏控股
01982.HK	南旋控股
01983.HK	泸州银行
01985.HK	美高域
01986.HK	彩客新能源
01987.HK	BENG SOON MACH
01988.HK	民生银行
01989.HK	广合科技
01991.HK	大洋集团
01992.HK	复星旅游文化
01993.HK	雅仕维
01995.HK	永升服务
01996.HK	弘阳地产
01997.HK	九龙仓置业
01999.HK	敏华控股
02000.HK	晨讯科技
02001.HK	新高教集团
02002.HK	阳光纸业
02003.HK	维信金科
02005.HK	石四药集团
02007.HK	碧桂园
02008.HK	凤凰卫视
02009.HK	金隅集团
02011.HK	进腾集团
02012.HK	阳光油砂
02013.HK	微盟集团
02015.HK	理想汽车-W
02016.HK	浙商银行
02017.HK	沧海控股
02018.HK	瑞声科技
02019.HK	德信中国
02020.HK	安踏体育
02022.HK	游莱互动
02023.HK	中国绿岛科技
02025.HK	瑞丰动力
02026.HK	小马智行-W
02028.HK	映美控股
02030.HK	卡宾
02031.HK	澳至尊
02033.HK	时计宝
02038.HK	富智康集团
02039.HK	中集集团
02048.HK	易居企业控股
02050.HK	三花智控
02051.HK	VALA
02057.HK	中通快递-W
02060.HK	浦江国际
02066.HK	盛京银行
02068.HK	中铝国际
02076.HK	BOSS直聘-W
02078.HK	荣阳实业
02080.HK	奥克斯国际
02086.HK	高维科技
02088.HK	西王置业
02096.HK	先声药业
02097.HK	蜜雪集团
02098.HK	卓尔智联
02099.HK	中国黄金国际
02100.HK	百奥家庭互动
02101.HK	福禄控股
02102.HK	德利机械
02105.HK	来凯医药-B
02107.HK	第一服务控股
02108.HK	K2 F&B
02110.HK	天成控股
02111.HK	超盈国际控股
02112.HK	恩典生命科技
02113.HK	世纪集团国际
02115.HK	捷芯隆
02116.HK	江苏创新
02117.HK	大唐集团控股
02119.HK	捷荣国际控股
02120.HK	康宁医院
02121.HK	创新奇智
02122.HK	凯知乐国际
02125.HK	稻草熊娱乐
02126.HK	药明巨诺-B
02127.HK	汇森股份
02128.HK	中国联塑
02129.HK	LEGION CONSO
02130.HK	嘉泓物流
02131.HK	云想科技
02132.HK	誉燊丰控股
02135.HK	瑞丽医美
02136.HK	利福中国
02137.HK	腾盛博药-B
02138.HK	医思健康
02139.HK	甘肃银行
02142.HK	和铂医药-B
02145.HK	上美股份
02146.HK	荣万家
02147.HK	正味集团
02148.HK	VESYNC
02149.HK	贝克微
02150.HK	奈雪的茶
02152.HK	苏新服务
02153.HK	达丰设备
02155.HK	森松国际
02156.HK	建发物业
02157.HK	乐普生物
02158.HK	医渡科技
02159.HK	麦迪卫康
02160.HK	微创心通-B
02161.HK	健倍苗苗
02162.HK	康诺亚-B
02163.HK	远大住工
02165.HK	领悦服务集团
02166.HK	芯智控股
02167.HK	天润云
02168.HK	佳兆业美好
02169.HK	沧港铁路
02170.HK	贝康医疗-B
02171.HK	科济药业-B
02172.HK	微创脑科学
02175.HK	中国通才教育
02176.HK	赛迪顾问
02177.HK	优趣汇控股
02178.HK	百勤油服
02179.HK	瑞科生物-B
02180.HK	万宝盛华
02181.HK	迈博药业-B
02182.HK	天长集团
02185.HK	百心安-B
02186.HK	绿叶制药
02187.HK	智欣集团控股
02188.HK	泰坦能源技术
02189.HK	嘉涛(香港)控股
02190.HK	归创通桥
02191.HK	顺丰房托
02192.HK	医脉通
02193.HK	万景控股
02195.HK	盈汇企业控股
02196.HK	复星医药
02197.HK	三叶草生物-B
02198.HK	中国三江化工
02199.HK	维珍妮
02202.HK	万科企业
02203.HK	脑洞科技
02205.HK	康桥悦生活
02207.HK	融信服务
02208.HK	金风科技
02209.HK	喆丽控股
02210.HK	京城佳业
02211.HK	大健康国际
02212.HK	高鹏矿业
02215.HK	德信服务集团
02216.HK	堃博医疗-B
02217.HK	谭仔国际
02218.HK	安德利果汁
02219.HK	朝聚眼科
02221.HK	创业集团控股
02222.HK	雷士国际
02223.HK	卡撒天娇
02225.HK	今海医疗科技
02226.HK	老恒和酿造
02227.HK	守益控股
02228.HK	晶泰控股
02230.HK	羚邦集团
02231.HK	景业名邦集团
02232.HK	晶苑国际
02233.HK	西部水泥
02235.HK	微泰医疗-B
02236.HK	惠生工程
02237.HK	中国石墨
02238.HK	广汽集团
02239.HK	国微控股
02245.HK	力勤资源
02246.HK	快狗打车
02250.HK	小黄鸭德盈
02251.HK	鹰瞳科技-B
02252.HK	微创机器人-B
02255.HK	海昌海洋公园
02256.HK	和誉-B
02257.HK	圣诺医药-B
02258.HK	华滋国际海洋
02259.HK	紫金黄金国际
02260.HK	环龙控股
02262.HK	梁志天设计集团
02263.HK	富石金融
02265.HK	鸿承环保科技
02266.HK	黎氏企业
02268.HK	药明合联
02269.HK	药明生物
02270.HK	德商产投服务
02271.HK	众安智慧生活
02272.HK	科拓股份
02273.HK	固生堂
02276.HK	康耐特光学
02279.HK	雍禾医疗
02280.HK	慧聪集团
02281.HK	兴泸水务
02282.HK	美高梅中国
02283.HK	东江集团控股
02285.HK	泉峰控股
02286.HK	辰兴发展
02288.HK	宏基资本
02289.HK	创美药业
02290.HK	龙丰集团
02291.HK	心泰医疗
02292.HK	晋安实业
02293.HK	百本医护
02295.HK	丰城控股
02297.HK	润迈德-B
02298.HK	都市丽人
02299.HK	百宏实业
02302.HK	中核国际
02306.HK	乐华娱乐
02307.HK	锦兴国际控股
02309.HK	大象未来集团
02310.HK	时代环球集团
02312.HK	LONG投资集团
02313.HK	申洲国际
02314.HK	理文造纸
02315.HK	百奥赛图-B
02317.HK	味丹国际
02318.HK	中国平安
02319.HK	蒙牛乳业
02320.HK	合丰集团
02321.HK	双财庄
02322.HK	新质数字
02323.HK	融科控股
02324.HK	首都创投
02325.HK	云康集团
02326.HK	新源万恒控股
02327.HK	美瑞健康国际
02328.HK	中国财险
02329.HK	国瑞健康
02330.HK	中国上城
02331.HK	李宁
02333.HK	长城汽车
02335.HK	麦科医药-B
02336.HK	硕奥国际
02337.HK	众诚能源
02338.HK	潍柴动力
02339.HK	京西国际
02340.HK	昇柏控股
02341.HK	中怡国际
02342.HK	京信通信
02343.HK	太平洋航运
02347.HK	友和集团
02348.HK	东瑞制药
02349.HK	中国城市基础设施
02350.HK	数科集团
02352.HK	东原仁知服务
02355.HK	宝业集团
02356.HK	大新银行集团
02357.HK	中航科工
02358.HK	久融控股
02359.HK	药明康德
02360.HK	优品360
02361.HK	中康科技控股
02362.HK	金川国际
02363.HK	通达宏泰
02367.HK	巨子生物
02368.HK	鹰美
02369.HK	酷派集团
02370.HK	力高健康生活
02371.HK	创联控股
02372.HK	伟立控股
02373.HK	美丽田园医疗健康
02376.HK	鲁商服务
02377.HK	博奇环保
02378.HK	保诚
02380.HK	中国电力
02381.HK	蚬壳电业
02382.HK	舜宇光学科技
02383.HK	TOM集团
02385.HK	读书郎
02386.HK	中石化炼化工程
02388.HK	中银香港
02389.HK	北京健康
02390.HK	知乎-W
02391.HK	涂鸦智能-W
02392.HK	玄武云
02393.HK	巨星医疗控股
02396.HK	华芢生物-B
02399.HK	中国安储能源
02400.HK	心动公司
02402.HK	亿华通
02405.HK	力盟科技
02407.HK	高视医疗
02408.HK	遇见小面
02409.HK	洲际船务
02410.HK	同源康医药-B
02411.HK	百果园集团
02415.HK	梅斯健康
02416.HK	易点云
02418.HK	德银天下
02419.HK	德康农牧
02420.HK	子不语
02421.HK	嘉创地产
02422.HK	润歌互动
02423.HK	贝壳-W
02425.HK	澳亚集团
02427.HK	GUANZE MEDICAL
02429.HK	友宝在线
02431.HK	佑驾创新
02432.HK	越疆
02433.HK	中天湖南集团
02436.HK	凌雄科技
02438.HK	出门问问
02439.HK	中宝新材
02440.HK	迷策略
02442.HK	怡俊集团控股
02443.HK	汽车街
02448.HK	恒宇集团
02450.HK	淮北绿金股份
02451.HK	绿源集团控股
02453.HK	美中嘉和
02455.HK	润华服务
02457.HK	步阳国际
02458.HK	望尘科技控股
02459.HK	升能集团
02460.HK	华润饮料
02465.HK	龙蟠科技
02469.HK	粉笔
02473.HK	喜相逢集团
02476.HK	胜宏科技
02477.HK	经纬天地
02479.HK	天聚地合
02480.HK	绿竹生物-B
02481.HK	双良睿能
02482.HK	维天运通
02483.HK	K CASH集团
02486.HK	普乐师集团控股
02487.HK	科笛-B
02488.HK	元征科技
02489.HK	集海黄金
02490.HK	乐舱物流
02493.HK	迈威生物-B
02495.HK	声通科技
02496.HK	友芝友生物-B
02497.HK	富景中国控股
02498.HK	速腾聚创
02499.HK	佛朗斯股份
02500.HK	启明医疗-B
02501.HK	迈越科技
02502.HK	金源氢化
02503.HK	中深建业
02505.HK	EDA集团控股
02506.HK	讯飞医疗科技
02507.HK	西锐
02508.HK	圣贝拉集团
02509.HK	荃信生物-B
02510.HK	德翔海运
02511.HK	君圣泰医药-B
02512.HK	云工场
02513.HK	智谱
02515.HK	天津建发
02516.HK	泛远国际
02517.HK	锅圈
02518.HK	汽车之家-S
02519.HK	傲基股份
02520.HK	山西安装
02521.HK	升辉清洁
02522.HK	一脉阳光
02525.HK	禾赛-W
02526.HK	德适-B
02527.HK	PTT N3508
02528.HK	尚晋国际控股
02529.HK	泓盈城市服务
02530.HK	纽曼思
02531.HK	广联科技控股
02533.HK	黑芝麻智能
02535.HK	泓基集团
02536.HK	百乐皇宫
02539.HK	乐摩科技
02540.HK	乐思集团
02543.HK	大行科工
02545.HK	中赣通信
02546.HK	智汇矿业
02549.HK	卡罗特
02550.HK	宜搜科技
02551.HK	晶科电子股份
02552.HK	华领医药-B
02553.HK	首钢朗泽
02555.HK	茶百道
02556.HK	迈富时
02558.HK	晋商银行
02559.HK	嘀嗒出行
02560.HK	海螺材料科技
02561.HK	维昇药业-B
02562.HK	狮腾控股
02563.HK	华昊中天医药-B
02565.HK	派格生物医药-B
02566.HK	九源基因
02567.HK	七牛智能
02568.HK	CNOOC F03 N3305
02569.HK	舒宝国际
02570.HK	重塑能源
02571.HK	赛目科技
02573.HK	新琪安
02575.HK	轩竹生物-B
02576.HK	太美医疗科技
02577.HK	英诺赛科
02579.HK	中伟新材
02580.HK	奥克斯电气
02581.HK	明基医院
02582.HK	国富氢能
02583.HK	西普尼
02585.HK	梦金园
02586.HK	多点数智
02587.HK	健康之路
02588.HK	中银航空租赁
02589.HK	沪上阿姨
02590.HK	极智嘉-W
02591.HK	银诺医药-B
02592.HK	拨康视云-B
02593.HK	草姬集团
02595.HK	劲方医药-B
02596.HK	宜宾银行
02597.HK	讯众通信
02598.HK	连连数字
02599.HK	祥生控股集团
02600.HK	中国铝业
02601.HK	中国太保
02602.HK	万物云
02603.HK	吉宏股份
02605.HK	METALIGHT
02607.HK	上海医药
02608.HK	阳光100中国
02609.HK	佰泽医疗
02610.HK	南山铝业国际
02611.HK	国泰海通
02613.HK	汇舸环保
02615.HK	百利天恒
02616.HK	基石药业-B
02617.HK	药捷安康-B
02618.HK	京东物流
02619.HK	香江电器
02621.HK	手回集团
02623.HK	香港黄金产业集团
02625.HK	江苏宏信
02627.HK	中慧生物-B
02628.HK	中国人寿
02629.HK	MIRXES-B
02630.HK	旺山旺水-B
02631.HK	天岳先进
02632.HK	泽景股份
02633.HK	雅各臣科研制药
02635.HK	诺比侃
02637.HK	海西新药
02638.HK	港灯-SS
02643.HK	曹操出行
02648.HK	安井食品
02649.HK	优乐赛共享
02650.HK	挚达科技
02651.HK	大众口腔
02652.HK	长风药业
02655.HK	果下科技
02656.HK	健康160
02657.HK	林清轩
02658.HK	天域半导体
02659.HK	宝济药业-B
02660.HK	禅游科技
02661.HK	轻松健康
02663.HK	应力控股
02665.HK	图达通
02666.HK	环球医疗
02667.HK	同仁堂医养
02668.HK	百德国际
02669.HK	中海物业
02670.HK	云迹
02671.HK	美联股份
02672.HK	白鸽在线
02675.HK	精锋医疗-B
02676.HK	纳芯微
02677.HK	卓正医疗
02678.HK	天虹国际集团
02680.HK	创陞控股
02682.HK	润利海事
02683.HK	华新手袋国际控股
02685.HK	量化派
02687.HK	卓越睿新
02688.HK	新奥能源
02689.HK	玖龙纸业
02691.HK	南华期货股份
02692.HK	兆威机电
02693.HK	金岩高岭新材
02695.HK	印象大红袍
02696.HK	复宏汉霖
02697.HK	真健康医疗-B
02698.HK	乐舒适
02699.HK	新明中国(新)
02700.HK	格林国际控股
02701.HK	国民技术
02706.HK	海致科技集团
02708.HK	艾伯科技
02714.HK	牧原股份
02715.HK	埃斯顿
02718.HK	明略科技-W
02720.HK	乐欣户外
02722.HK	重庆机电
02723.HK	深演智能
02726.HK	瀚天天成
02727.HK	上海电气
02728.HK	金泰能源控股
02729.HK	凯乐士科技
02738.HK	华津国际控股
02768.HK	国恩科技
02772.HK	中梁控股
02777.HK	富力地产
02778.HK	冠君产业信托
02779.HK	中国新华教育
02788.HK	创新实业
02789.HK	远大中国
02798.HK	久泰邦达能源
02799.HK	中信金融资产
02800.HK	盈富基金
02801.HK	安硕中国
02802.HK	A南方国指备兑
02803.HK	PP中国基石
02804.HK	PP越南
02805.HK	银河博时东盟
02806.HK	GX中国消费
02807.HK	GX中国机智
02809.HK	GX中国洁能
02810.HK	PP新兴东盟
02812.HK	三星中国龙网
02814.HK	三星FANG
02815.HK	GX中国小巨人
02817.HK	PP国债
02818.HK	潘渡比特币
02819.HK	ABF港债指数
02820.HK	GX中国生科
02821.HK	沛富基金
02822.HK	南方A50
02823.HK	安硕A50
02824.HK	易方达黄金矿
02825.HK	标智香港100
02826.HK	GX中国云算
02827.HK	标智沪深300
02828.HK	恒生中国企业
02829.HK	安硕中国国债
02830.HK	南方沙特
02832.HK	博时科创50
02834.HK	安硕纳指一百
02835.HK	辉立香港新股
02836.HK	安硕印度
02837.HK	GX恒生科技
02838.HK	恒生富时中国50
02839.HK	华夏A50
02840.HK	SPDR金
02841.HK	GX中国医疗科技
02843.HK	东汇A50
02845.HK	GX中国电车
02846.HK	安硕沪深三百
02848.HK	TR韩国
02858.HK	易鑫集团
02863.HK	高丰集团控股
02865.HK	钧达股份
02866.HK	中远海发
02869.HK	绿城服务
02877.HK	神威药业
02878.HK	晶门半导体
02880.HK	辽港股份
02881.HK	武汉有机
02882.HK	金至尊集团
02883.HK	中海油田服务
02885.HK	彼岸控股
02886.HK	滨海投资
02888.HK	渣打集团
02889.HK	博泰车联
02892.HK	万城控股
02898.HK	盛禾生物-B
02899.HK	紫金矿业
02954.HK	佳兆业健康
02957.HK	中国金融国际-旧
02958.HK	远见控股(旧)
02959.HK	杜甫酒业集团-旧
02962.HK	新明中国(旧)
02965.HK	亚洲联网(一万)
02967.HK	嘉高达资本
02968.HK	新华通讯频媒
02969.HK	大成生化科技
02971.HK	中国生态旅游
02973.HK	高地股份(四千)
02974.HK	雅高控股
03001.HK	PP中地美债
03003.HK	南方明晟A50
03004.HK	南方东英越南30
03005.HK	X南方中五百
03006.HK	AGX AI科技
03007.HK	TRMSCI中国
03008.HK	博时比特币
03009.HK	博时以太币
03010.HK	安硕亚洲除日
03011.HK	A工银中金美
03012.HK	东汇香港35
03015.HK	XTRN50印度
03020.HK	XTR美国
03024.HK	标智上证50
03029.HK	GX恒生ESG
03030.HK	南方黄金
03031.HK	FG恒生红利
03032.HK	恒生科技ETF
03033.HK	南方恒生科技
03034.HK	南方纳指一百
03036.HK	TR台湾
03037.HK	南方恒指ETF
03038.HK	恒生A股低碳
03039.HK	易方达恒指ESG
03040.HK	GX中国
03041.HK	GX中国政银债券
03042.HK	华夏比特币
03046.HK	华夏以太币
03047.HK	F山证铁矿石
03050.HK	GX中国全球领导
03053.HK	A南方港元
03056.HK	A潘渡创新
03059.HK	GX亚洲绿债
03064.HK	GX亚太
03066.HK	FA南方比特币
03067.HK	安硕恒生科技
03068.HK	FA南方以太币
03069.HK	华夏恒生生科
03070.HK	平安香港高息
03071.HK	A中金港元
03074.HK	安硕MS台湾
03075.HK	GX亚洲美债
03076.HK	富邦台湾半导体
03077.HK	PP美国库
03081.HK	价值黄金
03084.HK	AGX印度
03085.HK	潘渡以太币
03086.HK	华夏纳指
03087.HK	XTR越南
03088.HK	华夏恒生科技
03096.HK	A南方美元
03097.HK	FGX原油
03101.HK	南方A500
03102.HK	工银KWEB
03104.HK	AGX亚洲
03108.HK	嘉实ESG领
03109.HK	南方科创板50
03110.HK	GX恒生股息
03111.HK	易方达A50
03112.HK	A潘渡区块链
03115.HK	安硕恒生指数
03116.HK	GX亚太高股息率
03118.HK	嘉实明晟A股
03119.HK	GX亚洲半导体
03121.HK	南方KOSPI
03122.HK	A南方人民币
03128.HK	恒生A股龙头
03129.HK	中银大湾气候
03132.HK	三星环球半导体
03133.HK	南方沪深三百
03134.HK	南方太阳能
03135.HK	FA三星比特币
03136.HK	恒指ESGETF
03137.HK	AGX美元
03139.HK	AGX电车机器人
03140.HK	华夏港美AI
03141.HK	华夏亚投债
03145.HK	华夏亚洲高息股
03146.HK	华夏20美债
03147.HK	X南方中创业
03150.HK	GX日本全球领导
03151.HK	PP科创50
03152.HK	A博时港元
03153.HK	南方日经225
03156.HK	博时20美债
03158.HK	GX韩流音乐文化
03160.HK	华夏日股对冲
03161.HK	A华夏人民币
03165.HK	华夏欧优股对冲
03167.HK	工银南方中国
03169.HK	嘉实中美科技50
03170.HK	恒生黄金ETF
03171.HK	A三星区块链
03173.HK	PP中新经济
03174.HK	南方恒生生科
03175.HK	F三星原油期
03176.HK	A泰康美元
03179.HK	嘉实以太币
03181.HK	PP亚洲创科
03182.HK	标智新经济ESG
03184.HK	GX印度精选十强
03185.HK	GX金融科技
03186.HK	易方达生物医药
03187.HK	三星高息房托
03188.HK	华夏沪深三百
03189.HK	易方达白酒
03190.HK	富邦沪深港高股息
03191.HK	GX中国半导
03192.HK	A博时人民币
03193.HK	南方中证5G
03195.HK	恒生标普五百
03196.HK	A博时美元
03199.HK	工银南方国债
03200.HK	大族数控
03268.HK	美格智能
03277.HK	长光辰芯
03288.HK	海天味业
03296.HK	华勤技术
03300.HK	中国玻璃
03301.HK	融信中国
03302.HK	精技集团
03303.HK	巨涛海洋石油服务
03306.HK	江南布衣
03309.HK	希玛医疗
03310.HK	云英谷科技
03311.HK	中国建筑国际
03313.HK	雅高控股
03315.HK	金邦达宝嘉
03316.HK	滨江服务
03317.HK	迅策
03318.HK	中国波顿
03319.HK	雅生活服务
03320.HK	华润医药
03321.HK	中科集团控股
03322.HK	永嘉集团
03323.HK	中国建材
03326.HK	保发集团
03328.HK	交通银行
03329.HK	交银国际
03330.HK	灵宝黄金
03331.HK	维达国际
03332.HK	中生联合
03333.HK	中国恒大
03336.HK	巨腾国际
03337.HK	安东油田服务
03339.HK	中国龙工
03347.HK	泰格医药
03348.HK	中国鹏飞集团
03355.HK	飞速创新
03360.HK	远东宏信
03363.HK	正业国际
03366.HK	华侨城(亚洲)
03368.HK	百盛集团
03369.HK	秦港股份
03377.HK	远洋集团
03378.HK	翰思艾泰-B
03380.HK	龙光集团
03382.HK	天津港发展
03383.HK	雅居乐集团
03388.HK	创想三维
03389.HK	亨得利
03390.HK	满贯集团
03393.HK	威胜控股
03395.HK	吉星新能源
03396.HK	联想控股
03398.HK	华鼎控股
03399.HK	粤运交通
03401.HK	GXAI基础设施
03402.HK	GX中美科技
03403.HK	华夏恒ESG
03404.HK	华夏印度
03406.HK	平安科技精选
03410.HK	恒生日本东证一百
03411.HK	PP亚洲美债
03412.HK	A都会电子支付
03413.HK	A都会人工智能
03415.HK	AGX标普兑
03416.HK	AGX国指兑
03417.HK	AGX恒科备兑
03418.HK	华夏数字黄金
03419.HK	A GX恒指备兑
03420.HK	A惠理人民币
03421.HK	A惠理港元
03422.HK	GX创新蓝筹十强
03423.HK	招商恒生科技
03425.HK	MBC以太币
03426.HK	A都会WEB3
03427.HK	富邦多元资产
03428.HK	GX国寿港美
03430.HK	MBC比特币
03431.HK	南方港韩科技
03432.HK	南方港股通
03433.HK	南方美国国债20
03434.HK	易方达数科
03435.HK	恒生招商七十美债
03436.HK	恒生招商一三美债
03437.HK	博时央企红利
03439.HK	嘉实比特币
03440.HK	GX03月债
03441.HK	南方东西精选
03442.HK	南方港美科技
03443.HK	南方香港股票
03444.HK	恒生香港股票
03447.HK	南方亚太房托
03448.HK	GX中国科技
03450.HK	GX35美债
03451.HK	AGX纳指兑
03453.HK	PP台湾50
03454.HK	南方美股七巨头
03455.HK	景顺QQQ
03456.HK	易方达港交所科技
03457.HK	A泰康港元
03460.HK	华夏SOL
03461.HK	A华夏人币数
03466.HK	恒生高息股
03469.HK	南方港股通红利
03470.HK	GX大中华
03471.HK	A华夏港元数
03472.HK	A华夏美元数
03473.HK	南方亚洲科技
03476.HK	A恒生摩根美入息
03477.HK	平安东西精选
03478.HK	PP沙特国债
03480.HK	A惠理美元
03483.HK	易方达高股息
03486.HK	易方达亚洲半导体
03488.HK	惠理港美红利低波
03489.HK	易方达AI
03509.HK	易方达MPFA股
03519.HK	A恒生国指备兑
03533.HK	XAGX金兑
03535.HK	南方港日现金流
03579.HK	易方达MPF港股
03589.HK	A恒生科技备兑
03600.HK	现代牙科
03601.HK	鲁大师
03603.HK	信基沙溪
03606.HK	福耀玻璃
03611.HK	花房集团
03613.HK	同仁堂国药
03616.HK	恒达集团控股
03618.HK	重庆农村商业银行
03623.HK	中国金融发展
03625.HK	傅里叶
03626.HK	启明东方控股
03628.HK	仁恒实业控股
03633.HK	中裕能源
03636.HK	金浔资源
03638.HK	亨利加集团
03639.HK	亿达中国
03650.HK	KEEP
03658.HK	新希望服务
03660.HK	奇富科技-S
03661.HK	圣邦股份
03662.HK	星悦康旅
03666.HK	上海小南国
03668.HK	兖煤澳大利亚
03669.HK	永达汽车
03677.HK	正力新能
03678.HK	弘业期货
03680.HK	瑞和数智
03681.HK	中国抗体-B
03683.HK	荣丰亿控股
03686.HK	祈福生活服务
03688.HK	莱蒙国际
03689.HK	康华医疗
03690.HK	美团-W
03692.HK	翰森制药
03696.HK	英矽智能
03698.HK	徽商银行
03699.HK	光大永年
03700.HK	映宇宙
03708.HK	世界数字经济产业
03709.HK	赢家时尚
03718.HK	北控城市资源
03728.HK	正利控股
03737.HK	中智药业
03738.HK	阜博集团
03750.HK	宁德时代
03759.HK	康龙化成
03768.HK	滇池水务
03773.HK	银盛数惠
03774.HK	亮晴控股
03778.HK	中国织材控股
03788.HK	罕王黄金
03789.HK	御佳控股
03798.HK	家乡互动
03800.HK	协鑫科技
03808.HK	中国重汽
03813.HK	宝胜国际
03816.HK	KFM金德
03818.HK	中国动向
03822.HK	三和建筑集团
03828.HK	明辉国际
03830.HK	童园国际
03833.HK	新疆新鑫矿业
03836.HK	和谐汽车
03838.HK	中国淀粉
03839.HK	正大企业国际
03848.HK	浩森金融科技
03858.HK	佳鑫国际资源
03860.HK	EPS创健科技
03866.HK	青岛银行
03868.HK	信义能源
03869.HK	弘和仁爱医疗
03877.HK	中国船舶租赁
03878.HK	VICON HOLDINGS
03880.HK	泰德医药
03881.HK	希迪智驾
03882.HK	天彩控股
03883.HK	中国奥园
03886.HK	康健国际医疗
03887.HK	HASHKEY HLDGS
03888.HK	金山软件
03889.HK	大成玉米集团
03893.HK	易纬集团
03896.HK	金山云
03898.HK	时代电气
03899.HK	中集安瑞科
03900.HK	绿城中国
03903.HK	瀚华金控
03908.HK	中金公司
03913.HK	合景悠活
03918.HK	金界控股
03919.HK	金力集团
03928.HK	中国新零售供应链
03931.HK	中创新航
03933.HK	联邦制药
03938.HK	LFG投资控股
03939.HK	万国黄金集团
03952.HK	来福谐波
03958.HK	东方证券
03963.HK	融众金融
03968.HK	招商银行
03969.HK	中国通号
03978.HK	卓越教育集团
03983.HK	中海石油化学
03986.HK	兆易创新
03988.HK	中国银行
03989.HK	首创环境
03990.HK	美的置业
03991.HK	长虹佳华
03993.HK	洛阳钼业
03996.HK	中国能源建设
03997.HK	电讯首科
03998.HK	波司登
03999.HK	大成食品
04018.HK	EFN 2.07 2608
04024.HK	EFN 1.51 2702
04030.HK	EFN 0.80 2708
04036.HK	EFN 1.49 2802
04042.HK	EFN 2.49 2808
04048.HK	EFN 2.48 2902
04054.HK	EFN 2.24 2908
04100.HK	EFN 2.77 2608
04101.HK	EFN 3.19 2611
04104.HK	EFN 3.34 2702
04105.HK	EFN 2.16 2705
04106.HK	EFN 1.85 2708
04107.HK	EFN 2.40 2711
04108.HK	EFN 2.23 2802
04111.HK	EFN 2.52 2805
04200.HK	HKGB FRN 2702
04201.HK	HKGB 2.91 3302
04202.HK	HKGB FRN 2705
04203.HK	HKGB GR 5605
04204.HK	HKGB GR 3405
04205.HK	HKGB GR 3105
04206.HK	HKGB 2.96 3106
04227.HK	HKGB 2.13 3007
04232.HK	HKGB 1.89 3203
04233.HK	HKGB SUKUK 2702
04235.HK	HKGB 1.25 2706
04236.HK	HKGB 1.97 2901
04237.HK	HKGB 2.02 3403
04242.HK	HKGB GREEN 3102
04243.HK	HKGB GREEN 5102
04244.HK	HKGB 1.59 3603
04248.HK	HKGB GREEN 3111
04249.HK	HKGB GREEN 2611
04250.HK	HKGB GREEN 4111
04255.HK	HKGB 3.30 4205
04258.HK	HKGB 3.74 3801
04260.HK	HKGB GREEN 2801
04261.HK	HKGB GREEN 3301
04262.HK	HKGB GREEN 5301
04264.HK	HKGB GREEN 3001
04268.HK	HKGB GREEN 2806
04269.HK	HKGB GREEN 3306
04270.HK	HKGB GREEN 2706
04271.HK	HKGB GREEN 3206
04273.HK	政府绿债二六一零
04280.HK	HKGB GR 2707
04281.HK	HKGB GR 3107
04283.HK	HKGB 2.89 2710
04284.HK	HKGB 3.23 2912
04286.HK	政府基债二七一二
04287.HK	HKGB 3.75 3912
04288.HK	HKGB 3.84 3501
04290.HK	HKGB 3.99 4503
04291.HK	HKGB 2.76 2804
04293.HK	HKGB 2.70 3005
04294.HK	HKGB 3.17 3507
04295.HK	HKGB FRN 2608
04296.HK	HKGB FRN 2611
04297.HK	HKGB GR 2811
04298.HK	HKGB GR 2911
04299.HK	HKGB GR 2711
04304.HK	ZJ XC INV B2701
04305.HK	JIAN CHG N2701
04309.HK	CICCMTN N2701
04310.HK	CICCMTN N2701B
04314.HK	CITIC LTD N3109
04316.HK	AIR AUTH N3201
04317.HK	CITIC LTD N4609
04318.HK	AIR AUTH N5201
04319.HK	CCBL1CORP N2905
04320.HK	AIR AUTH N6201
04321.HK	MTRC N3401
04322.HK	AGRBK N2701B
04324.HK	ZJ CB B2701
04325.HK	AIR AUTH N2701
04326.HK	HN SFIC B2701
04329.HK	DY SOAI B2701
04396.HK	STOCK 4396
04406.HK	AZORB IV N2801
04407.HK	GZ DDH B2701
04408.HK	LINK FIN N3201
04411.HK	CCTHK N2701
04413.HK	AGRBK N2701
04415.HK	TH UNIC B2801
04416.HK	FWD GHL SPCSC
04418.HK	RUDONGJX B2701C
04423.HK	CINDA FIN N2802
04424.HK	CINDA FIN N4802
04427.HK	GRNL GLB N2902
04432.HK	CCB B3201
04438.HK	CHINA OVS N2907
04439.HK	SXSY CIO N2701
04441.HK	BOCL N2803
04442.HK	XIN YUE B2701
04446.HK	CITIC LTD N3803
04457.HK	AIA GROUP N2804
04466.HK	CITIC LTD N4804
04467.HK	ICBCIL FN N2701
04469.HK	CINDA20 N2701
04472.HK	JOY TREA N2702
04476.HK	CHINA OVS N2804
04478.HK	CNOOCF15U N2805
04482.HK	STATEGRI N2805
04488.HK	CDB N2702
04492.HK	CITIC LT N2702B
04493.HK	CITIC LTD N3202
04497.HK	CHALCO CH B2702
04498.HK	HKMC N2702
04501.HK	MIDEA INV N2702
04502.HK	SINOCHEM N4011
04504.HK	BOCL N2702
04505.HK	SUN EXP N2703
04507.HK	CNOOC F11 N4101
04508.HK	CISI FIN B2702
04512.HK	HAICHUAN B2702
04514.HK	CNPC OVS N4104
04515.HK	STATEGRID N2705
04516.HK	STATEGRID N4705
04517.HK	JIAN CHG N2702
04518.HK	CDBL FND2 N2703
04522.HK	WHARF FIN N2609
04523.HK	CLP-PF N2610
04525.HK	SINOPEC N2609
04526.HK	NWD (MTN) N2905
04528.HK	RONGSHI N2905
04529.HK	HKMC N2902
04530.HK	HKMC N3402
04531.HK	ANJI QCLF B2702
04532.HK	AGRBK N2703
04534.HK	MTRC N3403
04535.HK	NANCHANG B2703
04542.HK	SX FIN B2703
04543.HK	YCP B2703
04545.HK	SOAR WISE N2703
04546.HK	SHUIFA B2703
04547.HK	CNOOC F12 N4205
04551.HK	CFAMC IV N2905
04552.HK	CX URBAN B2703
04554.HK	DEQING B2703
04555.HK	SINOPEC N4205
04557.HK	HAIXI OSI B2703
04561.HK	SPD BK N2703
04566.HK	AIA GRP SDS3404
04567.HK	GZ JK B2704
04568.HK	ZJ CB B2703
04569.HK	CTNA INV B2704
04571.HK	FE HORI N2704
04575.HK	CDB N2704
04576.HK	CLP-PF N2710
04577.HK	CDB N2704B
04578.HK	NN CIG N2704
04580.HK	CHINA OVS N4211
04581.HK	ZOOMWE B2703
04582.HK	CEBHK N2705
04583.HK	ICBC N2705
04584.HK	ICBC N2705B
04585.HK	CINDA20 N2905
04586.HK	GZ JK B2705
04588.HK	GZ JK B2705B
04591.HK	SHA PG B2906
04594.HK	CSCIFHK N2705
04596.HK	ZHENROPPT SPCS
04598.HK	CSGIF BVI N2705
04621.HK	CINDA 21USDPREF
04701.HK	机管局 二六零八
05001.HK	CMB ILM N2706
05002.HK	CFAMC III N2711
05003.HK	CFAMC III N4711
05005.HK	JZBD B2706
05006.HK	VKEREHK N2711
05009.HK	NANCHANG B2705
05013.HK	JOY TREA N2906
05014.HK	BOCL N2706
05015.HK	ICBCIL FN N2711
05021.HK	ZY ZHICH B2706
05024.HK	YB INTL B2706
05025.HK	RUDONGJX B2706
05026.HK	RUDONGJX B2706B
05029.HK	RUDONGJX B2706C
05031.HK	WUHAN UC B2706
05032.HK	JICZHIXIN B2711
05033.HK	CLP-PF N2911
05034.HK	GPCCL B2906
05036.HK	MGM CHINA N3106
05038.HK	CSCFIN II N2711
05041.HK	GTJA HOLD N2706
05042.HK	CHANG DEV B2706
05046.HK	HEN RAIL B2703
05047.HK	BOCL N2706C
05048.HK	BOCL N2706B
05050.HK	FWDGHL SDCS3107
05053.HK	BOCOM LM N2706B
05054.HK	NJ YANGZI B2712
05055.HK	CINDA FIN N3712
05058.HK	BOCOM LM N2706
05059.HK	CGNPC INT B2711
05062.HK	CDCCIC B2712
05067.HK	WXC INV B2706
05069.HK	BEA N3406
05075.HK	CHARM LGT N2712
05079.HK	CGWIH VI B2801
05080.HK	CGWIH VI UGPS
05082.HK	SP MTN FN N2801
05084.HK	CITIC LTD N2801
05085.HK	WHARFREIC N2801
05088.HK	SPAC MTN N2907
05089.HK	CHGHK TM SGPS
05090.HK	CM BANK N2707
05093.HK	TENCENT N2801
05094.HK	TENCENT N3801
05107.HK	TZ URBAN B2707
05109.HK	CHIYUBANK B3204
05121.HK	STGRD N2704
05122.HK	CITBK N2707
05125.HK	DEQING B2707
05126.HK	CM BANK N2707B
05128.HK	ZJ BARON B2707
05129.HK	CCB N2707
05131.HK	PING AN B2907
05132.HK	CINDA20 N2707
05133.HK	CINDA20 N3001
05135.HK	CMHI FIN N2808
05137.HK	YINCHENG B2707
05138.HK	ZS GROUP B2801
05139.HK	BOCOM N2708
05140.HK	BOCOM N2608B
05142.HK	SANDS N2808
05144.HK	DJ HAIYU SGPSB
05145.HK	DX VOYAGE B2708
05146.HK	YCIC IHK N2608
05147.HK	NANYANG N3408
05149.HK	NWD (MTN) N2802
05150.HK	YCHITEC B2708
05151.HK	YCHITEC B2708B
05152.HK	CHALCO CH B2802
05154.HK	CGNPC INT B4809
05155.HK	INDSTRLBK N2708
05156.HK	ZHUJI DEV B2708
05157.HK	C INT DEV B2708
05158.HK	CEL DYNAS N2808
05161.HK	SINOPEC N2809
05162.HK	SINOPEC N4809
05165.HK	BOCOM LM N2708
05167.HK	CSGIF BVI N2809
05168.HK	BOCOM LM N2708B
05169.HK	URA N2708
05170.HK	URA N2908
05171.HK	URA N3408
05172.HK	BOCL N2708
05173.HK	YB EIIG B2708
05174.HK	SOAR WISE N2708
05175.HK	SIHAI INT B2708
05176.HK	WEIFANG B2708
05178.HK	QUANCHENG B2708
05180.HK	JZ UDH B2708
05181.HK	GZ URBAN N2709
05184.HK	BEA N3204
05185.HK	FE HORI N2803
05186.HK	WEIMOB B2904
05187.HK	BHN2 N4410S
05188.HK	BHN2 N4410A
05189.HK	BHN2 N4410B
05190.HK	CNCB INTL UCS D
05192.HK	BHN2 N4410C
05193.HK	BHN2 N4410D
05196.HK	HLP FIN N2909
05197.HK	DJ HAIYU B2709
05198.HK	JS ZY B2709
05200.HK	TCCL FIN B2704
05201.HK	HAIXI OSI B2709
05203.HK	GF FH B2709
05204.HK	CMBC N2709
05206.HK	CQILHP N2709
05207.HK	NANYANG NCSCS B
05208.HK	WH METRO N2709
05211.HK	MTRC(CI) N3205
05213.HK	MINGHU B2709
05214.HK	PJ SOCIG B2709
05217.HK	CQ SNCI B2709
05218.HK	ZJ XC INV B2709
05220.HK	AIA GRP SDS3503
05223.HK	AIA GRP SDS5409
05227.HK	MTR CORP N4706
05230.HK	MEITUAN N2804
05232.HK	MEITUAN N2910
05233.HK	CSCEC II N2707
05235.HK	ENNENERGY N2705
05236.HK	HAICHUAN B2709
05238.HK	YANKUANG B2910
05239.HK	JINAN HT B2710
05242.HK	TAIZHOU B2710
05244.HK	HKMC N2710
05245.HK	CAPCO FC N2707
05249.HK	HKMC N2610
05250.HK	HKMC N2910
05252.HK	MTR CORP N4707
05254.HK	ZQGL INV B2710
05255.HK	CSI MTN N2804
05256.HK	CSI MTN N2710
05258.HK	SEPCO V SGPS
05262.HK	PHX LEAD GPCS
05266.HK	CGWIH III N2708
05267.HK	NB HSDC B2710
05269.HK	WH METRO N2710
05270.HK	HZMGS HT B2710
05272.HK	HING YIP B2710
05273.HK	SINOPEC N2709
05274.HK	SINOPEC N4709
05275.HK	CMHI FIN N2706
05278.HK	ZZ TDIG B2710
05280.HK	WYNN MAC N2710
05281.HK	WUHAN FIN N2711
05282.HK	JN UC B2711
05283.HK	CD ESOI B2711
05285.HK	MTR CORP N4709
05296.HK	CDBL FND1 N2710
05297.HK	CDCCIC B2805
05298.HK	CDCCIC B2911
05300.HK	YC HT INV B2711
05301.HK	TS FIN B2611
05303.HK	NANXUN B2711
05307.HK	CEBHK N2711
05308.HK	CFAMC II N2611
05309.HK	GRNL GLB N2806
05310.HK	SKYFAME B2609
05311.HK	SKYFAME B3311
05312.HK	NWD FIN GSPCSE
05313.HK	CD ESOI B2711B
05314.HK	QDBLTT B2711
05316.HK	ZJCX B2711
05321.HK	NWD (MTN) N2706
05323.HK	FUYUAN W B2711
05324.HK	YUANZHOU B2711
05325.HK	SPIC2016 B2612
05327.HK	SY CSC B2712
05333.HK	CHARM LGT N2612
05337.HK	BEA N2807
05338.HK	C RAILWAY B2707
05340.HK	QZ QT B2712
05341.HK	CIXI SO B2712
05342.HK	BOCOM N2712
05343.HK	NWCL N2701
05347.HK	ZZ URBAN N2712
05349.HK	QD PD B2712
05351.HK	ANXH B2712
05352.HK	GOHL CAP N2701
05354.HK	ZIBO HT B2712
05355.HK	YCHITEC B2712
05356.HK	CDB N2701
05357.HK	CDB N3701
05361.HK	CDAPXC B2712
05364.HK	BL SKYVIEW SPS
05367.HK	SKYFAME B2609B
05369.HK	JZBD B2712
05374.HK	HUANGYAN B2801
05375.HK	HEN RAIL B2801
05377.HK	QZ SOCO B2801
05378.HK	PROVENGLY N2702
05379.HK	SKYFAME B3311B
05381.HK	AIR AUTH N2801B
05382.HK	LENOVO N3207
05383.HK	AIR AUTH N3001B
05384.HK	CITIC LTD N2702
05385.HK	AIR AUTH N3501
05386.HK	LENOVO N2801
05388.HK	AIR AUTH N5501
05390.HK	CZ INTL B2801
05394.HK	AIR AUTH N2807
05396.HK	AIR AUTH N3007
05398.HK	CINDA FIN N2703
05399.HK	AIR AUTH N3501B
05400.HK	CLP PHKF PSGCSC
05403.HK	YANKUANG B2801
05404.HK	BOCOM N2801
05406.HK	LS ETD B2801
05407.HK	AZURE NVA N2703
05410.HK	LT OVS B2801
05411.HK	H&H INTL N2807
05413.HK	SANDS N2703A
05414.HK	SANDS N2903A
05415.HK	SANDS N3108A
05416.HK	HANRUI OS B2801
05418.HK	NWD (MTN) N2907
05421.HK	PHX CHARM B2801
05422.HK	SINOPEC N2704
05423.HK	SINOPEC N4704
05425.HK	RH INT FN GSPS
05427.HK	YUEYANG B3002
05431.HK	PX CCI B2801
05433.HK	BOCL N2704
05437.HK	FUGAO WT B2802
05438.HK	DQCT CTD N2702
05440.HK	LENOVO B2908
05441.HK	GREENTOWN N2802
05442.HK	HB UN DEV B2802
05443.HK	CFAMC III N2704
05444.HK	CFAMC III N4704
05446.HK	CDJJ INV B2803
05447.HK	FRANSHION N2907
05448.HK	ZHOUKOU B2803
05449.HK	RONGSHI N2705
05450.HK	QDJZ UDI B2803
05452.HK	CDJJ INV B2803B
05455.HK	BOCOM LM N2803
05457.HK	BOCOM LM N3003
05460.HK	SWHY INTL B2803
05462.HK	ZJCX B2803
05464.HK	EL GLO SGPCSB
05465.HK	KNWL CTY B2803
05466.HK	QD PD B2803
05467.HK	GF FH B2803
05469.HK	CDAPXC B2803
05470.HK	FJ SHISHI B2803
05471.HK	DZKS B2803
05472.HK	YZ ETDZ B2803
05473.HK	SZ COMMUN B2803
05474.HK	GZ DIH B2803
05477.HK	ZHUZHOU C B2803
05479.HK	HN AIG B2803
05480.HK	FSGAOMING B2803
05481.HK	CHANG DEV B2803
05484.HK	QZNY B2803
05486.HK	XIANGYU B2803
05487.HK	CHQ B3003
05488.HK	TZHY TTI B2803
05489.HK	ZZJS B2803
05490.HK	SOAR WISE N2803
05491.HK	FE HORI N2810
05492.HK	MTRC N3004
05493.HK	MTRC N3504
05494.HK	MTRC N5504
05495.HK	SOAR WISE N3003
05496.HK	JZBD B2803
05497.HK	PETRONAS N3101
05498.HK	PETRONAS N3504
05502.HK	SINOPEC N4504
05503.HK	PETRONAS N5504
05504.HK	CGWIH VI B2804
05507.HK	CNOOCF15A N4505
05512.HK	RUYI B3004
05513.HK	AGRBK N2804
05518.HK	SIHAI INT B2804
05533.HK	ZY AM N2805
05534.HK	SIHAI INT B2805
05542.HK	TENCENT N3507
05560.HK	AIA GROUP N2710
05561.HK	GNEPI B2607
05563.HK	ICBC N2805
05564.HK	CHIYU BNK USCS
05567.HK	SKYFAME B3111B
05569.HK	ICBC N2805B
05570.HK	DEEP DEV B3205
05573.HK	SDG FIN B2805
05575.HK	CEBHK N2805
05578.HK	CDBL F1 N3005
05582.HK	CDBL F1 N3005B
05584.HK	HUAIAN TH B2805
05585.HK	CCB N2805
05588.HK	CDB N2901
05591.HK	CCB N3005
05593.HK	BABA N3411B
05594.HK	CEL DYNAS N2906
05598.HK	TOP LUX B4012
05599.HK	NEW TOWN B2805
05602.HK	SKYFAME B3211
05603.HK	YONGA INV B2806
05606.HK	KFDIG B2806
05608.HK	SDG FIN GSPCS
05609.HK	CGXCIG B2806
05611.HK	CITIC LTD N3602
05612.HK	CITIC LTD N4102
05615.HK	CMB ILM N2806
05618.HK	AIA GROUP N4603
05622.HK	CMB ILM N3006
05625.HK	KYRGYZ N3006
05630.HK	CITIC LTD N3604
05631.HK	CITIC LTD N4604
05632.HK	SINOPEC N2908
05634.HK	MYS SGB C4604
05635.HK	SINOPEC N4908
05638.HK	SINOPEC N4605
05642.HK	HKGB GR 3006
05646.HK	HKGB GR 3306
05651.HK	HKGB GR 5506
05657.HK	AIA GRP SDS3506
05658.HK	DJY MJ B2806
05662.HK	LINK CB B2712
05666.HK	AIR AUTH N2801
05667.HK	MTRC(CI) N4606
05669.HK	AIR AUTH N3001
05670.HK	MTR CORP N4606
05671.HK	FJJSHG B2806
05673.HK	AIR AUTH N3301
05674.HK	MTRC(CI) N4606B
05676.HK	SUNNY OPT B2607
05684.HK	HENGJIAN B2806
05685.HK	LINK FIN N2607
05686.HK	TFBANK NCCB
05687.HK	MTRC(CI) SPGCS
05688.HK	MTRC(CI) SPGCSB
05689.HK	MINMET FN B2607
05692.HK	C RAILWAY N2607
05693.HK	MTR CORP N4607
05694.HK	ZZ URBAN N2806
05696.HK	CDB N2807
05699.HK	CQ NANAN B2608
05700.HK	CDB N2807B
05704.HK	CTFJ B3006
05705.HK	JSJURONG B2807
05707.HK	JINAN HT B2807
05708.HK	AIA GROUP N4403
05709.HK	LNTDIG B2806
05711.HK	HS TOUR B2807
05713.HK	SHACOMBNK N3302
05714.HK	ICIL AT N2807
05716.HK	GDDIG B2807
05720.HK	HYSAN MTN N2909
05722.HK	ZZ JLJ GP B2807
05724.HK	SF23 B2607
05725.HK	CHMOD DA B3007
05730.HK	MY INV B2807
05731.HK	GUOTAI JA N2807
05733.HK	SANDS N2808B
05736.HK	CSI MTN N2807
05737.HK	ZJ TRANS B2807
05739.HK	CNOOC F14 N4404
05741.HK	SHA PG B2909
05743.HK	STATEGRID N4405
05744.HK	PHX CHARM B2807
05751.HK	SUZHOU CT B2807
05752.HK	NANYANG NCSCS C
05753.HK	TJLG INV B2807
05754.HK	WYNN MAC B2903
05756.HK	C TAIPING PSCSB
05760.HK	CHINA OVS N3406
05761.HK	AIR AUTH N2902
05762.HK	WEIFANG B2807
05764.HK	GUOTAIJA N2807B
05766.HK	20191WST N5008
05769.HK	GRNL GLB B3007
05770.HK	CSCIFHK N2807
05773.HK	TJBHNA B2807
05778.HK	AIA GROUP N3304
05781.HK	FEC FIN PERP
05783.HK	CINDA FIN N2902
05786.HK	CR LAND N2902
05790.HK	BAUHINIA N4410A
05791.HK	BAUHINIA N4410B
05792.HK	BAUHINIA N4410C
05795.HK	BAUHINIA N4410D
05797.HK	BAUHINIA N4410S
05807.HK	SHKP(CM)L N2902
05809.HK	DZKS B2807
05813.HK	HLAND MTN N2903
05814.HK	CZ INTL B2606
05816.HK	LICHENG B2606
05817.HK	LUSO BANK B3306
05818.HK	LUYE PHA B2807
05819.HK	CR LAND N2910
05820.HK	HUBEINTD B2607
05822.HK	NEIJ IH B2607
05824.HK	CICC16MTN N2607
05825.HK	HZQTNACI B2607
05826.HK	CINDA20 N2702
05827.HK	PION REW N2608
05829.HK	YNANEIOF B2608
05832.HK	CLIO HK B3308
05833.HK	YB INTL B2608
05834.HK	JLMAG B3008
05835.HK	FUYUAN W B2608
05837.HK	BOCOM N2608
05838.HK	PY INV B2608
05839.HK	BLK PEONY B2609
05840.HK	CDXS B2808
05842.HK	HAIYAN B2609
05843.HK	CITBK N2808
05845.HK	BABA N3411
05846.HK	LEAD AFFL N2911
05848.HK	XIANJIN B2609
05849.HK	TZ URBAN B2609
05851.HK	LICHENG B2808
05853.HK	ZZ UDG B2808
05855.HK	SKYFAME B3111
05856.HK	NWD FIN GSPCSA
05857.HK	HKMC N2809
05858.HK	AIA GROUP RSPSC
05860.HK	CEBHK N2609
05865.HK	CALC BD B2808
05867.HK	BOCL N2609
05870.HK	CEBSYD N2609
05872.HK	JINSHINE B2609
05877.HK	WYNN MAC N3402
05880.HK	HN WCI B2808
05881.HK	MTRC(CI) N2611
05883.HK	ORNTL CAP B2808
05885.HK	LEGEND FT N2808
05887.HK	PETRONAS N4503
05888.HK	LEGEND FT N3008
05889.HK	TONGLING B2808
05891.HK	CITIC LTD N3504
05892.HK	CDUCI B2610
05893.HK	SR CITY B2610
05895.HK	MYS SSB C4504
05896.HK	BOCL N2610
05898.HK	GZ URBAN N2808
05899.HK	SPAC MTN N3208
05902.HK	CCB N2809
05903.HK	JOY TREA B2903
05906.HK	CCB N3009
05907.HK	SXSY CIO N2809
05910.HK	SR CITY B2610B
05911.HK	TR SOCO B2610
05912.HK	CCB SAA N2809
05915.HK	ICBC N2610B
05918.HK	ICBC N2610C
05919.HK	ICBC N2610D
05920.HK	CPIC B3009
05921.HK	XIAN PORT B2610
05922.HK	HUBEI S&T B2809
05927.HK	PION REW N2809
05928.HK	JN LIXIA B2610
05930.HK	SINO CAP N4304
05932.HK	CDWJ B2610
05934.HK	JN HTIC B2610
05935.HK	FWDGHL SDCS3009
05937.HK	FWDGHL SDCS3509
05938.HK	FJ ZLG N2609
05942.HK	CNOOC F13 N4305
05943.HK	PION REW N2809B
05944.HK	AIA GROUP N2904
05946.HK	CZ INTL B2809
05947.HK	LIYUAN B2809
05951.HK	CMBC N2809
05952.HK	SINO TREN B2709
05953.HK	ORIENT ZS B2809
05955.HK	STATEGRID N4305
05958.HK	MTR CORP N4306
05959.HK	MMG B3010
05962.HK	TENCENT N2904
05963.HK	TENCENT N4904
05964.HK	XCTRSPRT B2810
05967.HK	BHN3 N4510S
05968.HK	BHN3 N4510A
05969.HK	DAHSING B N3311
05971.HK	CMB ILM N2907
05973.HK	RZ XLS B2611
05978.HK	BOCL N2611
05980.HK	SINOPEC N4310
05982.HK	BOCL N2904
05985.HK	BHN3 N4510B
05987.HK	BHN3 N4510C
05989.HK	CHINA OVS N4310
05990.HK	BHN3 N4510D
05992.HK	JN HTIC B2810
05993.HK	SHENGZHOU B2810
05995.HK	CN EOI SGPSB
05996.HK	CN EOI N2810
05997.HK	AGRBK N2611
05998.HK	FE HORI N2810B
05999.HK	TH GOR I N2810
06000.HK	IFC DEV N2904
06001.HK	DEYANG N2810
06002.HK	SR INVT B2810
06003.HK	XIANPORT B2610B
06004.HK	PION REW N2611
06005.HK	GLP HLD N2904
06006.HK	MEITUAN N3105
06007.HK	LUSO BANK B3405
06009.HK	MEITUAN N3211
06010.HK	MEITUAN N3511
06012.HK	PEAK RE PSGCSB
06013.HK	GTJAHLD B3211
06014.HK	BOCL N3011
06016.HK	CDB LEAS B3511
06017.HK	GAOXIN B2811
06018.HK	CINDA20 N2811
06024.HK	CCB N2611
06025.HK	MTRC(CI) N2902
06029.HK	CCB N2611B
06030.HK	中信证券
06031.HK	三一重工
06033.HK	电讯数码控股
06036.HK	光丽科技
06038.HK	信越控股
06049.HK	保利物业
06051.HK	有赞
06055.HK	中烟香港
06058.HK	兴证国际
06060.HK	众安在线
06063.HK	智中国际
06066.HK	中信建投证券
06067.HK	星源材质
06068.HK	光正教育
06069.HK	盛业
06078.HK	海吉亚医疗
06080.HK	荣智控股
06082.HK	壁仞科技
06083.HK	环宇物流(亚洲)
06086.HK	方舟健客
06088.HK	鸿腾精密
06090.HK	不同集团
06093.HK	和泓服务
06098.HK	碧桂园服务
06099.HK	招商证券
06100.HK	同道猎聘
06106.HK	仙工智能
06108.HK	新锐医药
06110.HK	滔搏
06111.HK	大发地产
06113.HK	比特策略
06116.HK	拉夏贝尔
06117.HK	日照港裕廊
06118.HK	奥星生命科技
06119.HK	天源集团
06122.HK	九台农商银行
06123.HK	圆通国际快递
06127.HK	昭衍新药
06128.HK	烯石电车新材料
06132.HK	华健未来-B
06133.HK	维太创科
06136.HK	康达环保
06138.HK	哈尔滨银行
06158.HK	正荣地产
06160.HK	百济神州
06162.HK	天瑞汽车内饰
06163.HK	彭顺国际
06166.HK	剑桥科技
06168.HK	周六福
06169.HK	宇华教育
06178.HK	光大证券
06181.HK	老铺黄金
06182.HK	乙德投资控股
06185.HK	康希诺生物
06186.HK	中国飞鹤
06188.HK	迪信通
06189.HK	爱得威建设集团
06190.HK	九江银行
06193.HK	泰林科建
06196.HK	郑州银行
06198.HK	青岛港
06199.HK	贵州银行
06228.HK	MERDEKAGOLD-DRS
06288.HK	FAST RETAIL-DRS
06600.HK	卧安机器人
06601.HK	朝云集团
06603.HK	IFBH
06606.HK	诺辉健康
06608.HK	百融云-W
06609.HK	心玮医疗-B
06610.HK	飞天云动
06611.HK	三巽集团
06613.HK	蓝思科技
06616.HK	环球新材国际
06618.HK	京东健康
06622.HK	兆科眼科-B
06623.HK	陆控
06626.HK	越秀服务
06628.HK	创胜集团医药-B
06633.HK	青瓷游戏
06636.HK	极视角
06638.HK	金融壹账通
06639.HK	瑞尔集团
06651.HK	五一视界
06655.HK	华新建材
06656.HK	思格新能
06657.HK	百望股份
06658.HK	溜溜梅
06660.HK	艾美疫苗
06661.HK	湖州燃气
06663.HK	国际永胜集团
06666.HK	恒大物业
06667.HK	美因基因
06668.HK	星盛商业
06669.HK	先瑞达医疗-B
06675.HK	SENASIC
06676.HK	找钢网-W
06677.HK	远洋服务
06680.HK	金力永磁
06681.HK	脑动极光-B
06682.HK	范式智能
06683.HK	巨星传奇
06686.HK	诺亚控股
06687.HK	聚水潭
06689.HK	洪九果品
06690.HK	海尔智家
06693.HK	赤峰黄金
06696.HK	多想云
06698.HK	星空华文
06699.HK	时代天使
06715.HK	鲟龙科技
06751.HK	PRC B2711
06753.HK	PRC B2810
06754.HK	PRC B4810
06757.HK	PRC B2912
06758.HK	PRC B3912
06761.HK	PRC B3010
06762.HK	PRC B5010
06764.HK	PRC B3011
06765.HK	PRC B3511B
06767.HK	PRC B2610
06768.HK	PRC B3110
06769.HK	PRC B5110
06771.HK	PRC B2811
06772.HK	PRC B3311
06773.HK	PRC B2710B
06774.HK	PRC B3110B
06775.HK	PRC B2711B
06776.HK	PRC B2911
06777.HK	PRC B2811B
06778.HK	PRC B3011B
06779.HK	PRC B2911B
06780.HK	PRC B3211
06805.HK	金茂源环保
06806.HK	申万宏源
06808.HK	高鑫零售
06809.HK	澜起科技
06810.HK	商米科技-W
06811.HK	太兴集团
06812.HK	永顺控股香港
06816.HK	瑞港建设
06818.HK	中国光大银行
06820.HK	友谊时光
06821.HK	凯莱英
06822.HK	科劲国际
06823.HK	香港电讯-SS
06826.HK	昊海生物科技
06828.HK	北京燃气蓝天
06829.HK	龙升集团控股
06830.HK	华众车载
06831.HK	绿茶集团
06833.HK	兴科蓉医药
06836.HK	甘露国际发展
06837.HK	海通证券
06838.HK	盈利时
06839.HK	云南水务
06855.HK	亚盛医药
06858.HK	本间高尔夫
06860.HK	指尖悦动
06862.HK	海底捞
06865.HK	福莱特玻璃
06866.HK	佐力科创
06868.HK	天福
06869.HK	长飞光纤光缆
06871.HK	翼菲科技
06872.HK	丹诺医药-B
06877.HK	TE HEALTHCARE
06878.HK	鼎丰集团汽车
06880.HK	MOMENTA-W
06881.HK	中国银河
06882.HK	东瀛游
06883.HK	颖通控股
06885.HK	金马能源
06886.HK	华泰证券
06887.HK	东阳光药
06888.HK	英达公路再生科技
06889.HK	DYNAM JAPAN
06890.HK	康利国际控股
06893.HK	衍生集团
06896.HK	金嗓子
06898.HK	中国铝罐
06899.HK	联众
06900.HK	上坤地产
06908.HK	宏光半导体
06909.HK	百得利控股
06911.HK	澜沧古茶
06913.HK	华南职业教育
06915.HK	江西生物
06918.HK	奇士达
06919.HK	人瑞人才
06922.HK	康沣生物-B
06928.HK	万马控股
06929.HK	业聚医疗
06933.HK	新娱科控股
06936.HK	顺丰控股
06938.HK	瑞博生物-B
06939.HK	美佳音控股
06955.HK	博安生物
06958.HK	正荣服务
06959.HK	长久股份
06960.HK	双登股份
06963.HK	阳光保险
06966.HK	中国万桐园
06968.HK	港龙中国地产
06969.HK	思摩尔国际
06978.HK	永泰生物-B
06979.HK	珍酒李渡
06980.HK	八马茶业
06988.HK	乐享集团
06989.HK	卓越商企服务
06990.HK	科伦博泰生物
06993.HK	蓝月亮集团
06996.HK	德琪医药-B
06998.HK	亿腾嘉和
06999.HK	领地控股
07200.HK	南方两倍看多恒指
07226.HK	南方两倍做多恒生科技
07230.HK	未来两倍看多恒生国指
07231.HK	未来两倍看多恒指
07232.HK	富邦两倍做多富时台湾
07233.HK	南方两倍做多沪深300
07234.HK	博时两倍做多中国创业板
07248.HK	南方两倍做多富时中国A50
07252.HK	南方两倍看多中证证券
07261.HK	华夏两倍做多纳斯达克100
07262.HK	南方两倍做多日经
07266.HK	南方两倍做多纳斯达克100
07288.HK	南方两倍看多国指
07299.HK	南方两倍做多黄金
07300.HK	南方一倍看空恒指
07311.HK	南方两倍做空Coinbase
07322.HK	GX一倍看空标普500
07331.HK	华夏一倍看空纳斯达克100
07332.HK	富邦一倍看空富时台湾
07333.HK	南方一倍做空沪深300
07336.HK	未来一倍看空恒指
07345.HK	南方一倍看空原油
07347.HK	南方两倍做空三星电子
07348.HK	南方一倍看空中国A50
07362.HK	未来一倍看空恒生国指
07366.HK	南方两倍做空特斯拉
07373.HK	华夏一倍看空沪深三百
07376.HK	南方一倍做空比特币
07388.HK	南方两倍做空英伟达
07399.HK	南方两倍做空MSTR
07489.HK	岚图汽车
07500.HK	南方两倍看空恒指
07515.HK	南方两倍做空日经
07522.HK	华夏两倍看空纳斯达克100
07552.HK	南方两倍做空恒生科技
07568.HK	南方两倍做空纳斯达克100
07588.HK	南方两倍看空恒生国指
07618.HK	京东工业
07630.HK	英派药业-B
07656.HK	瑞为技术
07666.HK	剂泰科技-P
07687.HK	易控智驾
07688.HK	拓璞数控
07709.HK	南方两倍做多海力士
07711.HK	南方两倍做多Coinbase
07747.HK	南方两倍做多三星电子
07766.HK	南方两倍做多特斯拉
07777.HK	南方两倍做多伯克希尔
07788.HK	南方两倍做多英伟达
07799.HK	南方两倍做多MSTR
07801.HK	INTERRA ACQ-Z
07827.HK	VISION DEAL-Z
07836.HK	AQUILA ACQ-Z
07841.HK	汇德收购-Z
07855.HK	TECHSTARACQ-Z
08001.HK	东方汇财证券
08003.HK	世大控股
08005.HK	裕兴科技
08006.HK	华泰瑞银
08007.HK	环球战略集团
08013.HK	ECI TECH
08017.HK	捷利交易宝
08018.HK	汇财金融投资
08019.HK	皓文控股
08020.HK	宏海控股集团
08021.HK	汇隆控股
08023.HK	邝文记
08026.HK	朗华国际集团
08027.HK	吉辉控股
08028.HK	天时资源
08029.HK	中投金融科技集团
08030.HK	丰银禾控股
08031.HK	易通讯集团
08033.HK	爱达利网络
08035.HK	骏高控股
08036.HK	电子交易集团
08037.HK	中国生物科技服务
08039.HK	中国来骑哦
08040.HK	快意智能
08041.HK	中微智码
08042.HK	高奥士人才集团
08043.HK	ATLINKS
08045.HK	南大苏富特
08047.HK	中国海洋发展
08048.HK	御德国际控股
08049.HK	吉林长龙药业
08050.HK	城市酷选
08051.HK	讯智海
08052.HK	陆庆娱乐
08053.HK	比优集团
08056.HK	生活概念
08057.HK	麦迪森控股
08059.HK	朝威控股
08060.HK	国联通信
08062.HK	俊盟国际
08063.HK	环球大通集团
08065.HK	高萌科技
08066.HK	品创控股
08067.HK	东方大学城控股
08069.HK	飞道旅游科技
08070.HK	侨洋国际控股
08071.HK	中彩网通控股
08072.HK	兰谷股份
08073.HK	水发兴业新材料
08076.HK	新利软件
08079.HK	仍志集团控股
08080.HK	北亚策略
08081.HK	白居易控股
08082.HK	擎华控股
08083.HK	有赞
08087.HK	中国三三集团
08090.HK	宝盖新材
08091.HK	奥传思维控股
08092.HK	ITE HOLDINGS
08093.HK	瓦普思瑞元宇宙
08095.HK	北大青鸟环宇
08096.HK	赏之味
08098.HK	昌利控股
08100.HK	名科国际
08103.HK	HMVOD视频
08106.HK	芯化兰德
08107.HK	细叶榕科技
08111.HK	中国科技产业集团
08112.HK	基石金融
08113.HK	时腾科技
08115.HK	清大东方
08117.HK	中国基础能源
08118.HK	中资国际控股
08120.HK	国农金融投资
08121.HK	国恩控股
08123.HK	华亿金控
08125.HK	中新控股
08126.HK	G.A.控股
08128.HK	中国恒有源集团
08130.HK	大地国际集团
08131.HK	辰罡科技
08132.HK	百能国际能源
08133.HK	吉盛集团控股
08136.HK	英马斯集团
08137.HK	洪桥集团
08139.HK	长安仁恒
08140.HK	人和科技
08143.HK	金威医疗
08146.HK	怡园酒业
08147.HK	汇思太平洋
08148.HK	悟喜生活
08149.HK	浩德控股
08152.HK	明梁控股
08153.HK	嘉鼎国际集团
08156.HK	国药科技股份
08158.HK	中国再生医学
08159.HK	新华联合投资
08160.HK	GOLDWAY EDU
08161.HK	医汇集团
08162.HK	港银控股
08163.HK	声扬集团
08166.HK	中国农业生态
08167.HK	中国新电信
08168.HK	宝积资本
08169.HK	环康集团
08170.HK	全民国际
08172.HK	拉近网娱
08173.HK	客思控股
08176.HK	超人智能
08178.HK	中国信息科技
08179.HK	百利达集团控股
08181.HK	港深智能管理
08186.HK	曼妠
08187.HK	积木集团
08188.HK	骏杰集团控股
08189.HK	泰达生物
08191.HK	鸿伟亚洲
08193.HK	亚太金融投资
08195.HK	传承教育集团
08196.HK	福田股份
08198.HK	加幂科技
08200.HK	修身堂
08201.HK	宝联控股
08203.HK	凯顺控股
08205.HK	交大慧谷
08206.HK	神通机器人教育
08208.HK	永通万国集团
08210.HK	衍汇亚洲
08211.HK	浙江永安
08213.HK	荣晖控股
08215.HK	FIRST CREDIT
08217.HK	菊福堂生物
08218.HK	毅高国际控股
08219.HK	恒伟集团控股
08220.HK	比高集团
08221.HK	高裕金融
08222.HK	壹照明
08223.HK	紫元元
08225.HK	中国医疗集团
08226.HK	树熊金融集团
08227.HK	海天天线
08229.HK	未来数据集团
08232.HK	一木集团
08237.HK	华星控股
08238.HK	惠陶集团
08239.HK	首都金融控股
08241.HK	英记茶庄集团
08245.HK	烽翼集团
08246.HK	中华燃气
08247.HK	中生北控生物科技
08249.HK	瑞远智控
08250.HK	都都控股
08257.HK	靖洋集团
08262.HK	宏强控股
08267.HK	蓝港互动
08268.HK	智城发展控股
08269.HK	倍升教育科技
08270.HK	中国煤层气
08271.HK	环球数码创意
08275.HK	中国新消费集团
08277.HK	骏东控股
08279.HK	亚博科技控股
08280.HK	中国数字视频
08281.HK	中国金典集团
08282.HK	智傲控股
08283.HK	中食民安
08285.HK	森浩集团
08286.HK	长城微光
08290.HK	亚势备份
08291.HK	港娱国际
08292.HK	VSING
08293.HK	星亚控股
08295.HK	金慧科技
08296.HK	中国生命集团
08297.HK	海纳星空科技
08299.HK	大唐黄金
08300.HK	今米房集团
08302.HK	STOCK8302
08303.HK	STOCK8303
08304.HK	STOCK8304
08305.HK	圣唐控股
08307.HK	密迪斯肌
08308.HK	古兜控股
08309.HK	万成环球控股
08310.HK	盐城港
08311.HK	圆美光电
08313.HK	杰地集团
08315.HK	新都酒店
08316.HK	中国红包
08317.HK	财华社集团
08319.HK	思博系统
08320.HK	沛然环保
08321.HK	泰锦控股
08325.HK	中国支付通
08326.HK	同景新能源
08328.HK	信义储电
08329.HK	海王英特龙
08331.HK	倍搏集团
08333.HK	阿仕特朗金融
08337.HK	直通电讯
08340.HK	紫荆国际金融
08341.HK	艾硕控股
08347.HK	F8企业
08348.HK	滨海泰达物流
08349.HK	硅鑫集团
08350.HK	立桥证券控股
08353.HK	安科系统
08356.HK	进业控股
08357.HK	REPUBLIC HC
08360.HK	简朴新生活
08362.HK	运兴泰集团
08363.HK	SDM教育
08365.HK	亦辰集团
08366.HK	浙江联合投资
08367.HK	倩碧控股
08368.HK	中国创意控股
08370.HK	智升集团控股
08371.HK	尝高美集团
08372.HK	君百延集团
08373.HK	靛蓝星
08375.HK	数盟资本
08377.HK	维港育马
08379.HK	盈证国际
08383.HK	东骏控股
08385.HK	万里印刷
08391.HK	基石科技控股
08392.HK	舍图控股
08395.HK	中显智能齐家控股
08400.HK	亚洲先锋娱乐
08401.HK	源想集团
08402.HK	高原之宝
08403.HK	德丰宿来
08405.HK	恒智控股
08406.HK	中国口腔产业
08411.HK	K W NELSON GP
08412.HK	新爱德集团
08413.HK	亚洲富思
08416.HK	HM INTL HLDGS
08417.HK	大地教育
08418.HK	傲迪玛汽车
08419.HK	AV策划推广
08420.HK	NEXION TECH
08422.HK	WT集团
08423.HK	CHI HO DEV
08425.HK	兴铭控股
08426.HK	雅居投资控股
08427.HK	万顺瑞强集团
08428.HK	汉诺佳池
08429.HK	华美乐乐
08430.HK	春能控股
08431.HK	浩柏国际
08432.HK	太平洋酒吧
08436.HK	德宝集团控股
08437.HK	德斯控股
08439.HK	新百利融资
08445.HK	怡康泰工程集团
08446.HK	耀星科技集团
08447.HK	MS CONCEPT
08448.HK	环球印馆
08450.HK	钜京控股
08451.HK	日光控股
08452.HK	富银融资股份
08455.HK	礼建德集团
08456.HK	民信国际控股
08460.HK	基地锦标集团
08462.HK	中安控股集团
08471.HK	新达控股
08472.HK	立高控股
08473.HK	弥明生活百货
08475.HK	易站绿色科技
08476.HK	大洋环球控股
08480.HK	飞霓控股
08481.HK	盛龙锦秀国际
08482.HK	万励达
08483.HK	名仕快相
08487.HK	ISP GLOBAL
08489.HK	裕程物流
08490.HK	骏码半导体
08491.HK	COOL LINK
08493.HK	炙龙控股
08495.HK	1957 & CO.
08496.HK	环球友饮智能
08500.HK	天泓文创
08501.HK	庄皇集团公司
08502.HK	远航港口
08507.HK	爱世纪集团
08509.HK	威扬酒业控股
08510.HK	TOPSTANDARDCORP
08511.HK	民富国际
08512.HK	凯富善集团控股
08513.HK	加和国际控股
08516.HK	中盈国际
08519.HK	新享时代
08521.HK	智云国际控股
08523.HK	常满控股
08525.HK	百应控股
08526.HK	荣丰集团亚洲
08527.HK	聚利宝控股
08529.HK	优博控股
08532.HK	宝发控股
08535.HK	荧德控股
08536.HK	TL NATURAL GAS
08537.HK	创辉珠宝
08540.HK	胜利证券
08545.HK	佰悦集团
08547.HK	PACIFIC LEGEND
08549.HK	金叶国际集团
08566.HK	新达控股
08570.HK	赏之味股权
08571.HK	中彩网通控股
08601.HK	宝燵控股
08603.HK	亮晴控股
08606.HK	倢冠控股
08607.HK	纳尼亚集团
08609.HK	永续农业
08610.HK	BBSB INTL
08611.HK	九福来
08612.HK	维亮控股
08613.HK	东方支付集团控股
08616.HK	新威工程集团
08619.HK	NIU HOLDINGS
08620.HK	亚洲速运
08621.HK	METROPOLIS CAP
08622.HK	愉悦集团
08623.HK	中国蜀塔
08627.HK	旅橙文化
08629.HK	集信国控
08631.HK	申港控股
08635.HK	大象控股集团
08637.HK	元续科技
08645.HK	比特元宇宙
08646.HK	中国宏光
08657.HK	TRUE PARTNER
08659.HK	易和国际控股
08668.HK	瀛海集团
09001.HK	PP中地美债-U
09008.HK	博时比特币-U
09009.HK	博时以太币-U
09010.HK	安硕亚洲除日-U
09011.HK	A工银中金美-U
09031.HK	FG恒生红利-U
09040.HK	GX中国-U
09042.HK	华夏比特币-U
09046.HK	华夏以太币-U
09047.HK	F山证铁矿石-U
09064.HK	GX亚太-U
09067.HK	安硕恒生科技-U
09069.HK	华夏恒生生科-U
09070.HK	平安香港高息-U
09074.HK	安硕MS台湾-U
09075.HK	GX亚洲美债-U
09077.HK	PP美国库-U
09078.HK	PP美国库A-U
09081.HK	价值黄金-U
09084.HK	AGX印度-U
09086.HK	华夏纳指-U
09088.HK	华夏恒生科技-U
09096.HK	A南方美元-U
09102.HK	工银KWEB-U
09104.HK	AGX亚洲-U
09107.HK	博时廿美债A-U
09115.HK	安硕恒生指数-U
09140.HK	华夏港美AI-U
09141.HK	华夏亚投债-U
09146.HK	华夏20美债-U
09151.HK	PP科创50-U
09156.HK	博时20美债-U
09159.HK	PP台50A-U
09167.HK	工银南方中国-U
09173.HK	PP中新经济-U
09176.HK	A泰康美元-U
09177.HK	PP国债对冲-U
09179.HK	嘉实以太币-U
09181.HK	PP亚洲创科-U
09187.HK	三星高息房托-U
09188.HK	华夏沪深三百-U
09191.HK	GX中国半导-U
09195.HK	恒生标普五百-U
09196.HK	A博时美元-U
09311.HK	南方两倍做空Coinbase-U
09347.HK	南方两倍做空三星电子-U
09366.HK	南方两倍做空特斯拉-U
09388.HK	南方两倍做空英伟达-U
09399.HK	南方两倍做空MSTR-U
09403.HK	华夏恒ESG-U
09404.HK	华夏印度-U
09406.HK	平安科技精选-U
09411.HK	PP亚洲美债-U
09415.HK	AGX标普兑-U
09416.HK	AGX国指兑-U
09418.HK	华夏数字黄金-U
09425.HK	MBC以太币-U
09428.HK	GX国寿港美-U
09430.HK	MBC比特币-U
09434.HK	易方达数科-U
09437.HK	博时央企红利-U
09439.HK	嘉实比特币-U
09440.HK	GX03月债-U
09446.HK	华夏廿美债A-U
09450.HK	GX35美债-U
09451.HK	AGX纳指兑-U
09455.HK	景顺QQQ-U
09460.HK	华夏SOL-U
09472.HK	A华夏美元数-U
09477.HK	平安东西精选-U
09478.HK	PP沙特国债-U
09480.HK	A惠理美元-U
09483.HK	易方达高股息-U
09489.HK	易方达AI-U
09600.HK	新纽科技
09606.HK	映恩生物-B
09608.HK	宋都服务
09609.HK	海伟股份
09611.HK	龙旗科技
09616.HK	东软睿新集团
09618.HK	京东集团-SW
09626.HK	哔哩哔哩-W
09630.HK	芯碁微装
09633.HK	农夫山泉
09636.HK	九方智投控股
09637.HK	礼邦医药-B
09638.HK	法拉帝
09639.HK	荣利营造
09658.HK	特海国际
09660.HK	地平线机器人-W
09663.HK	国鸿氢能
09666.HK	金科服务
09668.HK	渤海银行
09669.HK	北森控股
09676.HK	十月稻田
09677.HK	威海银行
09678.HK	云知声
09680.HK	如祺出行
09686.HK	熙康云医院
09688.HK	再鼎医药
09689.HK	金泰丰国际控股
09690.HK	途虎-W
09696.HK	天齐锂业
09698.HK	万国数据-SW
09699.HK	顺丰同城
09711.HK	南方两倍做多Coinbase-U
09747.HK	南方两倍做多三星电子-U
09766.HK	南方两倍做多特斯拉-U
09777.HK	南方两倍做多伯克希尔-U
09788.HK	南方两倍做多英伟达-U
09799.HK	南方两倍做多MSTR-U
09801.HK	安硕中国-U
09803.HK	PP中国基石-U
09804.HK	PP越南-U
09805.HK	银河博时东盟-U
09806.HK	GX中国消费-U
09807.HK	GX中国机智-U
09809.HK	GX中国洁能-U
09810.HK	PP新兴东盟-U
09812.HK	三星中国龙网-U
09814.HK	三星FANG-U
09817.HK	PP国债-U
09820.HK	GX中国生科-U
09824.HK	易方达黄金矿-U
09826.HK	GX中国云算-U
09829.HK	安硕中国国债-U
09834.HK	安硕纳指一百-U
09836.HK	安硕印度-U
09839.HK	华夏A50-U
09840.HK	SPDR金-U
09845.HK	GX中国电车-U
09846.HK	安硕沪深三百-U
09857.HK	柠萌影视
09858.HK	优然牧业
09860.HK	艾迪康控股
09863.HK	零跑汽车
09866.HK	蔚来-SW
09868.HK	小鹏集团-W
09869.HK	海伦司
09876.HK	大洋环球控股
09877.HK	健世科技-B
09878.HK	汇通达网络
09879.HK	米高集团
09880.HK	优必选
09881.HK	容大科技
09882.HK	永联丰控股
09885.HK	药师帮
09886.HK	叮当健康
09887.HK	维立志博-B
09888.HK	百度集团-SW
09889.HK	东莞农商银行
09890.HK	贪玩
09893.HK	比优集团
09896.HK	名创优品
09898.HK	微博-SW
09899.HK	网易云音乐
09900.HK	智云科技建设
09901.HK	新东方-S
09903.HK	天数智芯
09906.HK	宏力医疗管理
09908.HK	嘉兴燃气
09909.HK	宝龙商业
09911.HK	赤子城科技
09913.HK	智勤控股
09916.HK	兴业物联
09918.HK	丽年国际
09919.HK	艾德韦宣集团
09922.HK	九毛九
09923.HK	移卡
09926.HK	康方生物
09927.HK	赛力斯
09928.HK	时代邻里
09929.HK	澳达控股
09930.HK	宏信建发
09933.HK	GHW INTL
09936.HK	稀美资源
09938.HK	华和控股
09939.HK	开拓药业-B
09955.HK	智云健康
09956.HK	安能物流
09958.HK	力天影业
09959.HK	联易融科技-W
09960.HK	康圣环球
09961.HK	携程集团-S
09963.HK	高科桥
09966.HK	康宁杰瑞制药-B
09968.HK	汇景控股
09969.HK	诺诚健华
09971.HK	基本半导体
09973.HK	奇瑞汽车
09977.HK	凤祥股份
09978.HK	方圆生活服务
09979.HK	绿城管理控股
09980.HK	东鹏饮料
09981.HK	沃尔核材
09982.HK	中原建业
09983.HK	建业新生活
09985.HK	卫龙美味
09986.HK	大山教育
09987.HK	百胜中国
09988.HK	阿里巴巴-W
09989.HK	海普瑞
09990.HK	祖龙娱乐
09991.HK	宝尊电商-W
09992.HK	泡泡玛特
09993.HK	金辉控股
09995.HK	荣昌生物
09996.HK	沛嘉医疗-B
09997.HK	康基医疗
09998.HK	光荣控股
09999.HK	网易-S
40000.HK	JOY TREA B2909
40001.HK	CCB N2611C
40002.HK	CINDA20 N3011
40003.HK	INV GI N2711
40004.HK	INV GI N2811
40005.HK	CR LAND N2811
40006.HK	FE HORI N2711
40007.HK	GRNL GLB N2909
40008.HK	BOCL N2811
40009.HK	HKMC N3011
40010.HK	HKMC N2711
40011.HK	HKMC N5511
40012.HK	QNB FIN N2811
40013.HK	CTGIL N3012
40014.HK	GZ DDH B2711
40015.HK	CNOOC F13 N2909
40016.HK	CNOOC F13 N4909
40018.HK	WESTCHINA N2812
40019.HK	CHGHK TM SGPSB
40020.HK	JOY TREA N2812
40021.HK	CHENGDA B2812
40022.HK	AGRBK N2812
40024.HK	BOCL N2812
40025.HK	BOCL N2712
40026.HK	MMET CS SGPCS
40027.HK	MMET CS SGPCSB
40028.HK	CDXC INV B2812
40030.HK	SUN EXP N2910
40031.HK	GZ URBAN N2812
40032.HK	HKE FIN N3101
40034.HK	SPMTNF N3101
40036.HK	FE HORI N2901
40037.HK	CNCB INTL N3312
40038.HK	URA N3101
40039.HK	URA N3601
40041.HK	AGRBK N3101
40045.HK	SJM INT N3101
40049.HK	SINOPEC N2911
40050.HK	SINOPEC N4911
40051.HK	CSI MTN N3101
40052.HK	FWD GHL N3312
40053.HK	GYCIDC B2901
40056.HK	VKEREHK N2911
40058.HK	SHK&CO N2901
40060.HK	CFAMC IV N2911
40061.HK	KS N3101
40063.HK	KS N3601
40064.HK	XTALPI B2701
40066.HK	CSSC B3101
40067.HK	LINK FIN N3602
40071.HK	PION REW N2802
40072.HK	HKE FIN N3602
40073.HK	YCDFHC B2901
40076.HK	CHINA OVS N2911
40077.HK	BOLT IN B3302
40078.HK	ZOOMLN B3102
40080.HK	WESTCHINA N2911
40081.HK	CMBCIF B2902
40082.HK	CDBL F1 N3102
40084.HK	TF SEC N2802
40085.HK	SHENGZHOU B2902
40086.HK	CICCMTN N2802
40087.HK	CICCMTN N2902
40088.HK	YX REIT N2902
40090.HK	XYGOLD B2902
40093.HK	SXSY CIO N2903
40095.HK	CHGHK TM B2912
40099.HK	CHANG DEV B2903
40100.HK	GUOTAI JA N2909
40102.HK	WYNN MAC N2912
40104.HK	TJ SCIM B2612
40105.HK	TJ SCIM B2912
40106.HK	TJ SCIM B3912
40108.HK	INDSTRLBK N2903
40110.HK	NWD (MTN) N4912
40111.HK	SCGZ IN N2803
40117.HK	KWG GROUP N2701
40124.HK	ICBC N2903
40127.HK	ICBC N2903B
40130.HK	SHKP(CM)L N3001
40132.HK	ICBC N2903C
40135.HK	BCEG HK B2903
40136.HK	DJ HAIYU B2903
40137.HK	CHALCO CH B2904
40138.HK	SOAR WIND GPCS
40141.HK	SPAC MTN N3001
40142.HK	20201WST N5108
40146.HK	CSSC B3002
40149.HK	ZJCXJK B2612
40152.HK	SF HLDG N3002
40156.HK	SINOSING B3002
40158.HK	CCCI TSR SGPSB
40162.HK	CITIC LTD N3002
40167.HK	CFAMC IV N3002
40168.HK	MICROPORT B2812
40172.HK	MTRC N3104
40174.HK	GRNL GLB N3003
40178.HK	CHINA OVS N3003
40179.HK	CHINA OVS N3503
40180.HK	CDXJ B2612
40181.HK	MTRC N3604
40182.HK	MTRC N5604
40189.HK	CP MTN N2904
40192.HK	CINDA20 N2703
40193.HK	CINDA20 N3003
40198.HK	IFC DEV N3004
40199.HK	AIA GROUP N3004
40200.HK	PETRONAS N3004
40201.HK	PETRONAS N5004
40202.HK	PETRONAS N6004
40204.HK	SUN EXP N3004
40208.HK	AIR AUTH N2905
40209.HK	XIAOMI BT N3004
40212.HK	WHARFREIC N3005
40213.HK	RUDONG JX B2612
40216.HK	AIR AUTH N3105
40217.HK	SHKP(CM)L N3005
40221.HK	SINOPEC N3005
40222.HK	SINOPEC N5005
40223.HK	NWD (MTN) N3005
40226.HK	CDYL B2612
40236.HK	HYSAN MTN N2706
40240.HK	TENCENT N3006
40241.HK	TENCENT N5006
40242.HK	TENCENT N6006
40247.HK	SANDS N3006
40248.HK	HKE FIN N3006
40251.HK	AIR AUTH N3605
40253.HK	CHAMP MTN N3006
40254.HK	GRNL GLB N2812
40257.HK	MENGNIU B3006
40260.HK	CAPCO FC N3006
40262.HK	NWD FIN GSPCSB
40265.HK	MGM CHINA N3305
40271.HK	CNPC GLB B3006
40272.HK	CXSOA B2612
40278.HK	COSL SG N3006
40282.HK	BEA N3205
40286.HK	RUDONG JX B2701
40287.HK	RUDONGJX B2701B
40289.HK	CLP-PF N3006
40290.HK	CLP-PF N3506
40299.HK	SHA PG B3007
40307.HK	AIR AUTH N2707
40320.HK	GRNL GLB N2904
40321.HK	GRNL GLB N3101
40322.HK	BOCL N2905
40327.HK	ICBCIL N2905
40328.HK	GREENTOWN N2905
40335.HK	STATEGRI N3008
40336.HK	NFTL B3605
40342.HK	CMB ILM N3008
40349.HK	MTR CORP N3008
40350.HK	CGWIH V B3008
40353.HK	EL GLO SGPCSA
40357.HK	WYNN MAC N2808
40359.HK	HKE FIN N3008
40361.HK	JICZHIXIN B3008
40366.HK	TME N3009
40373.HK	FPC RES B2709
40376.HK	TFI N2805
40378.HK	PANTHER GSPCS
40380.HK	GZ METRO N3009
40382.HK	CON RD B3009
40383.HK	ENNENERGY N3009
40384.HK	AIA GRP T2S4009
40392.HK	BOCL N3105
40398.HK	HCG N2905
40402.HK	CCBL1CORP N3009
40404.HK	CFAMC IV N3009
40413.HK	YSCO B2905
40416.HK	BOCOMLM N2906
40418.HK	SFG INTL B2906
40420.HK	AMIPEACE N3010
40421.HK	LICHENG B2906
40423.HK	HLAND MTN N3306
40426.HK	BLOSSOM N3010
40433.HK	CDB N3010
40435.HK	MEITUAN N3010
40436.HK	MTRC N3406
40439.HK	MTRC N3806
40443.HK	WENS FOOD N3010
40448.HK	MTRC N4606
40454.HK	LENOVO N3011
40456.HK	CCB N2906
40462.HK	CCB N3106
40468.HK	JOY TREA B3011
40470.HK	TENCENT N3606
40472.HK	TENCENT N4606
40491.HK	HKMC N2806
40492.HK	HKMC N3106
40494.HK	WLI B3606
40497.HK	ICBC N2906
40498.HK	CHINA EDU B2906
40499.HK	UETD CD N2701
40500.HK	AIR AUTH SPCSA
40504.HK	NWD FIN GSPCSC
40506.HK	OTPBANK N3612
40508.HK	LOGAN GRP N2612
40511.HK	XIAOMI BT B2712
40512.HK	PANTHER GSPCSA
40515.HK	GNEPI B2906
40518.HK	STANC PSCCSF
40521.HK	SINOPEC N3101
40522.HK	SINOPEC N5101
40527.HK	LOGAN GRP N2801
40534.HK	NWD (MTN) N3101
40541.HK	CINDA20 N2801
40542.HK	CINDA20 N3101
40544.HK	CHGHK TM B3101
40548.HK	WESTWOOD N3101
40560.HK	CHAM PATH N2801
40572.HK	ZHENROPPT N2608
40581.HK	AIR AUTH N3102
40582.HK	AIR AUTH N5102
40585.HK	SANDS N3006A
40586.HK	HLP FIN N2702
40589.HK	CMB ILM N3102
40604.HK	CAPCO FC N3103
40609.HK	HLP FIN N2703
40625.HK	PETRONAS N2803
40634.HK	MGM CHINA N2702
40655.HK	TENCENT N3104
40656.HK	TENCENT N4104
40657.HK	TENCENT N5104
40658.HK	TENCENT N6104
40660.HK	MEITUAN B2704
40661.HK	MEITUAN B2804
40662.HK	MYS WSB C3104
40663.HK	MYS WSB C5104
40671.HK	PETRONAS N3201
40672.HK	PETRONAS N6104
40676.HK	TAL Y IN B3105
40683.HK	KWG GROUP N2608
40685.HK	CP MTN N2608
40691.HK	CLP-PF N3605
40698.HK	CKI FIN GPCS
40700.HK	AAC N3106
40711.HK	NWD FIN GSPCSD
40721.HK	AIA GROUP RSPSB
40737.HK	BOCOMI N2606
40742.HK	NWD (MTN) N5106
40743.HK	BCEG HK B2607
40745.HK	CK PPT FN N2606
40747.HK	ZY ZHICH B2607
40751.HK	BOCOM(HK) B3107
40752.HK	SZEXP B2607
40754.HK	LOGAN GRP N2607
40761.HK	ZHEJIANG B2607
40762.HK	BRT GAL B2607
40763.HK	XIAOMI BT B3107
40764.HK	XIAOMI BT B5107
40765.HK	CHMOD DA B2607
40766.HK	SWHY INTL B2607
40767.HK	ZJ EN INT N2607
40770.HK	CCBL1CORP N2607
40771.HK	CLP-PF N3107
40772.HK	CLP-PF N3107B
40778.HK	CSSC B2607
40780.HK	VERTEX B2607
40782.HK	LAI SUN N2607
40784.HK	CHALCOHKI B2607
40786.HK	PINGAN RE N2607
40789.HK	CKI FIN GPCSB
40790.HK	CNCB INTL UCS C
40792.HK	ICBCIL FN N2608
40793.HK	ICBCIL FN N3108
40807.HK	SX CD B2608
40809.HK	YLDKING N2608
40813.HK	BAIDU N3108
40814.HK	BAIDU N2702
40815.HK	ANHUI THG B2608
40817.HK	SDG FIN B2608
40823.HK	INVENTIVE N2609
40829.HK	STATEGRI N2609
40831.HK	SHK&CO N2609
40833.HK	CON RD B2609
40835.HK	AIA GRP SDS3309
40838.HK	CCBL1CORP N2609
40841.HK	CMB ILM N2609
40849.HK	GZ METRO N2609
40851.HK	EHI CAR N2609
40852.HK	SANDS N2703
40853.HK	SANDS N2903
40854.HK	SANDS N3108
40856.HK	SINOCHEM N2609
40857.HK	SINOCHEM N3109
40864.HK	ICBC UCB
40870.HK	SE GLOBAL N2609
40872.HK	PANTHER GSPCSB
40875.HK	XINGCHENG N2610
40878.HK	20211WST N5304
40882.HK	AIA GRP SDS5110
40886.HK	CDHT INV N2610
40887.HK	FE HORI N2610
40889.HK	HUALU INT B2610
40890.HK	HNXJ NAD B2610
40895.HK	ICBC N2610
40900.HK	HCG N2610
40903.HK	DAHSING B N3111
40905.HK	ICBCIL FN N2611
40908.HK	YCIC IHK N2611
40910.HK	AMIPEACE N2611
40920.HK	SF HLDG N2611
40921.HK	SF HLDG N2811
40922.HK	SF HLDG N3111
40930.HK	CGWIH V B2611
40931.HK	RONGSHI N2611
40932.HK	SY UCHK B2611
40935.HK	YUEYANG B2611
40939.HK	SINOCHEM N2611
41533.HK	XAGX金兑-U
80016.HK	新鸿基地产-R
80020.HK	商汤-WR
80175.HK	吉利汽车-R
80291.HK	华润啤酒-R
80388.HK	香港交易所-R
80700.HK	腾讯控股-R
80737.HK	湾区发展-R
80883.HK	中国海洋石油-R
80941.HK	中国移动-R
80992.HK	联想集团-R
81024.HK	快手-WR
81211.HK	比亚迪股份-R
81299.HK	友邦保险-R
81810.HK	小米集团-WR
82020.HK	安踏体育-R
82318.HK	中国平安-R
82331.HK	李宁-R
82333.HK	长城汽车-R
82388.HK	中银香港-R
82800.HK	盈富基金-R
82805.HK	银河博时东盟-R
82817.HK	PP国债-R
82822.HK	南方A50-R
82823.HK	安硕A50-R
82824.HK	易方达黄金矿-R
82828.HK	恒生中国企业-R
82829.HK	安硕中国国债-R
82830.HK	南方沙特-R
82832.HK	博时科创50-R
82839.HK	华夏A50-R
82840.HK	SPDR金-R
82843.HK	东汇A50-R
82846.HK	安硕沪深三百-R
83001.HK	PP中地美债-R
83005.HK	X南方中五百-R
83010.HK	安硕亚洲除日-R
83012.HK	东汇香港35-R
83031.HK	FG恒生红利-R
83038.HK	恒生A股低碳-R
83042.HK	华夏比特币-R
83046.HK	华夏以太币-R
83053.HK	A南方港元-R
83059.HK	GX亚洲绿债-R
83069.HK	华夏恒生生科-R
83081.HK	价值黄金-R
83088.HK	华夏恒生科技-R
83102.HK	工银KWEB-R
83108.HK	嘉实ESG领-R
83110.HK	GX恒生股息-R
83111.HK	易方达A50-R
83115.HK	安硕恒生指数-R
83118.HK	嘉实明晟A股-R
83122.HK	A南方人民币-R
83128.HK	恒生A股龙头-R
83129.HK	中银大湾气候-R
83140.HK	华夏港美AI-R
83146.HK	华夏20美债-R
83147.HK	X南方中创业-R
83151.HK	PP科创50-R
83161.HK	A华夏人民币-R
83167.HK	工银南方中国-R
83168.HK	恒生人币金ETF
83188.HK	华夏沪深三百-R
83189.HK	易方达白酒-R
83192.HK	A博时人民币-R
83196.HK	A博时美元-R
83199.HK	工银南方国债-R
83403.HK	华夏恒ESG-R
83404.HK	华夏印度-R
83416.HK	AGX国指兑-R
83418.HK	华夏数字黄金-R
83420.HK	A惠理人民币-R
83428.HK	GX国寿港美-R
83434.HK	易方达数科-R
83437.HK	博时央企红利-R
83455.HK	景顺QQQ-R
83460.HK	华夏SOL-R
83461.HK	A华夏人币数-R
83483.HK	易方达高股息-R
83489.HK	易方达AI-R
83690.HK	美团-WR
84404.HK	CDB N2707-R
84410.HK	HN GOVT B2711-R
84415.HK	SZ GOVT B2711-R
84418.HK	HKGB GR 2801-R
84433.HK	HKGB GR 2806-R
84434.HK	HKGB GR 3306-R
84435.HK	CSI MTN N2607-R
84437.HK	SP MTNF N2807-R
84438.HK	MC DZXI B2608-R
84439.HK	SD COM B2608-R
84440.HK	PZHCTG B2608-R
84442.HK	SZ GOVT B2609-R
84443.HK	SZ GOVT B2809-R
84445.HK	HKMC N2609-R
84447.HK	CMSI GE N2609-R
84448.HK	ZIBO CJ B2609-R
84449.HK	BOCL N2609-R
84451.HK	HN GOVT B2609-R
84452.HK	HN GOVT B2809-R
84453.HK	JZBD B2609-R
84454.HK	GSHA TO B2609-R
84455.HK	SX XXFX B2609-R
84456.HK	CHENGDA B2610-R
84457.HK	MTRC N2810-R
84458.HK	JY SAHG B2610-R
84460.HK	JX CID B2610-R
84463.HK	DJY UR B2611-R
84464.HK	CQ XSQ B2611-R
84465.HK	CQWS IP B2612-R
84466.HK	JDZHS B2611-R
84467.HK	YC SOEI B2612-R
84468.HK	YB INTL B2612-R
84469.HK	FJZC B2612-R
84470.HK	PT CPZ B2612-R
84472.HK	CQWSIP B2612B-R
84473.HK	LC OVS B2612-R
84474.HK	CDXJ B2612-R
84475.HK	NEWHOPE B2612-R
84476.HK	CDUDG B2612-R
84477.HK	SMCTCD B2701-R
84479.HK	PT CPZ B2612B-R
84480.HK	MY SCI B2701-R
84481.HK	ZIBO CT B2701-R
84482.HK	YZLL B2701-R
84483.HK	DJY UR B2701-R
84484.HK	LC OVS B2701-R
84486.HK	MY SCI B2702-R
84487.HK	SMCTCD B2702-R
84489.HK	YB INTL B2702-R
84490.HK	HT FN N2703-R
84491.HK	ZJ ICI B2703-R
84494.HK	CDUDG B2703-R
84496.HK	TS CT N2703-R
84497.HK	HTUTB N2703-R
84499.HK	VERTEX B2703-R
84500.HK	MM PORT B2703-R
84503.HK	HB INV B2702-R
84504.HK	MY SCI B2703-R
84505.HK	CHIBI B2703-R
84506.HK	NEWHOPE B2704-R
84507.HK	ZIBO CT B2704-R
84508.HK	CDB N2704-R
84509.HK	CDB N2904-R
84510.HK	JS ZY B2705-R
84511.HK	JS ZY B2705B-R
84514.HK	SY CSC B2705-R
84515.HK	ICBC N2705-R
84516.HK	CHIBI B2705-R
84517.HK	QZ UC B2705-R
84518.HK	AIRAUTH N3406-R
84519.HK	ZIBO CT B2706-R
84520.HK	FJJJ B2706-R
84521.HK	YB EIIG B2706-R
84523.HK	BOCL N2706-R
84524.HK	LGO N2706-R
84525.HK	BOCL N2706B-R
84526.HK	JZBD B2706-R
84527.HK	ZIBO HT B2706-R
84528.HK	SDHS N2706-R
84529.HK	JOY DL N2707-R
84530.HK	TS CT N2707-R
84531.HK	JN CT B2707-R
84532.HK	JZ UDH B2707-R
84533.HK	CCB N2707-R
84534.HK	ACDG B2707-R
84535.HK	JN CT B2707B-R
84536.HK	HKGB GR 2607-R
84537.HK	HKGB GR 2907-R
84538.HK	HKGB GR 3407-R
84539.HK	HKGB GR 4407-R
84540.HK	HKGB GR 5407-R
84541.HK	SDHS N2707-R
84542.HK	HF24 I SGPCS-R
84543.HK	AGRBK N2707-R
84544.HK	BOCOM N2708-R
84545.HK	SDHS N2708-R
84546.HK	CCCITSR B2708-R
84548.HK	SZ GOVT B2608-R
84549.HK	SZ GOVT B2708-R
84550.HK	SZ GOVT B2908-R
84551.HK	SZ GOVT B3408-R
84552.HK	FJJJ B2708-R
84553.HK	CCCITS B2708B-R
84554.HK	BOCL N2608-R
84555.HK	PINGHU B2708-R
84556.HK	ANXH B2708-R
84557.HK	SCCT B2608-R
84558.HK	SP MTNF N2709-R
84559.HK	SP MTNF N2909-R
84560.HK	PLP B2909-R
84561.HK	CQILHP N2709-R
84562.HK	MTRC N3409-R
84563.HK	MTRC N5409-R
84564.HK	GD GOVT B2609-R
84565.HK	GD GOVT B2709-R
84566.HK	GD GOVT B2909-R
84567.HK	CDUDG B2709-R
84568.HK	NB FHI B2709-R
84569.HK	WEIFANG B2703-R
84570.HK	CRCC HY N2709-R
84571.HK	SRUOH B2709-R
84572.HK	HKMC N3110-R
84573.HK	SZ FTI B2710-R
84574.HK	HKGB2.13 2710-R
84575.HK	HN GOVT B2710-R
84576.HK	HN GOVT B2910-R
84577.HK	HN GOVT B3410-R
84578.HK	CCCITS B2710-R
84580.HK	SRUOH B2710-R
84581.HK	FQ SO B2711-R
84582.HK	XIHUI I B2711-R
84583.HK	SY CSC B2711-R
84584.HK	YZHJ B2711-R
84585.HK	HKGB2.04 2611-R
84586.HK	HKGB2.46 3411-R
84587.HK	CEBHK N2611-R
84588.HK	WZLCD B2711-R
84589.HK	CD WHID B2711-R
84590.HK	BABA N2805-R
84591.HK	BABA N2911-R
84592.HK	BABA N3411-R
84593.HK	BABA N4411-R
84594.HK	SD GCH B2711-R
84596.HK	HKGB2.37 2912-R
84597.HK	BOCOM N2612-R
84598.HK	SANSHUI B2712-R
84599.HK	SCCT B2712-R
85000.HK	HF24 I B2712-R
85001.HK	AIRAUTH N3501-R
85002.HK	AIRAUTH N5501-R
85003.HK	ZC LM B2801-R
85004.HK	HUAIAN N2801-R
85005.HK	JMHT B2801-R
85006.HK	SANSHUI B2801-R
85008.HK	FE HORI N2802-R
85009.HK	QDOVI B2803-R
85010.HK	HKGB1.71 2705-R
85011.HK	ZIBO CT B2803-R
85012.HK	BAIDU N3003-R
85013.HK	BAIDU N3503-R
85014.HK	HTUTB N2803-R
85015.HK	GF FH B2803-R
85017.HK	JMHT B2803-R
85018.HK	MOON K N2804-R
85019.HK	SRUOH B2804-R
85021.HK	CDXJCI B2804-R
85023.HK	HKGB1.97 3005-R
85024.HK	HKGB2.29 3505-R
85025.HK	CSCIFHK N2704-R
85026.HK	ICBC N2805-R
85027.HK	CCB N2805-R
85028.HK	HKGB GR 4506-R
85029.HK	HKGB GR 5506-R
85030.HK	SGBVI N3006-R
85031.HK	SGBVI N3506-R
85032.HK	SZHS B2806-R
85033.HK	CINDA20 N2806-R
85034.HK	HKXYINV N2807-R
85035.HK	SPMTNF N2807-R
85036.HK	SPMTNF N3007-R
85037.HK	SPMTNF N3507-R
85038.HK	HKGB1.48 2607-R
85039.HK	HKGB1.59 2807-R
85040.HK	ZZ UDG B2807-R
85041.HK	SPD BK N2707-R
85042.HK	MENGNIU B3007-R
85043.HK	MENGNIU B3507-R
85044.HK	CINDA20 N2902-R
85045.HK	CINDA20 N3008-R
85046.HK	ZTE B3008-R
85047.HK	CHUBB B3008-R
85048.HK	CHUBB B3508-R
85049.HK	CHUBB B5508-R
85050.HK	KNWLCTY B2808-R
85051.HK	HKGB1.54 2708-R
85052.HK	SGBVI N3008-R
85053.HK	SGBVI N3508-R
85054.HK	SGBVI N4508-R
85055.HK	ZZ UDG B2808-R
85056.HK	GTJAHLD N2808-R
85057.HK	GZMETRO N2808-R
85058.HK	GZMETRO N3008-R
85059.HK	DBK JSC N2809-R
85060.HK	GZMETRO N2809-R
85061.HK	BEA N2909-R
85062.HK	CCB N2809-R
85063.HK	BAIDU N2903-R
85064.HK	STGRD N2809-R
85065.HK	HNGOVT B2809B-R
85066.HK	HN GOVT B3009-R
85067.HK	HN GOVT B3509-R
85068.HK	PIONREW N2809-R
85069.HK	TENCENT N3009-R
85070.HK	TENCENT N3509-R
85071.HK	TENCENT N5509-R
85072.HK	CH BANK NCSCS-R
85073.HK	SZ GOVT B2709-R
85074.HK	SZ GOVT B3009-R
85075.HK	SZ GOVT B3509-R
85076.HK	CMBC N2809-R
85077.HK	HF24 I B2810-R
85078.HK	GD GOVT B2810-R
85079.HK	GD GOVT B3010-R
85080.HK	GD GOVT B3510-R
85081.HK	BOCOMLM N2810-R
85082.HK	JSC KMG N3010-R
85083.HK	JOY DL N2811-R
85084.HK	MEITUAN N3011-R
85085.HK	MEITUAN N3511-R
85086.HK	BOCL N2811-R
85087.HK	CRCC HY N3011-R
85088.HK	CRCC HY N3511-R
85089.HK	HKGB1.71 2711-R
85090.HK	CSSC N2811-R
85091.HK	CINDA20 N3011-R
85092.HK	HKGB GR 3011-R
85093.HK	INV GI N3011-R
85094.HK	SC GLOP B2811-R
85095.HK	CR LAND N3011-R
85096.HK	HKMC N2811-R
85097.HK	YCDFXC B2811-R
85098.HK	CDB N2812-R
85099.HK	CDB N3012-R
85100.HK	HKGB1.60 2612-R
85101.HK	SC GLOP B2812-R
85102.HK	INDSTRL N2901-R
85103.HK	KS N3101-R
85104.HK	GZ UB N2901-R
85105.HK	PIONREW N2802-R
85106.HK	CDB N2902-R
85107.HK	CDB N3102-R
85108.HK	JOY DL N2902-R
85109.HK	COGOFNV N2902-R
85110.HK	MOON K N2902-R
85111.HK	VERTEX B2903-R
85112.HK	COSL SG N2903-R
85113.HK	BCEG HK B2903-R
85114.HK	CICCMTN N2803-R
85115.HK	ACDG B2904-R
85116.HK	JD N3104-R
85117.HK	JD N3604-R
85118.HK	CSCIFHK N2904-R
85119.HK	AMIPEAC N2904-R
85120.HK	AMIPEAC N3104-R
85121.HK	AIA SDS3604-R
85122.HK	HKGB1.68 3105-R
85123.HK	HKGB GR 4605-R
85124.HK	HKGB GR 5605-R
85125.HK	CHUBB B3105-R
85126.HK	CHUBB B3605-R
85127.HK	ICBCIL N3105-R
85128.HK	JOY DL N2905-R
85129.HK	BOCL N2905-R
85130.HK	BOCOMLM N3106-R
85131.HK	BOCMO N2906-R
85132.HK	CCB N2906-R
85133.HK	VERTEX B2906-R
85134.HK	TENCENT N3606-R
85135.HK	TENCENT N5606-R
85136.HK	HKMC N2906-R
85137.HK	ICBC N2906-R
85904.HK	CDB B2701-R
85905.HK	CDB B3208-R
85934.HK	CDB N2811-R
86019.HK	SZ GOVT B2610-R
86022.HK	HKGB GR 2611-R
86605.HK	国债二七零六-R
86611.HK	国债二八零六-R
86612.HK	国债四三零六-R
86618.HK	京东健康-R
86620.HK	国债二九零五-R
86621.HK	国债三四零五-R
86630.HK	国债三零零五-R
86631.HK	国债四五零五-R
86635.HK	国债三五十一-R
86640.HK	国债二六零七-R
86641.HK	国债三六零七-R
86644.HK	国债二六十二-R
86645.HK	国债三一十二-R
86646.HK	国债四六十二-R
86652.HK	国债二七十二-R
86660.HK	国债二六零九-R
86663.HK	国债二七零六BR
86664.HK	国债三二零八-R
87001.HK	汇贤产业信托
89002.HK	国债三三零六-R
89003.HK	国债二八零八-R
89005.HK	国债二七零三-R
89006.HK	国债二九零三-R
89007.HK	国债三四零三-R
89008.HK	国债二七零二-R
89009.HK	国债二八零二-R
89010.HK	国债三零零二-R
89011.HK	国债三五零二-R
89012.HK	国债五五零二-R
89013.HK	PRC B2804-R
89014.HK	PRC B3004-R
89015.HK	国债四零零四-R
89016.HK	国债二八零二BR
89017.HK	国债二九零二-R
89018.HK	国债三一零二-R
89019.HK	国债三六零二-R
89020.HK	国债五六零二-R
89021.HK	国债四一零四-R
89022.HK	PRC B2906-R
89023.HK	PRC B3106-R
89618.HK	京东集团-SWR
89888.HK	百度集团-SWR
89988.HK	阿里巴巴-WR
