000001.SH	上证指数	SSE	中证指数有限公司	综合指数	1990-12-19	100.0	1991-07-15	000001	1.0
000002.SH	上证A指	SSE	中证指数有限公司	规模指数	1990-12-19	100.0	1992-02-21	000002	1.0
000003.SH	B股指数	SSE	中证指数有限公司	规模指数	1992-02-21	100.0	1992-08-17	000003	1.0
000004.SH	工业指数	SSE	中证指数有限公司	行业指数	1993-04-30	1358.78	1993-05-03	000004	1.0
000005.SH	商业指数	SSE	中证指数有限公司	行业指数	1993-04-30	1358.78	1993-05-03	000005	1.0
000006.SH	地产指数	SSE	中证指数有限公司	行业指数	1993-04-30	1358.78	1993-05-03	000006	1.0
000007.SH	公用指数	SSE	中证指数有限公司	行业指数	1993-04-30	1358.78	1993-05-03	000007	1.0
000008.SH	综合指数	SSE	中证指数有限公司	行业指数	1993-04-30	1358.78	1993-05-03	000008	1.0
000009.SH	上证380	SSE	中证指数有限公司	规模指数	2003-12-31	1000.0	2010-11-29	000009	1.0
000010.SH	上证180	SSE	中证指数有限公司	规模指数	2002-06-28	3299.06	2002-07-01	000010	1.0
000015.SH	红利指数	SSE	中证指数有限公司	策略指数	2004-12-31	1000.0	2005-01-04	000015	1.0
000016.SH	上证50	SSE	中证指数有限公司	规模指数	2003-12-31	1000.0	2004-01-02	000016	1.0
000017.SH	新综指	SSE	中证指数有限公司	规模指数	2005-12-30	1000.0	2006-01-04	000017	1.0
000018.SH	180金融	SSE	中证指数有限公司	行业指数	2002-06-28	1000.0	2007-12-10	000018	1.0
000019.SH	治理指数	SSE	中证指数有限公司	主题指数	2007-06-29	1000.0	2008-01-02	000019	1.0
000020.SH	中型综指	SSE	中证指数有限公司	规模指数	2007-12-28	1000.0	2008-05-12	000020	1.0
000021.SH	180治理	SSE	中证指数有限公司	主题指数	2007-06-29	1000.0	2008-09-10	000021	1.0
000025.SH	180基建	SSE	中证指数有限公司	主题指数	2002-06-28	1000.0	2008-12-15	000025	1.0
000026.SH	180资源	SSE	中证指数有限公司	主题指数	2002-06-28	1000.0	2008-12-15	000026	1.0
000027.SH	180运输	SSE	中证指数有限公司	主题指数	2002-06-28	1000.0	2008-12-15	000027	1.0
000028.SH	180成长	SSE	中证指数有限公司	风格指数	2002-06-28	1000.0	2009-01-09	000028	1.0
000029.SH	180价值	SSE	中证指数有限公司	风格指数	2002-06-28	1000.0	2009-01-09	000029	1.0
000030.SH	180R成长	SSE	中证指数有限公司	风格指数	2002-06-28	1000.0	2009-01-09	000030	1.0
000031.SH	180R价值	SSE	中证指数有限公司	风格指数	2002-06-28	1000.0	2009-01-09	000031	1.0
000032.SH	上证能源	SSE	中证指数有限公司	一级行业指数	2003-12-31	1000.0	2009-01-09	000032	1.0
000033.SH	上证材料	SSE	中证指数有限公司	一级行业指数	2003-12-31	1000.0	2009-01-09	000033	1.0
000034.SH	上证工业	SSE	中证指数有限公司	一级行业指数	2003-12-31	1000.0	2009-01-09	000034	1.0
000035.SH	上证可选	SSE	中证指数有限公司	一级行业指数	2003-12-31	1000.0	2009-01-09	000035	1.0
000036.SH	上证消费	SSE	中证指数有限公司	一级行业指数	2003-12-31	1000.0	2009-01-09	000036	1.0
000037.SH	上证医药	SSE	中证指数有限公司	一级行业指数	2003-12-31	1000.0	2009-01-09	000037	1.0
000038.SH	上证金融	SSE	中证指数有限公司	主题指数	2003-12-31	1000.0	2009-01-09	000038	1.0
000039.SH	上证信息	SSE	中证指数有限公司	一级行业指数	2003-12-31	1000.0	2009-01-09	000039	1.0
000040.SH	上证通信	SSE	中证指数有限公司	一级行业指数	2003-12-31	1000.0	2009-01-09	000040	1.0
000041.SH	上证公用	SSE	中证指数有限公司	一级行业指数	2003-12-31	1000.0	2009-01-09	000041	1.0
000042.SH	上证央企	SSE	中证指数有限公司	主题指数	2008-12-31	1000.0	2009-03-30	000042	1.0
000043.SH	超大盘	SSE	中证指数有限公司	规模指数	2003-12-31	1000.0	2009-04-23	000043	1.0
000044.SH	上证中盘	SSE	中证指数有限公司	规模指数	2003-12-31	1000.0	2009-07-03	000044	1.0
000045.SH	上证小盘	SSE	中证指数有限公司	规模指数	2003-12-31	1000.0	2009-07-03	000045	1.0
000046.SH	上证中小	SSE	中证指数有限公司	规模指数	2003-12-31	1000.0	2009-07-03	000046	1.0
000047.SH	上证全指	SSE	中证指数有限公司	规模指数	2003-12-31	1000.0	2009-07-03	000047	1.0
000048.SH	责任指数	SSE	中证指数有限公司	主题指数	2009-06-30	1000.0	2009-08-05	000048	1.0
000049.SH	上证民企	SSE	中证指数有限公司	主题指数	2009-06-30	1000.0	2009-08-25	000049	1.0
000050.SH	50等权	SSE	中证指数有限公司	策略指数	2003-12-31	1000.0	2011-01-04	000050	1.0
000051.SH	180等权	SSE	中证指数有限公司	策略指数	2002-06-28	3299.06	2011-05-24	000051	1.0
000052.SH	50基本	SSE	中证指数有限公司	策略指数	2003-12-31	1000.0	2012-01-09	000052	1.0
000053.SH	180基本	SSE	中证指数有限公司	策略指数	2002-06-28	3299.06	2012-01-09	000053	1.0
000054.SH	上证海外	SSE	中证指数有限公司	主题指数	2006-12-29	1000.0	2010-01-04	000054	1.0
000055.SH	上证地企	SSE	中证指数有限公司	主题指数	2009-06-30	1000.0	2010-01-04	000055	1.0
000056.SH	上证国企	SSE	中证指数有限公司	主题指数	2009-06-30	1000.0	2010-01-04	000056	1.0
000057.SH	全指成长	SSE	中证指数有限公司	风格指数	2003-12-31	1000.0	2010-01-04	000057	1.0
000058.SH	全指价值	SSE	中证指数有限公司	风格指数	2003-12-31	1000.0	2010-01-04	000058	1.0
000059.SH	全R成长	SSE	中证指数有限公司	风格指数	2003-12-31	1000.0	2010-01-04	000059	1.0
000060.SH	全R价值	SSE	中证指数有限公司	风格指数	2003-12-31	1000.0	2010-01-04	000060	1.0
000062.SH	上证沪企	SSE	中证指数有限公司	主题指数	2005-12-31	1000.0	2010-01-04	000062	1.0
000063.SH	上证周期	SSE	中证指数有限公司	主题指数	2003-12-31	1000.0	2010-02-03	000063	1.0
000064.SH	非周期	SSE	中证指数有限公司	主题指数	2003-12-31	1000.0	2010-02-03	000064	1.0
000065.SH	上证龙头	SSE	中证指数有限公司	主题指数	2003-12-31	1000.0	2010-02-09	000065	1.0
000066.SH	上证商品	SSE	中证指数有限公司	主题指数	2003-12-31	1000.0	2010-04-30	000066	1.0
000067.SH	上证新兴	SSE	中证指数有限公司	主题指数	2003-12-31	1000.0	2010-04-30	000067	1.0
000068.SH	上证资源	SSE	中证指数有限公司	主题指数	2003-12-31	1000.0	2010-05-28	000068	1.0
000069.SH	消费80	SSE	中证指数有限公司	主题指数	2003-12-31	1000.0	2010-05-28	000069	1.0
000070.SH	能源等权	SSE	中证指数有限公司	策略指数	2003-12-31	1000.0	2010-08-18	000070	1.0
000071.SH	材料等权	SSE	中证指数有限公司	策略指数	2003-12-31	1000.0	2010-08-18	000071	1.0
000072.SH	工业等权	SSE	中证指数有限公司	策略指数	2003-12-31	1000.0	2010-08-18	000072	1.0
000073.SH	可选等权	SSE	中证指数有限公司	策略指数	2003-12-31	1000.0	2010-08-18	000073	1.0
000074.SH	消费等权	SSE	中证指数有限公司	策略指数	2003-12-31	1000.0	2010-08-18	000074	1.0
000075.SH	医药等权	SSE	中证指数有限公司	策略指数	2003-12-31	1000.0	2010-08-18	000075	1.0
000076.SH	金融等权	SSE	中证指数有限公司	策略指数	2003-12-31	1000.0	2010-08-18	000076	1.0
000077.SH	信息等权	SSE	中证指数有限公司	策略指数	2003-12-31	1000.0	2010-08-18	000077	1.0
000078.SH	通信等权	SSE	中证指数有限公司	策略指数	2003-12-31	1000.0	2010-08-18	000078	1.0
000079.SH	公用等权	SSE	中证指数有限公司	策略指数	2003-12-31	1000.0	2010-08-18	000079	1.0
000090.SH	上证流通	SSE	中证指数有限公司	规模指数	2009-12-31	1000.0	2010-12-02	000090	1.0
000091.SH	沪财中小	SSE	中证指数有限公司	策略指数	2004-12-31	1000.0	2011-04-06	000091	1.0
000092.SH	资源50	SSE	中证指数有限公司	主题指数	2003-12-31	1000.0	2011-05-10	000092	1.0
000093.SH	180分层	SSE	中证指数有限公司	策略指数	2002-06-28	3299.06	2011-05-24	000093	1.0
000094.SH	上证上游	SSE	中证指数有限公司	主题指数	2003-12-31	1000.0	2011-05-10	000094	1.0
000095.SH	上证中游	SSE	中证指数有限公司	主题指数	2003-12-31	1000.0	2011-05-10	000095	1.0
000096.SH	上证下游	SSE	中证指数有限公司	主题指数	2003-12-31	1000.0	2011-05-10	000096	1.0
000097.SH	高端装备	SSE	中证指数有限公司	主题指数	2004-12-31	1000.0	2011-05-24	000097	1.0
000098.SH	上证F200	SSE	中证指数有限公司	策略指数	2004-12-31	1000.0	2011-07-01	000098	1.0
000099.SH	上证F300	SSE	中证指数有限公司	策略指数	2004-12-31	1000.0	2011-07-01	000099	1.0
000100.SH	上证F500	SSE	中证指数有限公司	策略指数	2004-12-31	1000.0	2011-07-01	000100	1.0
000102.SH	沪投资品	SSE	中证指数有限公司	主题指数	2003-12-31	1000.0	2011-06-13	000102	1.0
000103.SH	沪消费品	SSE	中证指数有限公司	主题指数	2003-12-31	1000.0	2011-06-13	000103	1.0
000104.SH	380能源	SSE	中证指数有限公司	一级行业指数	2003-12-31	1000.0	2011-06-13	000104	1.0
000105.SH	380材料	SSE	中证指数有限公司	一级行业指数	2003-12-31	1000.0	2011-06-13	000105	1.0
000106.SH	380工业	SSE	中证指数有限公司	一级行业指数	2003-12-31	1000.0	2011-06-13	000106	1.0
000107.SH	380可选	SSE	中证指数有限公司	一级行业指数	2003-12-31	1000.0	2011-06-13	000107	1.0
000108.SH	380消费	SSE	中证指数有限公司	一级行业指数	2003-12-31	1000.0	2011-06-13	000108	1.0
000109.SH	380医药	SSE	中证指数有限公司	一级行业指数	2003-12-31	1000.0	2011-06-13	000109	1.0
000110.SH	380金融	SSE	中证指数有限公司	一级行业指数	2003-12-31	1000.0	2011-06-13	000110	1.0
000111.SH	380信息	SSE	中证指数有限公司	一级行业指数	2003-12-31	1000.0	2011-06-13	000111	1.0
000112.SH	380电信	SSE	中证指数有限公司	一级行业指数	2003-12-31	1000.0	2011-06-13	000112	1.0
000113.SH	380公用	SSE	中证指数有限公司	一级行业指数	2003-12-31	1000.0	2011-06-13	000113	1.0
000114.SH	持续产业	SSE	中证指数有限公司	主题指数	2011-06-30	1000.0	2011-08-22	000114	1.0
000115.SH	380等权	SSE	中证指数有限公司	策略指数	2003-12-31	1000.0	2011-08-12	000115	1.0
000117.SH	380成长	SSE	中证指数有限公司	风格指数	2003-12-31	1000.0	2011-10-18	000117	1.0
000118.SH	380价值	SSE	中证指数有限公司	风格指数	2003-12-31	1000.0	2011-10-18	000118	1.0
000119.SH	380R成长	SSE	中证指数有限公司	风格指数	2003-12-31	1000.0	2011-10-18	000119	1.0
000120.SH	380R价值	SSE	中证指数有限公司	风格指数	2003-12-31	1000.0	2011-10-18	000120	1.0
000121.SH	医药主题	SSE	中证指数有限公司	主题指数	2003-12-31	1000.0	2011-10-18	000121	1.0
000122.SH	上证农业	SSE	中证指数有限公司	主题指数	2011-06-30	1000.0	2011-10-18	000122	1.0
000123.SH	上证180动态	SSE	中证指数有限公司	策略指数	2002-06-28	3299.06	2013-02-08	000123	1.0
000125.SH	上证180稳定	SSE	中证指数有限公司	策略指数	2002-06-28	3299.06	2013-02-08	000125	1.0
000126.SH	消费50	SSE	中证指数有限公司	主题指数	2004-12-31	1000.0	2011-12-09	000126	1.0
000128.SH	380基本	SSE	中证指数有限公司	策略指数	2003-12-31	1000.0	2012-01-09	000128	1.0
000129.SH	180波动	SSE	中证指数有限公司	策略指数	2002-06-28	3299.06	2012-01-09	000129	1.0
000130.SH	380波动	SSE	中证指数有限公司	策略指数	2003-12-31	1000.0	2012-01-09	000130	1.0
000131.SH	上证高新	SSE	中证指数有限公司	主题指数	2011-06-30	1000.0	2012-02-10	000131	1.0
000132.SH	上证100	SSE	中证指数有限公司	规模指数	2003-12-31	1000.0	2012-04-20	000132	1.0
000133.SH	上证150	SSE	中证指数有限公司	规模指数	2003-12-31	1000.0	2012-04-20	000133	1.0
000134.SH	上证银行	SSE	中证指数有限公司	主题指数	2007-12-31	1000.0	2012-05-29	000134	1.0
000135.SH	上证180高贝塔	SSE	中证指数有限公司	策略指数	2002-06-28	3299.06	2012-08-06	000135	1.0
000136.SH	上证180低贝塔	SSE	中证指数有限公司	策略指数	2002-06-28	3299.06	2012-08-06	000136	1.0
000137.SH	上证380高贝塔	SSE	中证指数有限公司	策略指数	2003-12-31	1000.0	2012-08-06	000137	1.0
000138.SH	上证380低贝塔	SSE	中证指数有限公司	策略指数	2003-12-31	1000.0	2012-08-06	000138	1.0
000141.SH	上证380动态	SSE	中证指数有限公司	策略指数	2003-12-31	1000.0	2013-02-08	000141	1.0
000142.SH	上证380稳定	SSE	中证指数有限公司	策略指数	2003-12-31	1000.0	2013-02-08	000142	1.0
000145.SH	优势资源	SSE	中证指数有限公司	主题指数	2003-12-31	1000.0	2012-05-29	000145	1.0
000146.SH	优势制造	SSE	中证指数有限公司	主题指数	2003-12-31	1000.0	2012-05-29	000146	1.0
000147.SH	优势消费	SSE	中证指数有限公司	主题指数	2003-12-31	1000.0	2012-05-29	000147	1.0
000148.SH	消费领先	SSE	中证指数有限公司	主题指数	2004-12-31	1000.0	2012-05-29	000148	1.0
000149.SH	上证180红利	SSE	中证指数有限公司	策略指数	2004-12-31	1000.0	2012-07-20	000149	1.0
000150.SH	上证380红利	SSE	中证指数有限公司	策略指数	2004-12-31	1000.0	2012-07-20	000150	1.0
000151.SH	上证国企红利	SSE	中证指数有限公司	策略指数	2009-06-30	1000.0	2012-07-20	000151	1.0
000152.SH	上证央企红利	SSE	中证指数有限公司	策略指数	2008-12-31	1000.0	2012-07-20	000152	1.0
000153.SH	上证民企红利	SSE	中证指数有限公司	策略指数	2009-06-30	1000.0	2012-07-20	000153	1.0
000155.SH	上证市值百强	SSE	中证指数有限公司	规模指数	2003-12-31	1000.0	2012-07-20	000155	1.0
000158.SH	上证环保	SSE	中证指数有限公司	主题指数	2011-12-30	1000.0	2012-09-25	000158	1.0
000159.SH	沪股通	SSE	中证指数有限公司	主题指数	2003-12-31	1000.0	2014-11-17	000159	1.0
000160.SH	沪新丝路	SSE	中证指数有限公司	主题指数	2012-12-31	1000.0	2015-06-24	000160	1.0
000161.SH	沪中国造	SSE	中证指数有限公司	主题指数	2012-06-29	1000.0	2015-10-29	000161	1.0
000162.SH	沪互联+	SSE	中证指数有限公司	主题指数	2012-06-29	1000.0	2015-10-29	000162	1.0
000170.SH	50AH优选	SSE	中证指数有限公司	策略指数	2004-12-31	1000.0	2015-12-10	000170	1.0
000300.SH	沪深300	SSE	中证指数有限公司	规模指数	2004-12-31	1000.0	2005-04-08	000300	1.0
000510.SH	中证A500	SSE	中证指数有限公司	规模指数	2004-12-31	1000.0	2024-09-23	000510	1.0
000682.SH	科创信息	SSE	中证指数有限公司	主题指数	2019-12-31	1000.0	2021-08-16	000682	1.0
000683.SH	科创生物	SSE	中证指数有限公司	主题指数	2019-12-31	1000.0	2022-05-09	000683	1.0
000685.SH	科创芯片	SSE	中证指数有限公司	主题指数	2019-12-31	1000.0	2022-06-13	000685	1.0
000687.SH	科创高装	SSE	中证指数有限公司	主题指数	2019-12-31	1000.0	2022-08-15	000687	1.0
000688.SH	科创50	SSE	中证指数有限公司	规模指数	2019-12-31	1000.0	2020-07-23	000688	1.0
000689.SH	科创材料	SSE	中证指数有限公司	主题指数	2019-12-31	1000.0	2022-08-15	000689	1.0
000690.SH	科创成长	SSE	中证指数有限公司	策略指数	2019-12-31	1000.0	2022-11-04	000690	1.0
000691.SH	科创ESG	SSE	中证指数有限公司	主题指数	2019-12-31	1000.0	2024-03-21	000691	1.0
000692.SH	科创新能	SSE	中证指数有限公司	主题指数	2019-12-31	1000.0	2023-04-03	000692	1.0
000693.SH	科创机械	SSE	中证指数有限公司	主题指数	2019-12-31	1000.0	2023-04-03	000693	1.0
000695.SH	科长三角	SSE	中证指数有限公司	主题指数	2019-12-31	1000.0	2023-04-03	000695	1.0
000697.SH	科大湾区	SSE	中证指数有限公司	主题指数	2019-12-31	1000.0	2023-04-03	000697	1.0
000698.SH	科创100	SSE	中证指数有限公司	规模指数	2019-12-31	1000.0	2023-08-07	000698	1.0
000699.SH	科创200	SSE	中证指数有限公司	规模指数	2022-12-30	1000.0	2024-08-20	000699	1.0
000802.SH	500沪市	SSE	中证指数有限公司	主题指数	2004-12-31	1000.0	2011-11-08	000802	1.0
000814.SH	细分医药	SSE	中证指数有限公司	主题指数	2004-12-31	1000.0	2012-04-11	000814	1.0
000819.SH	有色金属	SSE	中证指数有限公司	行业指数	2004-12-31	1000.0	2012-05-09	000819	1.0
000823.SH	800有色	SSE	中证指数有限公司	二级行业指数	2004-12-31	1000.0	2012-12-21	000823	1.0
000827.SH	中证环保	SSE	中证指数有限公司	主题指数	2011-12-30	1000.0	2012-09-25	000827	1.0
000847.SH	腾讯济安	SSE	中证指数有限公司	价值指数	2013-05-18	1000.0	2013-11-18	000847	1.0
000849.SH	300非银	SSE	中证指数有限公司	主题指数	2004-12-31	1000.0	2012-12-21	000849	1.0
000851.SH	百发100	SSE	中证指数有限公司	策略指数	2008-12-31	1000.0	2014-07-30	000851	1.0
000852.SH	中证1000	SSE	中证指数有限公司	规模指数	2004-12-31	1000.0	2014-10-17	000852	1.0
000853.SH	CSSW丝路	SSE	中证指数有限公司	主题指数	2008-12-31	1000.0	2015-04-23	000853	1.0
000854.SH	中证500原料	SSE	中证指数有限公司	一级行业指数	2004-12-31	1000.0	2013-11-06	000854	1.0
000855.SH	央视500	SSE	中证指数有限公司	主题指数	2009-12-31	1000.0	2014-11-03	000855	1.0
000856.SH	中证500工业	SSE	中证指数有限公司	一级行业指数	2004-12-31	1000.0	2013-11-06	000856	1.0
000857.SH	中证500医药	SSE	中证指数有限公司	一级行业指数	2004-12-31	1000.0	2013-11-06	000857	1.0
000858.SH	中证500信息	SSE	中证指数有限公司	一级行业指数	2004-12-31	1000.0	2013-11-06	000858	1.0
000863.SH	CS精准医	SSE	中证指数有限公司	主题指数	2012-06-29	1000.0	2015-08-05	000863	1.0
000865.SH	上海国企	SSE	中证指数有限公司	主题指数	2012-12-31	1000.0	2016-05-11	000865	1.0
000867.SH	港中小企	SSE	中证指数有限公司	主题指数	2014-11-14	3000.0	2015-08-26	000867	1.0
000869.SH	HK银行(HKD)	SSE	中证指数有限公司	主题指数	2014-11-14	3000.0	2016-04-22	000869	1.0
000888.SH	上证收益	SSE	中证指数有限公司	综合指数	2020-07-21	3320.89	2020-10-09	000888	1.0
000901.SH	小康指数	SSE	中证指数有限公司	主题指数	2005-12-30	1000.0	2010-04-02	000901	1.0
000903.SH	中证100	SSE	中证指数有限公司	规模指数	2005-12-30	1000.0	2006-05-29	000903	1.0
000905.SH	中证500	SSE	中证指数有限公司	规模指数	2004-12-31	1000.0	2007-01-15	000905	1.0
000906.SH	中证800	SSE	中证指数有限公司	规模指数	2004-12-31	1000.0	2007-01-15	000906	1.0
000913.SH	300医药	SSE	中证指数有限公司	一级行业指数	2004-12-31	1000.0	2007-07-02	000913	1.0
000914.SH	300金融	SSE	中证指数有限公司	主题指数	2004-12-31	1000.0	2007-07-02	000914	1.0
000928.SH	800能源	SSE	中证指数有限公司	一级行业指数	2004-12-31	1000.0	2009-07-03	000928	1.0
000932.SH	800消费	SSE	中证指数有限公司	一级行业指数	2004-12-31	1000.0	2009-07-03	000932	1.0
000933.SH	800医药	SSE	中证指数有限公司	一级行业指数	2004-12-31	1000.0	2009-07-03	000933	1.0
000934.SH	800金地	SSE	中证指数有限公司	主题指数	2004-12-31	1000.0	2009-07-03	000934	1.0
000935.SH	800信息	SSE	中证指数有限公司	一级行业指数	2004-12-31	1000.0	2009-07-03	000935	1.0
000974.SH	800金融	SSE	中证指数有限公司	一级行业指数	2004-12-31	1000.0	2013-05-09	000974	1.0
000982.SH	500等权	SSE	中证指数有限公司	策略指数	2004-12-31	1000.0	2011-06-13	000982	1.0
000986.SH	全指能源	SSE	中证指数有限公司	一级行业指数	2004-12-31	1000.0	2011-08-02	000986	1.0
000987.SH	全指材料	SSE	中证指数有限公司	一级行业指数	2004-12-31	1000.0	2011-08-02	000987	1.0
000989.SH	全指可选	SSE	中证指数有限公司	一级行业指数	2004-12-31	1000.0	2011-08-02	000989	1.0
000991.SH	全指医药	SSE	中证指数有限公司	一级行业指数	2004-12-31	1000.0	2011-08-02	000991	1.0
000992.SH	金融地产	SSE	中证指数有限公司	主题指数	2004-12-31	1000.0	2011-08-02	000992	1.0
000993.SH	全指信息	SSE	中证指数有限公司	一级行业指数	2004-12-31	1000.0	2011-08-02	000993	1.0
399001.SZ	深证成指	SZSE	深圳证券交易所	规模指数	1994-07-20	1000.0	1995-01-23	399001	0.0
399002.SZ	深成指R	SZSE	深圳证券交易所	规模指数	1994-07-20	1000.0	1995-01-23	399002	0.0
399003.SZ	深成B指	SZSE	深圳证券交易所	规模指数	1994-07-20	1000.0	1995-01-23	399003	0.0
399004.SZ	深证100R	SZSE	深圳证券交易所	规模指数	2002-12-31	1000.0	2003-01-02	399004	0.0
399005.SZ	中小100	SZSE	深圳证券交易所	规模指数	2005-06-07	1000.0	2006-01-24	399005	0.0
399006.SZ	创业板指	SZSE	深圳证券交易所	规模指数	2010-05-31	1000.0	2010-06-01	399006	0.0
399007.SZ	深证300	SZSE	深圳证券交易所	规模指数	2004-12-31	1000.0	2009-11-04	399007	0.0
399008.SZ	中小300	SZSE	深圳证券交易所	规模指数	2010-03-19	1000.0	2010-03-22	399008	0.0
399009.SZ	深证200	SZSE	深圳证券交易所	规模指数	2004-12-31	1000.0	2011-09-01	399009	0.0
399010.SZ	深证700	SZSE	深圳证券交易所	规模指数	2004-12-31	1000.0	2011-09-01	399010	0.0
399011.SZ	深证1000	SZSE	深圳证券交易所	规模指数	2004-12-31	1000.0	2011-09-01	399011	0.0
399012.SZ	创业300	SZSE	深圳证券交易所	规模指数	2012-06-29	1000.0	2013-01-07	399012	0.0
399013.SZ	深市精选	SZSE	深圳证券交易所	主题指数	2004-12-31	1000.0	2014-05-30	399013	0.0
399015.SZ	中小创新	SZSE	深圳证券交易所	规模指数	2011-12-30	1000.0	2015-03-24	399015	0.0
399016.SZ	深证创新	SZSE	深圳证券交易所	主题指数	2012-12-31	1000.0	2016-12-01	399016	0.0
399017.SZ	SME创新	SZSE	深圳证券交易所	主题指数	2012-12-31	1000.0	2016-12-01	399017	0.0
399018.SZ	创业创新	SZSE	深圳证券交易所	主题指数	2012-12-31	1000.0	2016-12-01	399018	0.0
399019.SZ	创业200	SZSE	深圳证券交易所	规模指数	2012-06-29	1000.0	2023-11-15	399019	0.0
399020.SZ	创业小盘	SZSE	深圳证券交易所	规模指数	2018-06-29	1000.0	2023-11-15	399020	0.0
399030.SZ	碳科技30	SZSE	深圳证券交易所	主题指数	2014-12-31	1000.0	2021-09-26	399030	0.0
399050.SZ	创新引擎	SZSE	深圳证券交易所	主题指数	2012-12-31	1000.0	2018-07-31	399050	0.0
399060.SZ	碳科技60	SZSE	深圳证券交易所	主题指数	2014-12-31	1000.0	2021-09-26	399060	0.0
399088.SZ	深创100	SZSE	深圳证券交易所	规模指数	2012-12-31	1000.0	2020-02-18	399088	0.0
399100.SZ	新指数	SZSE	深圳证券交易所	综合指数	2005-12-30	1107.23	2006-02-16	399100	0.0
399101.SZ	中小综指	SZSE	深圳证券交易所	综合指数	2005-06-07	1000.0	2005-12-01	399101	0.0
399102.SZ	创业板综	SZSE	深圳证券交易所	综合指数	2010-05-31	1000.0	2010-08-20	399102	0.0
399106.SZ	深证综指	SZSE	深圳证券交易所	综合指数	1991-04-03	100.0	1991-04-04	399106	0.0
399107.SZ	深证A指	SZSE	深圳证券交易所	综合指数	1991-04-03	100.0	1992-10-04	399107	0.0
399108.SZ	深证B指	SZSE	深圳证券交易所	综合指数	1992-02-28	100.0	1992-10-06	399108	0.0
399231.SZ	农林指数	SZSE	深圳证券交易所	行业指数	1991-04-03	100.0	2013-03-04	399231	0.0
399232.SZ	采矿指数	SZSE	深圳证券交易所	行业指数	1991-04-03	100.0	2013-03-04	399232	0.0
399233.SZ	制造指数	SZSE	深圳证券交易所	行业指数	1991-04-03	100.0	2013-03-04	399233	0.0
399234.SZ	水电指数	SZSE	深圳证券交易所	行业指数	1991-04-03	100.0	2013-03-04	399234	0.0
399235.SZ	建筑指数	SZSE	深圳证券交易所	行业指数	1991-04-03	100.0	2013-03-04	399235	0.0
399236.SZ	批零指数	SZSE	深圳证券交易所	行业指数	1991-04-03	100.0	2013-03-04	399236	0.0
399237.SZ	运输指数	SZSE	深圳证券交易所	行业指数	1991-04-03	100.0	2013-03-04	399237	0.0
399238.SZ	餐饮指数	SZSE	深圳证券交易所	行业指数	1991-04-03	100.0	2013-03-04	399238	0.0
399239.SZ	IT指数	SZSE	深圳证券交易所	行业指数	1991-04-03	100.0	2013-03-04	399239	0.0
399240.SZ	金融指数	SZSE	深圳证券交易所	行业指数	1991-04-03	100.0	2013-03-04	399240	0.0
399241.SZ	地产指数	SZSE	深圳证券交易所	行业指数	1991-04-03	100.0	2013-03-04	399241	0.0
399242.SZ	商务指数	SZSE	深圳证券交易所	行业指数	1991-04-03	100.0	2013-03-04	399242	0.0
399243.SZ	科研指数	SZSE	深圳证券交易所	行业指数	1991-04-03	100.0	2013-03-04	399243	0.0
399244.SZ	公共指数	SZSE	深圳证券交易所	行业指数	1991-04-03	100.0	2013-03-04	399244	0.0
399248.SZ	文化指数	SZSE	深圳证券交易所	行业指数	1991-04-03	100.0	2013-03-04	399248	0.0
399249.SZ	综企指数	SZSE	深圳证券交易所	行业指数	1991-04-03	100.0	2013-03-04	399249	0.0
399258.SZ	绿色低碳	SZSE	深圳证券交易所	主题指数	2012-12-31	1000.0	2023-08-08	399258	0.0
399259.SZ	创业低碳	SZSE	深圳证券交易所	主题指数	2012-12-31	1000.0	2023-08-08	399259	0.0
399260.SZ	先进制造	SZSE	深圳证券交易所	主题指数	2012-12-31	1000.0	2023-08-08	399260	0.0
399261.SZ	创业制造	SZSE	深圳证券交易所	主题指数	2012-12-31	1000.0	2023-08-08	399261	0.0
399262.SZ	数字经济	SZSE	深圳证券交易所	主题指数	2014-12-31	1000.0	2022-09-29	399262	0.0
399263.SZ	创业数字	SZSE	深圳证券交易所	主题指数	2014-12-31	1000.0	2022-09-29	399263	0.0
399264.SZ	创新技术	SZSE	深圳证券交易所	主题指数	2017-12-29	1000.0	2022-09-29	399264	0.0
399265.SZ	创新药械	SZSE	深圳证券交易所	主题指数	2017-12-29	1000.0	2022-09-29	399265	0.0
399266.SZ	创新能源	SZSE	深圳证券交易所	主题指数	2017-12-29	1000.0	2022-09-29	399266	0.0
399269.SZ	创质量	SZSE	深圳证券交易所	策略指数	2012-12-31	1000.0	2021-01-12	399269	0.0
399274.SZ	深新基建	SZSE	深圳证券交易所	主题指数	2012-12-31	1000.0	2022-04-11	399274	0.0
399275.SZ	创医药	SZSE	深圳证券交易所	主题指数	2012-12-31	1000.0	2020-10-26	399275	0.0
399276.SZ	创科技	SZSE	深圳证券交易所	主题指数	2012-12-31	1000.0	2020-10-26	399276	0.0
399277.SZ	公共健康	SZSE	深圳证券交易所	主题指数	2012-12-31	1000.0	2020-05-08	399277	0.0
399278.SZ	长江100	SZSE	深圳证券交易所	主题指数	2012-12-31	1000.0	2020-05-08	399278	0.0
399279.SZ	云科技50	SZSE	深圳证券交易所	主题指数	2012-12-31	1000.0	2020-05-08	399279	0.0
399280.SZ	生物50	SZSE	深圳证券交易所	主题指数	2012-12-31	1000.0	2020-05-08	399280	0.0
399281.SZ	电子50	SZSE	深圳证券交易所	主题指数	2012-12-31	1000.0	2020-05-08	399281	0.0
399282.SZ	大数据50	SZSE	深圳证券交易所	主题指数	2012-12-31	1000.0	2020-02-18	399282	0.0
399283.SZ	机器人50	SZSE	深圳证券交易所	主题指数	2012-12-31	1000.0	2020-02-18	399283	0.0
399284.SZ	AI 50	SZSE	深圳证券交易所	主题指数	2012-12-31	1000.0	2020-02-18	399284	0.0
399285.SZ	物联网50	SZSE	深圳证券交易所	主题指数	2012-12-31	1000.0	2020-02-18	399285	0.0
399286.SZ	区块链50	SZSE	深圳证券交易所	主题指数	2012-12-31	1000.0	2019-12-24	399286	0.0
399291.SZ	创精选88	SZSE	深圳证券交易所	策略指数	2012-12-31	1000.0	2019-11-06	399291	0.0
399292.SZ	民企发展	SZSE	深圳证券交易所	主题指数	2014-06-30	1000.0	2019-03-05	399292	0.0
399293.SZ	创业大盘	SZSE	深圳证券交易所	规模指数	2012-12-31	1000.0	2019-04-18	399293	0.0
399294.SZ	中小创Q	SZSE	深圳证券交易所	策略指数	2002-12-31	1000.0	2019-06-06	399294	0.0
399295.SZ	创价值	SZSE	深圳证券交易所	主题指数	2012-12-31	1000.0	2019-01-23	399295	0.0
399296.SZ	创成长	SZSE	深圳证券交易所	主题指数	2012-12-31	1000.0	2019-01-23	399296	0.0
399297.SZ	新浪100	SZSE	深圳证券交易所	主题指数	2013-12-31	1000.0	2017-12-22	399297	0.0
399300.SZ	沪深300	SZSE	中证指数有限公司	规模指数	2004-12-31	1000.0	2005-04-08	399300	0.0
399303.SZ	国证2000	SZSE	深圳证券交易所	规模指数	2009-12-31	3326.4448	2014-03-28	399303	0.0
399310.SZ	国证A50	SZSE	深圳证券交易所	规模指数	2002-12-31	1000.0	2005-09-05	399310	0.0
399311.SZ	国证1000	SZSE	深圳证券交易所	规模指数	2002-12-31	1000.0	2005-02-03	399311	0.0
399312.SZ	国证300	SZSE	深圳证券交易所	规模指数	2002-12-31	1000.0	2005-02-03	399312	0.0
399313.SZ	巨潮100	SZSE	巨潮公司	规模指数	2002-12-31	1000.0	2005-02-03	399313	0.0
399314.SZ	巨潮大盘	SZSE	巨潮公司	规模指数	2002-12-31	1000.0	2005-02-03	399314	0.0
399315.SZ	巨潮中盘	SZSE	巨潮公司	规模指数	2002-12-31	1000.0	2005-02-03	399315	0.0
399316.SZ	巨潮小盘	SZSE	巨潮公司	规模指数	2002-12-31	1000.0	2005-02-03	399316	0.0
399317.SZ	国证A指	SZSE	深圳证券交易所	综合指数	2002-12-31	1000.0	2005-02-03	399317	0.0
399318.SZ	国证B指	SZSE	深圳证券交易所	综合指数	2002-12-31	1000.0	2005-02-03	399318	0.0
399319.SZ	资源优势	SZSE	深圳证券交易所	主题指数	2004-12-31	1000.0	2005-01-04	399319	0.0
399320.SZ	国证服务	SZSE	深圳证券交易所	主题指数	2004-12-31	1000.0	2005-01-04	399320	0.0
399321.SZ	国证红利	SZSE	深圳证券交易所	主题指数	2004-12-31	1000.0	2005-01-04	399321	0.0
399322.SZ	国证治理	SZSE	深圳证券交易所	主题指数	2002-12-31	1000.0	2005-12-12	399322	0.0
399324.SZ	深证红利	SZSE	深圳证券交易所	主题指数	2002-12-31	1000.0	2006-01-24	399324	0.0
399326.SZ	成长40	SZSE	深圳证券交易所	主题指数	2002-12-31	1000.0	2006-01-24	399326	0.0
399328.SZ	深证治理	SZSE	深圳证券交易所	主题指数	2002-12-31	1000.0	2006-01-24	399328	0.0
399330.SZ	深证100	SZSE	深圳证券交易所	规模指数	2002-12-31	1000.0	2006-01-24	399330	0.0
399333.SZ	中小100R	SZSE	深圳证券交易所	规模指数	2005-06-07	1000.0	2006-12-27	399333	0.0
399335.SZ	深证央企	SZSE	深圳证券交易所	主题指数	2004-12-31	1000.0	2009-08-03	399335	0.0
399337.SZ	深证民营	SZSE	深圳证券交易所	主题指数	2004-12-31	1000.0	2009-08-03	399337	0.0
399339.SZ	深证科技	SZSE	深圳证券交易所	主题指数	2004-12-31	1000.0	2009-08-03	399339	0.0
399341.SZ	深证责任	SZSE	深圳证券交易所	主题指数	2009-06-30	1000.0	2009-08-03	399341	0.0
399344.SZ	深证300R	SZSE	深圳证券交易所	规模指数	2004-12-31	1000.0	2009-11-04	399344	0.0
399346.SZ	深证成长	SZSE	深圳证券交易所	风格指数	2004-12-31	1000.0	2009-11-04	399346	0.0
399348.SZ	深证价值	SZSE	深圳证券交易所	风格指数	2004-12-31	1000.0	2009-11-04	399348	0.0
399350.SZ	皖江30	SZSE	深圳证券交易所	主题指数	2010-06-30	1000.0	2012-12-18	399350	0.0
399351.SZ	创新示范	SZSE	深圳证券交易所	主题指数	2004-08-31	864.38	2004-09-01	399351	0.0
399352.SZ	深企综指	SZSE	深圳证券交易所	主题指数	2004-08-31	864.38	2005-02-03	399352	0.0
399353.SZ	国证物流	SZSE	深圳证券交易所	主题指数	2002-12-31	1000.0	2005-03-01	399353	0.0
399354.SZ	分析师指数	SZSE	深圳证券交易所	策略指数	2006-04-28	1231.15	2006-11-25	399354	0.0
399355.SZ	CBN长江	SZSE	深圳证券交易所	主题指数	2002-12-31	1000.0	2007-07-02	399355	0.0
399356.SZ	CBN珠江	SZSE	深圳证券交易所	主题指数	2002-12-31	1000.0	2007-07-02	399356	0.0
399357.SZ	CBN渤海	SZSE	深圳证券交易所	主题指数	2002-12-31	1000.0	2007-07-02	399357	0.0
399358.SZ	国证环保	SZSE	深圳证券交易所	主题指数	2002-12-31	1000.0	2008-01-02	399358	0.0
399359.SZ	国证基建	SZSE	深圳证券交易所	主题指数	2004-12-31	1000.0	2009-08-03	399359	0.0
399360.SZ	新硬件	SZSE	深圳证券交易所	主题指数	2004-12-31	1000.0	2009-08-03	399360	0.0
399361.SZ	在线消费	SZSE	深圳证券交易所	主题指数	2004-12-31	1000.0	2009-08-03	399361	0.0
399362.SZ	民企100	SZSE	深圳证券交易所	主题指数	2004-12-31	1000.0	2009-08-03	399362	0.0
399363.SZ	国证算力	SZSE	深圳证券交易所	主题指数	2004-12-31	1000.0	2009-08-03	399363	0.0
399364.SZ	消费100	SZSE	深圳证券交易所	主题指数	2004-12-31	1000.0	2009-08-03	399364	0.0
399365.SZ	国证粮食	SZSE	深圳证券交易所	主题指数	2004-12-31	1000.0	2009-11-04	399365	0.0
399366.SZ	能源金属	SZSE	深圳证券交易所	主题指数	2004-12-31	1000.0	2009-11-04	399366	0.0
399367.SZ	1000地产	SZSE	深圳证券交易所	一级行业指数	2004-12-31	1000.0	2009-11-04	399367	0.0
399368.SZ	国证军工	SZSE	深圳证券交易所	主题指数	2004-12-31	1000.0	2009-11-04	399368	0.0
399369.SZ	国证责任	SZSE	深圳证券交易所	主题指数	2009-06-30	1000.0	2009-11-04	399369	0.0
399370.SZ	国证成长	SZSE	深圳证券交易所	风格指数	2002-12-31	1000.0	2010-01-04	399370	0.0
399371.SZ	国证价值	SZSE	深圳证券交易所	风格指数	2002-12-31	1000.0	2010-01-04	399371	0.0
399372.SZ	大盘成长	SZSE	巨潮公司	风格指数	2002-12-31	1000.0	2010-01-04	399372	0.0
399373.SZ	大盘价值	SZSE	巨潮公司	风格指数	2002-12-31	1000.0	2010-01-04	399373	0.0
399374.SZ	中盘成长	SZSE	巨潮公司	风格指数	2002-12-31	1000.0	2010-01-04	399374	0.0
399375.SZ	中盘价值	SZSE	巨潮公司	风格指数	2002-12-31	1000.0	2010-01-04	399375	0.0
399376.SZ	小盘成长	SZSE	巨潮公司	风格指数	2002-12-31	1000.0	2010-01-04	399376	0.0
399377.SZ	小盘价值	SZSE	巨潮公司	风格指数	2002-12-31	1000.0	2010-01-04	399377	0.0
399378.SZ	ESG 300	SZSE	深圳证券交易所	主题指数	2010-06-30	1000.0	2010-09-20	399378	0.0
399381.SZ	1000能源	SZSE	深圳证券交易所	一级行业指数	2002-12-31	1000.0	2011-12-02	399381	0.0
399382.SZ	1000材料	SZSE	深圳证券交易所	一级行业指数	2002-12-31	1000.0	2011-12-02	399382	0.0
399383.SZ	1000工业	SZSE	深圳证券交易所	一级行业指数	2002-12-31	1000.0	2011-12-02	399383	0.0
399384.SZ	1000可选	SZSE	深圳证券交易所	一级行业指数	2002-12-31	1000.0	2011-12-02	399384	0.0
399385.SZ	1000消费	SZSE	深圳证券交易所	一级行业指数	2002-12-31	1000.0	2011-12-02	399385	0.0
399386.SZ	1000医药	SZSE	深圳证券交易所	一级行业指数	2002-12-31	1000.0	2011-12-02	399386	0.0
399387.SZ	1000金融	SZSE	深圳证券交易所	一级行业指数	2002-12-31	1000.0	2011-12-02	399387	0.0
399388.SZ	1000信息	SZSE	深圳证券交易所	一级行业指数	2002-12-31	1000.0	2011-12-02	399388	0.0
399389.SZ	国证通信	SZSE	深圳证券交易所	主题指数	2002-12-31	1000.0	2011-12-02	399389	0.0
399390.SZ	1000公用	SZSE	深圳证券交易所	一级行业指数	2002-12-31	1000.0	2011-12-02	399390	0.0
399391.SZ	投资时钟	SZSE	深圳证券交易所	策略指数	2006-12-29	1000.0	2012-03-26	399391	0.0
399392.SZ	国证新兴	SZSE	深圳证券交易所	主题指数	2009-06-30	1000.0	2012-03-28	399392	0.0
399393.SZ	国证地产	SZSE	深圳证券交易所	主题指数	2004-12-31	1000.0	2012-08-20	399393	0.0
399394.SZ	国证医药	SZSE	深圳证券交易所	主题指数	2004-12-31	1000.0	2012-10-29	399394	0.0
399395.SZ	国证有色	SZSE	深圳证券交易所	主题指数	2004-12-31	1000.0	2012-10-29	399395	0.0
399396.SZ	国证食品	SZSE	深圳证券交易所	主题指数	2004-12-31	1000.0	2012-10-29	399396	0.0
399397.SZ	国证文化	SZSE	深圳证券交易所	主题指数	2009-06-30	1000.0	2012-11-09	399397	0.0
399398.SZ	绩效指数	SZSE	深圳证券交易所	策略指数	2002-12-31	1000.0	2012-11-19	399398	0.0
399399.SZ	中经GDP	SZSE	深圳证券交易所	主题指数	2005-06-30	1000.0	2012-11-23	399399	0.0
399400.SZ	大中盘	SZSE	巨潮公司	规模指数	2002-12-31	1000.0	2013-03-20	399400	0.0
399401.SZ	中小盘	SZSE	巨潮公司	规模指数	2002-12-31	1000.0	2013-03-20	399401	0.0
399402.SZ	周期100	SZSE	深圳证券交易所	主题指数	2004-12-31	1000.0	2013-10-28	399402	0.0
399403.SZ	防御100	SZSE	深圳证券交易所	主题指数	2004-12-31	1000.0	2013-10-28	399403	0.0
399405.SZ	大盘高贝	SZSE	巨潮公司	策略指数	2004-12-31	1000.0	2013-12-05	399405	0.0
399406.SZ	中盘低波	SZSE	巨潮公司	策略指数	2004-12-31	1000.0	2013-12-05	399406	0.0
399407.SZ	中盘高贝	SZSE	巨潮公司	策略指数	2004-12-31	1000.0	2013-12-05	399407	0.0
399408.SZ	小盘低波	SZSE	巨潮公司	策略指数	2004-12-31	1000.0	2013-12-05	399408	0.0
399409.SZ	小盘高贝	SZSE	巨潮公司	策略指数	2004-12-31	1000.0	2013-12-05	399409	0.0
399410.SZ	苏州率先	SZSE	深圳证券交易所	主题指数	2011-12-30	1000.0	2013-12-12	399410	0.0
399411.SZ	红利100	SZSE	深圳证券交易所	策略指数	2008-12-31	1000.0	2014-04-10	399411	0.0
399412.SZ	国证新能	SZSE	深圳证券交易所	主题指数	2010-06-30	1000.0	2014-05-16	399412	0.0
399415.SZ	I100	SZSE	深圳证券交易所	主题指数	2010-01-29	1000.0	2014-09-12	399415	0.0
399416.SZ	I300	SZSE	深圳证券交易所	主题指数	2010-01-29	1000.0	2014-09-12	399416	0.0
399417.SZ	新能源车	SZSE	深圳证券交易所	主题指数	2010-06-30	1000.0	2014-09-24	399417	0.0
399418.SZ	数据要素	SZSE	深圳证券交易所	主题指数	2008-12-31	1000.0	2014-11-21	399418	0.0
399419.SZ	国证高铁	SZSE	深圳证券交易所	主题指数	2010-06-30	1000.0	2014-12-10	399419	0.0
399420.SZ	国证保证	SZSE	深圳证券交易所	主题指数	2010-06-30	1000.0	2014-12-10	399420	0.0
399422.SZ	中关村A	SZSE	深圳证券交易所	主题指数	2008-12-31	1000.0	2016-12-21	399422	0.0
399423.SZ	中关村50	SZSE	深圳证券交易所	主题指数	2008-12-31	1000.0	2015-02-05	399423	0.0
399428.SZ	国证定增	SZSE	深圳证券交易所	主题指数	2012-12-31	1000.0	2015-02-17	399428	0.0
399429.SZ	新丝路	SZSE	深圳证券交易所	主题指数	2011-12-30	1000.0	2015-01-08	399429	0.0
399431.SZ	国证银行	SZSE	深圳证券交易所	二级行业指数	2002-12-31	1000.0	2014-12-30	399431	0.0
399432.SZ	智能汽车	SZSE	深圳证券交易所	主题指数	2002-12-31	1000.0	2014-12-30	399432	0.0
399433.SZ	国证交运	SZSE	深圳证券交易所	二级行业指数	2002-12-31	1000.0	2014-12-30	399433	0.0
399434.SZ	数字传媒	SZSE	深圳证券交易所	行业指数	2002-12-31	1000.0	2014-12-30	399434	0.0
399435.SZ	国证农牧	SZSE	深圳证券交易所	二级行业指数	2002-12-31	1000.0	2014-12-30	399435	0.0
399436.SZ	绿色煤炭	SZSE	深圳证券交易所	主题指数	2002-12-31	1000.0	2014-12-30	399436	0.0
399437.SZ	证券龙头	SZSE	深圳证券交易所	主题指数	2002-12-31	1000.0	2014-12-30	399437	0.0
399438.SZ	绿色电力	SZSE	深圳证券交易所	主题指数	2002-12-31	1000.0	2014-12-30	399438	0.0
399439.SZ	国证油气	SZSE	深圳证券交易所	主题指数	2002-12-31	1000.0	2014-12-30	399439	0.0
399440.SZ	国证钢铁	SZSE	深圳证券交易所	四级行业指数	2002-12-31	1000.0	2014-12-30	399440	0.0
399441.SZ	生物医药	SZSE	深圳证券交易所	主题指数	2009-12-31	1000.0	2015-01-20	399441	0.0
399550.SZ	央视50	SZSE	深圳证券交易所	主题指数	2010-06-30	2563.07	2012-06-06	399550	0.0
399551.SZ	央视创新	SZSE	深圳证券交易所	主题指数	2010-06-30	2563.07	2013-06-06	399551	0.0
399552.SZ	央视成长	SZSE	深圳证券交易所	主题指数	2010-06-30	2563.07	2013-06-06	399552	0.0
399553.SZ	央视回报	SZSE	深圳证券交易所	主题指数	2010-06-30	2563.07	2013-06-06	399553	0.0
399554.SZ	央视治理	SZSE	深圳证券交易所	主题指数	2010-06-30	2563.07	2013-06-06	399554	0.0
399555.SZ	央视责任	SZSE	深圳证券交易所	主题指数	2010-06-30	2563.07	2013-06-06	399555	0.0
399556.SZ	央视生态	SZSE	深圳证券交易所	主题指数	2010-06-30	1000.0	2014-06-06	399556	0.0
399557.SZ	央视文化	SZSE	深圳证券交易所	主题指数	2010-06-30	1000.0	2014-06-06	399557	0.0
399602.SZ	中小成长	SZSE	深圳证券交易所	风格指数	2010-03-19	1000.0	2010-05-24	399602	0.0
399604.SZ	中小价值	SZSE	深圳证券交易所	风格指数	2010-03-19	1000.0	2010-05-24	399604	0.0
399606.SZ	创业板R	SZSE	深圳证券交易所	规模指数	2010-05-31	1000.0	2010-06-01	399606	0.0
399608.SZ	科技100	SZSE	深圳证券交易所	主题指数	2007-06-29	1000.0	2010-10-18	399608	0.0
399610.SZ	TMT50	SZSE	深圳证券交易所	主题指数	2004-12-31	1000.0	2010-11-08	399610	0.0
399611.SZ	中创100R	SZSE	深圳证券交易所	规模指数	2007-06-29	1000.0	2011-02-28	399611	0.0
399612.SZ	中创100	SZSE	深圳证券交易所	规模指数	2007-06-29	1000.0	2011-02-28	399612	0.0
399613.SZ	深证能源	SZSE	深圳证券交易所	一级行业指数	2004-12-31	1000.0	2011-06-15	399613	0.0
399614.SZ	深证材料	SZSE	深圳证券交易所	一级行业指数	2004-12-31	1000.0	2011-06-15	399614	0.0
399615.SZ	深证工业	SZSE	深圳证券交易所	一级行业指数	2004-12-31	1000.0	2011-06-15	399615	0.0
399616.SZ	深证可选	SZSE	深圳证券交易所	一级行业指数	2004-12-31	1000.0	2011-06-15	399616	0.0
399617.SZ	深证消费	SZSE	深圳证券交易所	一级行业指数	2004-12-31	1000.0	2011-06-15	399617	0.0
399618.SZ	深证医药	SZSE	深圳证券交易所	一级行业指数	2004-12-31	1000.0	2011-06-15	399618	0.0
399619.SZ	深证金融	SZSE	深圳证券交易所	一级行业指数	2004-12-31	1000.0	2011-06-15	399619	0.0
399620.SZ	深证信息	SZSE	深圳证券交易所	一级行业指数	2004-12-31	1000.0	2011-06-15	399620	0.0
399621.SZ	深证电信	SZSE	深圳证券交易所	一级行业指数	2004-12-31	1000.0	2011-06-15	399621	0.0
399622.SZ	深证公用	SZSE	深圳证券交易所	一级行业指数	2004-12-31	1000.0	2011-06-15	399622	0.0
399623.SZ	中小基础	SZSE	深圳证券交易所	规模指数	2005-12-30	1000.0	2011-07-25	399623	0.0
399624.SZ	中创400	SZSE	深圳证券交易所	规模指数	2010-06-30	1000.0	2011-08-15	399624	0.0
399625.SZ	中创500	SZSE	深圳证券交易所	规模指数	2010-06-30	1000.0	2011-08-15	399625	0.0
399626.SZ	中创成长	SZSE	深圳证券交易所	风格指数	2010-06-30	1000.0	2011-08-15	399626	0.0
399627.SZ	中创价值	SZSE	深圳证券交易所	风格指数	2010-06-30	1000.0	2011-08-15	399627	0.0
399628.SZ	700成长	SZSE	深圳证券交易所	风格指数	2010-06-30	1000.0	2011-09-01	399628	0.0
399629.SZ	700价值	SZSE	深圳证券交易所	风格指数	2010-06-30	1000.0	2011-09-01	399629	0.0
399630.SZ	1000成长	SZSE	深圳证券交易所	风格指数	2010-06-30	1000.0	2011-09-01	399630	0.0
399631.SZ	1000价值	SZSE	深圳证券交易所	风格指数	2010-06-30	1000.0	2011-09-01	399631	0.0
399632.SZ	深100EW	SZSE	深圳证券交易所	策略指数	2002-12-31	1000.0	2011-10-28	399632	0.0
399633.SZ	深300EW	SZSE	深圳证券交易所	策略指数	2004-12-31	1000.0	2011-10-28	399633	0.0
399634.SZ	中小等权	SZSE	深圳证券交易所	策略指数	2006-12-29	1000.0	2011-10-28	399634	0.0
399635.SZ	创业板EW	SZSE	深圳证券交易所	策略指数	2010-09-30	1000.0	2011-10-28	399635	0.0
399636.SZ	深证装备	SZSE	深圳证券交易所	主题指数	2004-12-31	1000.0	2011-11-15	399636	0.0
399637.SZ	深证地产	SZSE	深圳证券交易所	行业指数	2004-12-31	1000.0	2011-11-15	399637	0.0
399638.SZ	深证环保	SZSE	深圳证券交易所	主题指数	2004-12-31	1000.0	2011-11-15	399638	0.0
399639.SZ	深证大宗	SZSE	深圳证券交易所	主题指数	2004-12-31	1000.0	2011-11-15	399639	0.0
399640.SZ	创业基础	SZSE	深圳证券交易所	规模指数	2010-12-31	1000.0	2012-01-16	399640	0.0
399641.SZ	深证新兴	SZSE	深圳证券交易所	主题指数	2010-06-30	1000.0	2012-02-01	399641	0.0
399642.SZ	中小新兴	SZSE	深圳证券交易所	主题指数	2010-06-30	1000.0	2012-02-01	399642	0.0
399643.SZ	创业新兴	SZSE	深圳证券交易所	主题指数	2010-06-30	1000.0	2012-02-01	399643	0.0
399644.SZ	深证时钟	SZSE	深圳证券交易所	策略指数	2006-12-29	1000.0	2012-03-26	399644	0.0
399645.SZ	100低波	SZSE	深圳证券交易所	策略指数	2004-12-31	1000.0	2012-06-12	399645	0.0
399646.SZ	深消费50	SZSE	深圳证券交易所	主题指数	2004-12-31	1000.0	2012-08-06	399646	0.0
399647.SZ	深医药50	SZSE	深圳证券交易所	主题指数	2004-12-31	1000.0	2012-08-06	399647	0.0
399648.SZ	深证GDP	SZSE	深圳证券交易所	主题指数	2005-06-30	1000.0	2012-08-08	399648	0.0
399649.SZ	中小红利	SZSE	深圳证券交易所	主题指数	2009-06-30	1000.0	2012-08-20	399649	0.0
399650.SZ	中小治理	SZSE	深圳证券交易所	主题指数	2009-06-30	1000.0	2012-08-20	399650	0.0
399651.SZ	中小责任	SZSE	深圳证券交易所	主题指数	2009-06-30	1000.0	2012-08-20	399651	0.0
399652.SZ	中创高新	SZSE	深圳证券交易所	主题指数	2011-06-30	1000.0	2012-09-17	399652	0.0
399653.SZ	深证龙头	SZSE	深圳证券交易所	主题指数	2010-06-30	1000.0	2012-09-25	399653	0.0
399654.SZ	深证文化	SZSE	深圳证券交易所	主题指数	2009-06-30	1000.0	2012-11-09	399654	0.0
399655.SZ	深证绩效	SZSE	深圳证券交易所	策略指数	2002-12-31	1000.0	2012-11-19	399655	0.0
399656.SZ	100绩效	SZSE	深圳证券交易所	策略指数	2002-12-31	1000.0	2012-11-19	399656	0.0
399657.SZ	300绩效	SZSE	深圳证券交易所	策略指数	2004-12-31	1000.0	2012-11-19	399657	0.0
399658.SZ	中小绩效	SZSE	深圳证券交易所	策略指数	2006-12-29	1000.0	2012-11-19	399658	0.0
399659.SZ	深成指EW	SZSE	深圳证券交易所	策略指数	2002-12-31	1000.0	2012-11-23	399659	0.0
399660.SZ	中创EW	SZSE	深圳证券交易所	策略指数	2007-06-29	1000.0	2012-11-23	399660	0.0
399661.SZ	深证低波	SZSE	深圳证券交易所	策略指数	2006-12-29	1000.0	2012-12-20	399661	0.0
399662.SZ	深证高贝	SZSE	深圳证券交易所	策略指数	2006-12-29	1000.0	2012-12-20	399662	0.0
399663.SZ	中小低波	SZSE	深圳证券交易所	策略指数	2011-06-30	1000.0	2012-12-20	399663	0.0
399664.SZ	中小高贝	SZSE	深圳证券交易所	策略指数	2011-06-30	1000.0	2012-12-20	399664	0.0
399665.SZ	中创低波	SZSE	深圳证券交易所	策略指数	2011-06-30	1000.0	2012-12-20	399665	0.0
399666.SZ	中创高贝	SZSE	深圳证券交易所	策略指数	2011-06-30	1000.0	2012-12-20	399666	0.0
399667.SZ	创业成长	SZSE	深圳证券交易所	风格指数	2012-06-29	1000.0	2013-01-07	399667	0.0
399668.SZ	创业板V	SZSE	深圳证券交易所	风格指数	2012-06-29	1000.0	2013-01-07	399668	0.0
399669.SZ	深证农业	SZSE	深圳证券交易所	主题指数	2004-12-31	1000.0	2013-06-24	399669	0.0
399670.SZ	深周期50	SZSE	深圳证券交易所	主题指数	2004-12-31	1000.0	2013-10-28	399670	0.0
399671.SZ	深防御50	SZSE	深圳证券交易所	主题指数	2004-12-31	1000.0	2013-10-28	399671	0.0
399672.SZ	深红利50	SZSE	深圳证券交易所	策略指数	2008-12-31	1000.0	2014-04-10	399672	0.0
399673.SZ	创业板50	SZSE	深圳证券交易所	规模指数	2010-05-31	1000.0	2014-06-18	399673	0.0
399674.SZ	深A医药	SZSE	深圳证券交易所	一级行业指数	2010-06-30	1000.0	2015-06-08	399674	0.0
399675.SZ	深互联网	SZSE	深圳证券交易所	二级行业指数	2010-06-30	1000.0	2015-06-08	399675	0.0
399676.SZ	深医药EW	SZSE	深圳证券交易所	策略指数	2010-06-30	1000.0	2015-06-08	399676	0.0
399677.SZ	深互联EW	SZSE	深圳证券交易所	策略指数	2010-06-30	1000.0	2015-06-08	399677	0.0
399678.SZ	深次新股	SZSE	深圳证券交易所	主题指数	2010-12-31	1000.0	2015-06-18	399678	0.0
399679.SZ	深证200R	SZSE	深圳证券交易所	规模指数	2004-12-31	1000.0	2015-06-18	399679	0.0
399680.SZ	深成能源	SZSE	深圳证券交易所	一级行业指数	2010-06-30	1000.0	2015-08-31	399680	0.0
399681.SZ	深成材料	SZSE	深圳证券交易所	一级行业指数	2010-06-30	1000.0	2015-08-31	399681	0.0
399682.SZ	深成工业	SZSE	深圳证券交易所	一级行业指数	2010-06-30	1000.0	2015-08-31	399682	0.0
399683.SZ	深成可选	SZSE	深圳证券交易所	一级行业指数	2010-06-30	1000.0	2015-08-31	399683	0.0
399684.SZ	深成消费	SZSE	深圳证券交易所	一级行业指数	2010-06-30	1000.0	2015-08-31	399684	0.0
399685.SZ	深成医药	SZSE	深圳证券交易所	一级行业指数	2010-06-30	1000.0	2015-08-31	399685	0.0
399686.SZ	深成金融	SZSE	深圳证券交易所	一级行业指数	2010-06-30	1000.0	2015-08-31	399686	0.0
399687.SZ	深成信息	SZSE	深圳证券交易所	一级行业指数	2010-06-30	1000.0	2015-08-31	399687	0.0
399688.SZ	深成电信	SZSE	深圳证券交易所	一级行业指数	2010-06-30	1000.0	2015-08-31	399688	0.0
399689.SZ	深成公用	SZSE	深圳证券交易所	一级行业指数	2010-06-30	1000.0	2015-08-31	399689	0.0
399692.SZ	创业低波	SZSE	深圳证券交易所	策略指数	2013-06-28	1000.0	2016-12-20	399692	0.0
399693.SZ	安防产业	SZSE	深圳证券交易所	主题指数	2012-06-29	1000.0	2016-06-20	399693	0.0
399694.SZ	创业高贝	SZSE	深圳证券交易所	策略指数	2013-06-28	1000.0	2016-12-20	399694	0.0
399695.SZ	深证节能	SZSE	深圳证券交易所	主题指数	2010-06-30	1000.0	2017-04-28	399695	0.0
399696.SZ	深证创投	SZSE	深圳证券交易所	主题指数	2010-06-30	1000.0	2016-10-21	399696	0.0
399697.SZ	中关村60	SZSE	深圳证券交易所	主题指数	2008-12-31	1000.0	2017-01-10	399697	0.0
399698.SZ	优势成长	SZSE	深圳证券交易所	策略指数	2008-12-31	1000.0	2017-06-15	399698	0.0
399699.SZ	金融科技	SZSE	深圳证券交易所	主题指数	2017-05-26	3000.0	2017-06-09	399699	0.0
399701.SZ	深证F60	SZSE	深圳证券交易所	策略指数	2002-12-31	1000.0	2010-05-10	399701	0.0
399702.SZ	深证F120	SZSE	深圳证券交易所	策略指数	2002-12-31	1000.0	2010-05-10	399702	0.0
399703.SZ	深证F200	SZSE	深圳证券交易所	策略指数	2002-12-31	1000.0	2010-05-10	399703	0.0
399704.SZ	深证上游	SZSE	深圳证券交易所	主题指数	2002-12-31	1000.0	2011-10-18	399704	0.0
399705.SZ	深证中游	SZSE	深圳证券交易所	主题指数	2002-12-31	1000.0	2011-10-18	399705	0.0
399706.SZ	深证下游	SZSE	深圳证券交易所	主题指数	2002-12-31	1000.0	2011-10-18	399706	0.0
399707.SZ	CSSW证券	SZSE	中证指数有限公司	行业指数	1999-12-31	1000.0	2015-04-16	399707	0.0
399750.SZ	深主板50	SZSE	深圳证券交易所	规模指数	2004-12-31	1000.0	2023-11-15	399750	0.0
399802.SZ	500深市	SZSE	中证指数有限公司	主题指数	2004-12-31	1000.0	2012-09-05	399802	0.0
399803.SZ	工业4.0	SZSE	中证指数有限公司	主题指数	2012-06-29	1000.0	2015-02-13	399803	0.0
399804.SZ	中证体育	SZSE	中证指数有限公司	主题指数	2012-06-29	1000.0	2015-02-09	399804	0.0
399805.SZ	互联金融	SZSE	中证指数有限公司	主题指数	2012-06-29	1000.0	2015-02-10	399805	0.0
399806.SZ	环境治理	SZSE	中证指数有限公司	主题指数	2011-12-30	1000.0	2014-07-21	399806	0.0
399807.SZ	高铁产业	SZSE	中证指数有限公司	主题指数	2012-12-31	1000.0	2015-01-20	399807	0.0
399808.SZ	中证新能	SZSE	中证指数有限公司	主题指数	2011-12-31	1000.0	2015-02-10	399808	0.0
399809.SZ	保险主题	SZSE	中证指数有限公司	主题指数	2011-12-31	1000.0	2015-02-13	399809	0.0
399810.SZ	CSSW传媒	SZSE	中证指数有限公司	行业指数	2004-12-31	1000.0	2015-08-03	399810	0.0
399811.SZ	CSSW电子	SZSE	中证指数有限公司	行业指数	2004-12-31	1000.0	2015-08-03	399811	0.0
399812.SZ	养老产业	SZSE	中证指数有限公司	主题指数	2004-12-31	1000.0	2014-06-06	399812	0.0
399813.SZ	中证国安	SZSE	中证指数有限公司	主题指数	2008-12-31	1000.0	2015-01-29	399813	0.0
399814.SZ	大农业	SZSE	中证指数有限公司	主题指数	2013-12-31	1000.0	2014-07-22	399814	0.0
399850.SZ	深证50	SZSE	深圳证券交易所	规模指数	2002-12-31	1000.0	2023-10-18	399850	0.0
399852.SZ	中证1000	SZSE	中证指数有限公司	规模指数	2004-12-31	1000.0	2014-10-17	399852	0.0
399901.SZ	小康指数	SZSE	中证指数有限公司	主题指数	2005-12-30	1000.0	2010-04-01	399901	0.0
399903.SZ	中证100	SZSE	中证指数有限公司	规模指数	2005-12-30	1000.0	2006-05-29	399903	0.0
399905.SZ	中证500	SZSE	中证指数有限公司	规模指数	2004-12-31	1000.0	2007-01-15	399905	0.0
399913.SZ	沪深300医药	SZSE	中证指数有限公司	一级行业指数	2004-12-31	1000.0	2007-07-02	399913	0.0
399914.SZ	沪深300金融	SZSE	中证指数有限公司	主题指数	2004-12-31	1000.0	2007-07-02	399914	0.0
399928.SZ	800能源	SZSE	中证指数有限公司	一级行业指数	2004-12-31	1000.0	2009-07-03	399928	0.0
399932.SZ	800消费	SZSE	中证指数有限公司	一级行业指数	2004-12-31	1000.0	2009-07-03	399932	0.0
399933.SZ	800医药	SZSE	中证指数有限公司	一级行业指数	2004-12-31	1000.0	2009-07-03	399933	0.0
399934.SZ	800金地	SZSE	中证指数有限公司	主题指数	2004-12-31	1000.0	2009-07-03	399934	0.0
399935.SZ	800信息	SZSE	中证指数有限公司	一级行业指数	2004-12-31	1000.0	2009-07-03	399935	0.0
399959.SZ	军工指数	SZSE	中证指数有限公司	主题指数	2011-06-30	1000.0	2011-08-30	399959	0.0
399965.SZ	800地产	SZSE	中证指数有限公司	一级行业指数	2004-12-31	1000.0	2012-12-21	399965	0.0
399966.SZ	中证800证保	SZSE	中证指数有限公司	主题指数	2004-12-31	1000.0	2012-12-21	399966	0.0
399967.SZ	中证军工	SZSE	中证指数有限公司	主题指数	2004-12-31	1000.0	2013-12-26	399967	0.0
399970.SZ	中证移动互联	SZSE	中证指数有限公司	主题指数	2012-06-29	1000.0	2014-05-05	399970	0.0
399971.SZ	中证传媒	SZSE	中证指数有限公司	主题指数	2010-12-31	1000.0	2014-04-15	399971	0.0
399972.SZ	300深市	SZSE	中证指数有限公司	主题指数	2004-12-31	1000.0	2012-06-21	399972	0.0
399973.SZ	中证国防	SZSE	中证指数有限公司	主题指数	2011-06-30	1000.0	2014-04-15	399973	0.0
399974.SZ	国企改革	SZSE	中证指数有限公司	主题指数	2014-03-31	1000.0	2014-08-07	399974	0.0
399975.SZ	证券公司	SZSE	中证指数有限公司	四级行业指数	2007-06-29	1000.0	2013-07-15	399975	0.0
399976.SZ	CS新能车	SZSE	中证指数有限公司	主题指数	2011-12-31	1000.0	2014-11-28	399976	0.0
399982.SZ	500等权	SZSE	中证指数有限公司	策略指数	2004-12-31	1000.0	2011-06-13	399982	0.0
399983.SZ	地产等权	SZSE	中证指数有限公司	策略指数	2004-12-31	1000.0	2013-11-22	399983	0.0
399986.SZ	中证银行	SZSE	中证指数有限公司	二级行业指数	2004-12-31	1000.0	2013-07-15	399986	0.0
399987.SZ	中证酒	SZSE	中证指数有限公司	主题指数	2008-12-31	1000.0	2014-12-10	399987	0.0
399989.SZ	中证医疗	SZSE	中证指数有限公司	主题指数	2004-12-31	1000.0	2014-10-31	399989	0.0
399990.SZ	煤炭等权	SZSE	中证指数有限公司	策略指数	2008-12-31	1000.0	2015-01-21	399990	0.0
399991.SZ	一带一路	SZSE	中证指数有限公司	主题指数	2012-12-31	1000.0	2015-02-16	399991	0.0
399992.SZ	CSWD并购	SZSE	中证指数有限公司	主题指数	2011-12-30	1000.0	2015-05-08	399992	0.0
399993.SZ	CSWD生科	SZSE	中证指数有限公司	主题指数	2009-12-31	1000.0	2015-05-08	399993	0.0
399994.SZ	信息安全	SZSE	中证指数有限公司	主题指数	2010-12-31	1000.0	2015-03-12	399994	0.0
399995.SZ	基建工程	SZSE	中证指数有限公司	行业指数	2004-12-31	1000.0	2015-03-12	399995	0.0
399996.SZ	中证智能家居	SZSE	中证指数有限公司	主题指数	2012-06-29	1000.0	2014-09-17	399996	0.0
399997.SZ	中证白酒	SZSE	中证指数有限公司	主题指数	2008-12-31	1000.0	2015-01-21	399997	0.0
399998.SZ	中证煤炭	SZSE	中证指数有限公司	三级行业指数	2008-12-31	1000.0	2015-02-13	399998	0.0
899050.BJ	北证50	OTH	北京证券交易所	规模指数	2022-04-29	1000.0	2022-11-21	899050	2.0
899601.BJ	北证专精特新	OTH	北京证券交易所	规模指数	2024-06-28	1000.0	2025-06-30	899601	2.0
