sz169201	浙商鼎盈LOF
sz169106	东方红创优定开
sz169105	东方红睿华LOF
sz169104	东方红睿满LOF
sz169101	东方红睿丰LOF
sz168701	金融科技LOF
sz168401	红土创新精选LOF
sz168301	东海祥龙LOF
sz168204	煤炭LOF
sz168203	钢铁LOF
sz168105	九泰泰富LOF
sz168104	九泰锐丰LOF
sz168103	九泰锐益LOF
sz168102	九泰锐富LOF
sz168101	九泰锐智LOF
sz168002	国寿精选LOF
sz167508	安信价值发现定开
sz167506	安信深圳科技LOF
sz167302	大湾区LOF
sz167301	保险主题LOF
sz167003	鼎弘LOF
sz167002	鼎越LOF
sz167001	鼎泰LOF
sz166107	多因子LOF
sz166027	中欧创业定开
sz166025	中欧远见定开
sz166024	中欧恒利定开
sz166023	中欧瑞丰LOF
sz166016	中欧纯债LOF
sz166011	中欧盛世LOF
sz166009	中欧动力LOF
sz166008	中欧强债LOF
sz166006	中欧成长LOF
sz166001	中欧趋势LOF
sz165528	中信保诚鼎利LOF
sz165525	基建工程LOF
sz165522	TMTLOF
sz165521	金融LOF
sz165520	有色LOF
sz165517	中信保诚双盈LOF
sz165516	中信保诚周期LOF
sz165515	中信保诚300LOF
sz165513	中信保诚商品LOF
sz165512	中信保诚机遇LOF
sz165511	中信保诚500LOF
sz165509	中信保诚增强LOF
sz165508	中信保诚深度LOF
sz165313	建信优势LOF
sz165309	沪深300LOF建信
sz164906	中概互联网LOF
sz164902	交银添利LOF
sz164824	印度基金LOF
sz164814	工银双债LOF
sz164810	工银纯债定开
sz164705	恒生LOF
sz164701	黄金LOF
sz164606	信用增利LOF
sz164509	国富恒利债券LOF
sz164508	国富中证A100LOF
sz164403	农业精选LOF
sz163907	中海惠裕LOF
sz163821	沪深300等权LOF
sz163801	中银中国LOF
sz163503	天治核心LOF
sz163418	兴全合兴LOF
sz163417	兴全合宜LOF
sz163415	兴全商业模式LOF
sz163412	兴全轻资产LOF
sz163409	兴全绿色LOF
sz163407	兴全沪深300LOF
sz163406	兴全合润LOF
sz163402	兴全趋势LOF
sz163302	大摩资源LOF
sz163208	全球油气能源LOF
sz163116	申万电子LOF
sz163115	申万军工LOF
sz163114	申万环保LOF
sz163113	申万证券LOF
sz163111	申万中小LOF
sz163110	申万量化LOF
sz163109	申万深成LOF
sz163005	长信利众LOF
sz163001	长信医疗LOF
sz162721	广发积极FOF-LOF
sz162720	广发创业板定开
sz162719	石油LOF
sz162715	广发聚源LOF
sz162711	中证500LOF
sz162703	广发小盘LOF
sz162607	景顺资源LOF
sz162605	景顺鼎益LOF
sz162509	中证A100LOF
sz162415	美国消费LOF
sz162414	新机遇LOF
sz162412	医疗基金LOF
sz162411	华宝油气LOF
sz162307	海富通A100LOF
sz162216	宏利500增强LOF
sz162207	宏利效率混合LOF
sz162108	金鹰元盛债券LOF
sz162006	长城久富LOF
sz161914	创业板2年定开
sz161912	社会责任定开
sz161903	万家行业优选LOF
sz161837	银华大盘定开
sz161834	银华鑫锐LOF
sz161831	恒生国企LOF
sz161820	银华纯债LOF
sz161816	中证90LOF
sz161815	抗通胀LOF
sz161812	深证100LOF
sz161811	沪深300LOF银华
sz161810	银华内需LOF
sz161728	招商优选LOF
sz161727	招商增荣LOF
sz161726	生物医药LOF
sz161725	白酒基金LOF
sz161724	煤炭等权LOF
sz161722	招商丰泰LOF
sz161720	证券基金LOF
sz161716	招商双债LOF
sz161715	大宗商品LOF
sz161706	招商成长LOF
sz161631	人工智能LOF
sz161610	融通领先成长LOF
sz161607	巨潮100LOF
sz161233	国投瑞泰LOF
sz161232	国投瑞盛LOF
sz161229	国投中国价值LOF
sz161227	国投深证100LOF
sz161226	国投白银LOF
sz161225	国投瑞盈LOF
sz161224	国投新丝路LOF
sz161222	国投瑞利LOF
sz161219	国投新兴产业LOF
sz161217	国投资源LOF
sz161133	优势回报FOF-LOF
sz161132	易方达科顺定开
sz161131	易方达科润LOF
sz161130	纳斯达克100LOF
sz161129	原油LOF易方达
sz161128	标普信息科技LOF
sz161127	标普生物科技LOF
sz161126	标普医疗保健LOF
sz161125	标普500LOF
sz161124	港股小盘LOF
sz161123	并购重组LOF
sz161122	生物科技LOF
sz161121	银行LOF易方达
sz161119	易方达新综债LOF
sz161118	中小企业100LOF
sz161116	黄金主题LOF
sz161040	创业富国定开
sz161039	1000增强LOF
sz161038	成长LOF
sz161037	高端制造LOF
sz161036	娱乐增强LOF
sz161035	医药增强LOF
sz161033	智能汽车LOF
sz161032	煤炭龙头LOF
sz161031	工业40LOF
sz161030	体育LOF
sz161029	银行龙头LOF
sz161028	新能源车LOF
sz161027	证券LOF
sz161026	国企改革LOF
sz161025	互联网LOF
sz161024	军工LOF
sz161017	500增强LOF
sz161014	富国汇利定开
sz161005	富国天惠LOF
sz160926	创业板定开
sz160925	沪深港300LOF
sz160924	恒生指数LOF
sz160921	多策略LOF
sz160919	产业升级LOF
sz160918	中小盘LOF
sz160916	优选LOF
sz160910	创新成长LOF
sz160813	长盛同盛LOF
sz160812	长盛同益LOF
sz160807	长盛沪深300LOF
sz160805	长盛同智LOF
sz160726	嘉实瑞享定开
sz160723	嘉实原油LOF
sz160722	嘉实惠泽LOF
sz160719	嘉实黄金LOF
sz160717	H股LOF
sz160716	基本面50LOF
sz160706	沪深300LOF
sz160644	港美互联网LOF
sz160643	空天军工LOF
sz160642	鹏华增瑞LOF
sz160639	高铁LOF
sz160638	带路LOF
sz160637	创业板LOF基金
sz160635	医药LOF基金
sz160633	券商LOF
sz160632	酒LOF
sz160631	银行LOF基金
sz160630	国防LOF
sz160629	传媒LOF
sz160628	地产LOF
sz160625	证保LOF
sz160620	资源LOF
sz160616	鹏华500LOF
sz160615	鹏华300LOF
sz160613	鹏华盛世创新LOF
sz160611	鹏华优质治理LOF
sz160610	鹏华动力LOF
sz160607	鹏华价值优势LOF
sz160529	创业板博时定开
sz160527	博时研究优选LOF
sz160526	博时优势企业
sz160518	博时睿远LOF
sz160515	安丰18定开
sz160512	博时卓越LOF
sz160505	博时主题LOF
sz160421	华安智增LOF
sz160416	石油基金LOF
sz160326	优选配置FOF-LOF
sz160325	华夏创业板定开
sz160324	华夏磐晟LOF
sz160323	华夏磐泰LOF
sz160322	港股精选LOF
sz160314	华夏行业LOF
sz160311	华夏蓝筹LOF
sz160225	新能源汽车LOF
sz160223	创业板LOF
sz160222	食品LOF
sz160221	有色金属LOF
sz160220	国泰民益LOF
sz160218	房地产LOF
sz160216	国泰商品LOF
sz160215	国泰价值LOF
sz160212	国泰估值LOF
sz160211	国泰小盘LOF
sz160143	创业板定开南方
sz160142	南方优势产业LOF
sz160140	美国REIT精选LOF
sz160135	高铁基金LOF
sz160133	南方天元LOF
sz160127	南方消费LOF
sz160125	南方香港LOF
sz160119	500ETF联接LOF
sz160106	南方高增LOF
sz160105	南方积配LOF
sh506008	科创板长城
sh506006	汇添富科创板
sh506005	科创板博时
sh506003	富国科创板
sh506002	易方达科创板
sh506001	万家科创板
sh506000	科创板基金
sh502056	医疗基金LOF
sh502053	券商LOF
sh502048	上证50LOF
sh502023	钢铁LOF
sh502013	一带一路LOF
sh502010	证券LOF
sh502006	国企改革LOF
sh502003	军工LOF
sh502000	500增强LOF
sh501312	海外科技LOF
sh501311	港股通新经济LOF
sh501310	价值基金LOF
sh501307	沪港深红利LOF
sh501306	港股高股息LOFC
sh501305	港股高股息LOF
sh501303	恒生中型股LOF
sh501302	恒生指数基金LOF
sh501301	香港大盘LOF
sh501300	美元债LOF
sh501227	泓德红利优选LOF
sh501225	全球芯片LOF
sh501222	如意招享FOF
sh501220	行业轮动FOF
sh501219	智胜先锋LOF
sh501218	工银睿智进取FOF
sh501217	行业配置FOF
sh501216	富国行业精选FOF
sh501215	积极配置FOF
sh501213	中欧汇选FOF
sh501212	广发优选配置FOF
sh501211	民生加银优享FOF
sh501210	交银智选星光FOF
sh501209	富久食品饮料LOF
sh501208	中欧创新未来LOF
sh501207	华夏创新未来LOF
sh501206	添富创新未来LOF
sh501205	鹏华创新未来LOF
sh501203	易基创新未来LOF
sh501202	华泰创新先锋LOF
sh501201	科创红土LOF
sh501200	科创加银LOF
sh501189	嘉实产业优选LOF
sh501188	添富核心精选LOF
sh501186	华夏兴融LOF
sh501099	平安新兴产业LOF
sh501098	科创建信LOF
sh501097	科创国寿LOF
sh501096	国联安科创LOF
sh501095	中银证券科技创新LOF
sh501093	华夏翔阳LOF
sh501092	交银瑞思LOF
sh501091	嘉实欣荣LOF
sh501090	消费龙头LOF
sh501089	消费红利增强LOF
sh501088	嘉实瑞虹
sh501087	交银瑞丰LOF
sh501085	财通科创LOF
sh501083	科创银华LOF
sh501082	科创投资LOF
sh501081	科创中欧LOF
sh501080	科创主题投资基金LOF
sh501079	科创大成LOF
sh501073	华安智联LOF
sh501071	泓德丰泽LOF
sh501070	广发睿阳
sh501065	经典成长
sh501064	国泰价值LOF
sh501062	南方瑞合LOF
sh501061	金选300C类LOF
sh501060	金选300A类LOF
sh501059	国企红利LOF
sh501058	新能源车LOFC
sh501057	新能源车LOF
sh501053	东方红目标优选
sh501051	圆信永丰汇利LOF
sh501050	50AHLOF
sh501048	证券公司LOFC
sh501047	证券公司LOF
sh501046	财通福鑫定开混合
sh501045	沪深300LOFC
sh501043	沪深300LOF
sh501038	银华明择
sh501037	中证500LOFC
sh501036	中证500LOF
sh501032	财通福盛混合LOF
sh501031	环境治理LOFC
sh501030	环境治理LOF
sh501029	红利基金LOF
sh501028	财通福瑞混合LOF
sh501026	财通福享混合LOF
sh501025	香港银行LOF
sh501023	港中小企LOF
sh501022	银华鑫盛LOF
sh501021	香港中小LOF
sh501019	军工基金LOF
sh501018	南方原油LOF
sh501017	国泰融丰LOF
sh501016	券商基金LOF
sh501015	财通升级混合LOF
sh501012	中药基金LOFC
sh501011	中药基金LOF
sh501010	生物科技LOFC
sh501009	生物科技LOF
sh501008	互联网医疗LOFC
sh501007	互联网医疗LOF
sh501005	精准医疗LOF
sh501001	财通精选混合LOF
