relative_path,current_ttl,suggested_ttl,confidence,title,doc_type,key_signals,reason
docs/02_enterprise_architecture/architecture_diagram_construction_plan.md,permanent,task_bound,medium,架构图施工方案讨论,construction_plan,"目录=permanent | 标题临时: 施工,施工方案 | 标题灰色: 讨论,方案 | 正文永久: 架构视图,架构原则,不变量 | 正文临时: 报告,记录,施工",标题+doc_type=construction_plan 均为过程性，位于永久区——过程性文件误放，建议移动到 docs/_working/
docs/02_enterprise_architecture/phase_d_full_test_construction_plan.md,permanent,task_bound,medium,阶段D：全量功能测试 — 详细施工方案,construction_plan,"目录=permanent | 标题临时: 施工,施工方案 | 标题灰色: 方案 | 正文永久: 蓝图,blueprint,标准 | 正文临时: 审计,施工,施工方案",标题+doc_type=construction_plan 均为过程性，位于永久区——过程性文件误放，建议移动到 docs/_working/
docs/decomposition/index.md,task_bound,task_bound,medium,decomposition — 目录索引,index,"目录=task_bound | 标题永久: 索引 | 正文永久: index,导航",位于过程性目录，跟随目录语义（标题含永久词['索引']但目录优先）
docs/_working/ghost_commit_automation_assessment.md,task_bound,task_bound,high,GitCommitGateway 自动化能力评估报告,design,"目录=task_bound | 标题临时: 报告,评估 | 正文永久: 裁定,source of truth,入口 | 正文临时: 报告,任务卡,临时",标题强信号(task_bound)，目录一致
docs/_working/ghost_commit_rule_update_proposal.md,task_bound,task_bound,medium,幽灵提交（Ghost Commit）治本——规则更新提案,design,"目录=task_bound | 标题永久: 规则 | 标题临时: 提案 | 正文永久: 规则,rule,约束 | 正文临时: 记录,日志,调研",标题conflict，目录裁决为task_bound: 目录语义: 临时工作区（匹配 docs/_working/）
docs/_working/inward_convergence_audit_report_20260626.md,task_bound,task_bound,high,向内收4原则审查报告 — docs/01_policies_and_standards,audit_report,"目录=task_bound | 标题临时: 报告 | 正文永久: 规则,rule,门禁 | 正文临时: 报告,清理,session",标题强信号(task_bound)，目录一致
docs/_working/trae_060_s5_evidence_audit.md,task_bound,task_bound,high,trae_060 §5 Evidence 精度审计报告,audit_report,"目录=task_bound | 标题临时: 报告,审计 | 正文永久: gate,词表,vocabulary | 正文临时: 报告,审计,评估",标题强信号(task_bound)，目录一致
docs/_working/ttl_doctype_reclassification_handoff.md,task_bound,task_bound,medium,任务：粒子级别全量分析项目 .md 文件，重新分类 ttl + doc_type,log,"目录=task_bound | 标题灰色: 分析 | 正文永久: 蓝图,blueprint,规则 | 正文临时: 报告,report,记录",标题ambiguous，目录裁决为task_bound: 目录语义: 临时工作区（匹配 docs/_working/）
docs/_working/ttl_missing_root_cause_investigation_report.md,task_bound,task_bound,medium,ttl 字段全量缺失根因调研报告 + 裁定 + 治本施工方案,audit_report,"目录=task_bound | 标题永久: 裁定 | 标题临时: 报告,调研,施工,施工方案 | 标题灰色: 方案 | 正文永久: 蓝图,规则,门禁 | 正文临时: 报告,调研,笔记",标题conflict，目录裁决为task_bound: 目录语义: 临时工作区（匹配 docs/_working/）
docs/02_enterprise_architecture/03_governance_reports/blueprint_placement_violations_root_cause_report.md,task_bound,task_bound,medium,蓝图物理位置与 belongs_to 归属链违规——病根调研与裁定报告,audit_report,"目录=task_bound | 标题永久: 蓝图,裁定 | 标题临时: 报告,调研 | 正文永久: 蓝图,blueprint,规则 | 正文临时: 报告,调研,审计",标题conflict，目录裁决为task_bound: 目录语义: 治理报告目录（过程性：容量/调研/清理审查）（匹配 docs/02_enterprise_architecture/03_governance_reports/）
docs/02_enterprise_architecture/03_governance_reports/capacity_report.md,permanent,task_bound,high,域容量报告,audit_report,"目录=task_bound | 标题临时: 报告 | 正文永久: 规则 | 正文临时: 报告,审计",标题强信号(task_bound)，目录一致
docs/02_enterprise_architecture/03_governance_reports/constraint_violations.md,permanent,task_bound,medium,架构约束违规报告,audit_report,"目录=task_bound | 标题永久: 约束 | 标题临时: 报告 | 正文永久: 约束,constraint,gate | 正文临时: 报告",标题conflict，目录裁决为task_bound: 目录语义: 治理报告目录（过程性：容量/调研/清理审查）（匹配 docs/02_enterprise_architecture/03_governance_reports/）
docs/02_enterprise_architecture/03_governance_reports/design_vs_production.md,permanent,task_bound,high,设计态vs运营态统计报告,audit_report,"目录=task_bound | 标题临时: 报告 | 正文永久: 规则 | 正文临时: 报告,审计",标题强信号(task_bound)，目录一致
docs/02_enterprise_architecture/03_governance_reports/domain_id_hyphen_rename_plan.md,permanent,task_bound,high,6 域 ID 连字符→下划线改名执行方案（施工细节版 v1）,construction_plan,"目录=task_bound | 标题临时: 施工 | 标题灰色: 方案 | 正文永久: 蓝图,blueprint,规则 | 正文临时: 调研,audit,施工",标题强信号(task_bound)，目录一致
docs/02_enterprise_architecture/03_governance_reports/d_signal_rename_blocker_adjudication.md,task_bound,task_bound,medium,D-SIGNAL 改名任务卡执行阻塞——病根调研与裁定报告,audit_report,"目录=task_bound | 标题永久: 裁定 | 标题临时: 报告,调研,任务卡 | 正文永久: rule,标准,协议 | 正文临时: 报告,log,调研",标题conflict，目录裁决为task_bound: 目录语义: 治理报告目录（过程性：容量/调研/清理审查）（匹配 docs/02_enterprise_architecture/03_governance_reports/）
docs/02_enterprise_architecture/03_governance_reports/d_signal_rename_plan.md,permanent,task_bound,high,D-SIGNAL* 4 域改名执行方案（施工细节版 v2）,construction_plan,"目录=task_bound | 标题临时: 施工 | 标题灰色: 方案 | 正文永久: 规则,invariant,约束 | 正文临时: 调研,审计,施工",标题强信号(task_bound)，目录一致
docs/02_enterprise_architecture/03_governance_reports/index.md,permanent,task_bound,medium,治理报告索引（03_governance_reports）,index,"目录=task_bound | 标题永久: 索引 | 标题临时: 报告 | 正文永久: 蓝图,约束,门禁 | 正文临时: 报告,调研,施工",标题conflict，目录裁决为task_bound: 目录语义: 治理报告目录（过程性：容量/调研/清理审查）（匹配 docs/02_enterprise_architecture/03_governance_reports/）
docs/02_enterprise_architecture/03_governance_reports/module_id_numeric_sequence_governance_report.md,task_bound,task_bound,medium,module_id 数字序号制双轨治理——病根调研与裁定报告,audit_report,"目录=task_bound | 标题永久: 裁定 | 标题临时: 报告,调研 | 正文永久: 规则,rule,门禁 | 正文临时: 报告,记录,调研",标题conflict，目录裁决为task_bound: 目录语义: 治理报告目录（过程性：容量/调研/清理审查）（匹配 docs/02_enterprise_architecture/03_governance_reports/）
docs/02_enterprise_architecture/03_governance_reports/orphan_cleanup_audit.md,task_bound,task_bound,high,孤儿/僵尸清理统一审查文档,audit_report,"目录=task_bound | 标题临时: 清理 | 正文临时: construction,临时,评估",标题强信号(task_bound)，目录一致
docs/02_enterprise_architecture/03_governance_reports/preexisting_db_issues_investigation_report.md,task_bound,task_bound,high,预存DB问题深度调研报告与治本方案,audit_report,"目录=task_bound | 标题临时: 报告,调研 | 标题灰色: 方案 | 正文永久: 标准,裁定,schema | 正文临时: 报告,记录,调研",标题强信号(task_bound)，目录一致
docs/02_enterprise_architecture/03_governance_reports/schema_health_continuation_plan.md,permanent,task_bound,medium,Schema 健康度治本：延续执行计划（v2 续作）,construction_plan,"目录=task_bound | 标题永久: schema | 正文永久: invariant,约束,constraint | 正文临时: 报告,记录,调研",位于过程性目录，跟随目录语义（标题含永久词['schema']但目录优先）
docs/02_enterprise_architecture/03_governance_reports/schema_health_revised_execution_plan.md,permanent,task_bound,medium,Schema 健康度治本方案：修订执行计划（v2）,construction_plan,"目录=task_bound | 标题永久: schema | 标题灰色: 方案 | 正文永久: 规则,invariant,constraint | 正文临时: 报告,记录,调研",位于过程性目录，跟随目录语义（标题含永久词['schema']但目录优先）
docs/02_enterprise_architecture/03_governance_reports/schema_health_root_cure_plan.md,permanent,task_bound,medium,Schema 健康度治本方案：depgraph.db 漂移修复与死表清理,construction_plan,"目录=task_bound | 标题永久: schema | 标题临时: 清理 | 标题灰色: 方案 | 正文永久: 门禁,gate,裁定 | 正文临时: 记录,迁移记录,调研",标题conflict，目录裁决为task_bound: 目录语义: 治理报告目录（过程性：容量/调研/清理审查）（匹配 docs/02_enterprise_architecture/03_governance_reports/）
docs/02_enterprise_architecture/03_governance_reports/vocabulary_sync_chain_repair_plan.md,permanent,task_bound,medium,Vocabulary 自动同步链路断裂修复方案（施工细节版 v1）,construction_plan,"目录=task_bound | 标题永久: vocabulary | 标题临时: 施工 | 标题灰色: 方案 | 正文永久: 规则,约束,gate | 正文临时: 调研,施工,清理",标题conflict，目录裁决为task_bound: 目录语义: 治理报告目录（过程性：容量/调研/清理审查）（匹配 docs/02_enterprise_architecture/03_governance_reports/）
docs/02_enterprise_architecture/target_architecture/revision_history.md,task_bound,task_bound,medium,target_architecture/ 完整修订历史,log,"目录=permanent | 正文永久: policy,架构视图,invariant | 正文临时: 记录,log,审计",标题无信号，doc_type=log 为过程性类型（优先于目录）
docs/02_enterprise_architecture/_archive/architecture_decisions_pending.md,task_bound,task_bound,medium,待定架构决策文档,reference,"目录=task_bound | 正文永久: 规则,标准,裁定 | 正文临时: 任务卡,session",标题无信号，目录语义: 归档子目录（过程性历史，如 02/_archive/）（匹配 /_archive/）
docs/02_enterprise_architecture/_archive/phase4b_cleanup_construction_plan.md,task_bound,task_bound,high,阶段4 STEP 4b：全量清洁施工方案,construction_plan,"目录=task_bound | 标题临时: 施工,施工方案 | 标题灰色: 方案 | 正文永久: 规则,rule,标准 | 正文临时: 记录,审计,施工",标题强信号(task_bound)，目录一致
docs/02_enterprise_architecture/03_governance_reports/domain_id_hyphen_rename_taskcards/handoff_instruction.md,task_bound,task_bound,high,6域ID改名执行交接指令（新AI会话一键复制）,operational_rule,"目录=task_bound | 标题临时: 交接,会话 | 正文永久: 规则,标准,gate | 正文临时: 记录,施工,任务卡",标题强信号(task_bound)，目录一致
docs/02_enterprise_architecture/03_governance_reports/domain_id_hyphen_rename_taskcards/index.md,permanent,task_bound,medium,domain_id_hyphen_rename_taskcards — 6 域 ID 改名任务卡索引,index,"目录=task_bound | 标题永久: 索引 | 标题临时: 任务卡 | 正文永久: 标准,gate,索引 | 正文临时: 报告,任务卡",标题conflict，目录裁决为task_bound: 目录语义: 治理报告目录（过程性：容量/调研/清理审查）（匹配 docs/02_enterprise_architecture/03_governance_reports/）
docs/02_enterprise_architecture/03_governance_reports/domain_id_hyphen_rename_taskcards/task-ops-2026062621.md,task_bound,task_bound,medium,阶段0备份+阶段1 DB 6域ID改名（4323行，最高风险）,operational_rule,"目录=task_bound | 正文永久: 规则 | 正文临时: 记录,log,施工",标题无信号，doc_type=operational_rule 为过程性类型（优先于目录）
docs/02_enterprise_architecture/03_governance_reports/domain_id_hyphen_rename_taskcards/task-ops-2026062622.md,task_bound,task_bound,medium,元审查：循环审查修复 OPS-2026062621（DB 6域改名验证）,operational_rule,"目录=task_bound | 正文永久: 标准 | 正文临时: 记录,log",标题无信号，doc_type=operational_rule 为过程性类型（优先于目录）
docs/02_enterprise_architecture/03_governance_reports/domain_id_hyphen_rename_taskcards/task-ops-2026062623.md,task_bound,task_bound,medium,阶段2 YAML registry+阶段3 生成器脚本修改（4文件，~12处替换）,operational_rule,"目录=task_bound | 标题永久: registry | 正文永久: 规则,rule,标准 | 正文临时: 施工",位于过程性目录，跟随目录语义（标题含永久词['registry']但目录优先）
docs/02_enterprise_architecture/03_governance_reports/domain_id_hyphen_rename_taskcards/task-ops-2026062624.md,task_bound,task_bound,medium,元审查：循环审查修复 OPS-2026062623（YAML+脚本验证）,operational_rule,目录=task_bound | 正文永久: 标准,标题无信号，doc_type=operational_rule 为过程性类型（优先于目录）
docs/02_enterprise_architecture/03_governance_reports/domain_id_hyphen_rename_taskcards/task-ops-2026062625.md,task_bound,task_bound,medium,阶段4 活文档+阶段5 工作 CSV 修改（6文件，~34处替换）,operational_rule,"目录=task_bound | 正文永久: rule,index | 正文临时: 施工",标题无信号，doc_type=operational_rule 为过程性类型（优先于目录）
docs/02_enterprise_architecture/03_governance_reports/domain_id_hyphen_rename_taskcards/task-ops-2026062626.md,task_bound,task_bound,medium,元审查：循环审查修复 OPS-2026062625（活文档+CSV验证）,operational_rule,"目录=task_bound | 正文永久: 标准,index | 正文临时: 记录",标题无信号，doc_type=operational_rule 为过程性类型（优先于目录）
docs/02_enterprise_architecture/03_governance_reports/domain_id_hyphen_rename_taskcards/task-ops-2026062627.md,task_bound,task_bound,medium,阶段6 历史文档 ttl 补全+追加裁定说明（7文件）,operational_rule,"目录=task_bound | 标题永久: 裁定 | 正文永久: 门禁,gate,裁定 | 正文临时: 记录,施工,施工方案",位于过程性目录，跟随目录语义（标题含永久词['裁定']但目录优先）
docs/02_enterprise_architecture/03_governance_reports/domain_id_hyphen_rename_taskcards/task-ops-2026062628.md,task_bound,task_bound,medium,元审查：循环审查修复 OPS-2026062627（历史文档验证）,operational_rule,"目录=task_bound | 正文永久: 标准,gate,裁定 | 正文临时: 记录",标题无信号，doc_type=operational_rule 为过程性类型（优先于目录）
docs/02_enterprise_architecture/03_governance_reports/domain_id_hyphen_rename_taskcards/task-ops-2026062629.md,task_bound,task_bound,medium,阶段7 重新生成制品（~15+文件，5个生成器批次）,operational_rule,"目录=task_bound | 正文永久: rule,标准,索引 | 正文临时: 报告,记录,施工",标题无信号，doc_type=operational_rule 为过程性类型（优先于目录）
docs/02_enterprise_architecture/03_governance_reports/domain_id_hyphen_rename_taskcards/task-ops-2026062630.md,task_bound,task_bound,medium,元审查：循环审查修复 OPS-2026062629（生成制品验证）,operational_rule,"目录=task_bound | 正文永久: blueprint,标准",标题无信号，doc_type=operational_rule 为过程性类型（优先于目录）
docs/02_enterprise_architecture/03_governance_reports/domain_id_hyphen_rename_taskcards/task-ops-2026062631.md,task_bound,task_bound,medium,阶段8 循环验收（2轮diagnose+残留扫描+GATE-15校验）,operational_rule,"目录=task_bound | 标题永久: gate | 正文永久: blueprint,gate,index | 正文临时: 施工",位于过程性目录，跟随目录语义（标题含永久词['gate']但目录优先）
docs/02_enterprise_architecture/03_governance_reports/domain_id_hyphen_rename_taskcards/task-ops-2026062632.md,task_bound,task_bound,medium,元审查：循环审查修复 OPS-2026062631（验收关卡验证）,operational_rule,"目录=task_bound | 正文永久: blueprint,标准,gate | 正文临时: 记录,修复记录",标题无信号，doc_type=operational_rule 为过程性类型（优先于目录）
docs/02_enterprise_architecture/03_governance_reports/domain_id_hyphen_rename_taskcards/task-ops-2026062633.md,task_bound,task_bound,medium,阶段9 Git 提交所有文件变更（17文件+生成制品）,operational_rule,"目录=task_bound | 正文永久: rule,标准,gate | 正文临时: 记录,log,日志",标题无信号，doc_type=operational_rule 为过程性类型（优先于目录）
docs/02_enterprise_architecture/03_governance_reports/domain_id_hyphen_rename_taskcards/task-ops-2026062634.md,task_bound,task_bound,medium,元审查：循环审查修复 OPS-2026062633（最终验收）,operational_rule,"目录=task_bound | 正文永久: 标准,gate,index | 正文临时: log",标题无信号，doc_type=operational_rule 为过程性类型（优先于目录）
docs/03_modules/infrastructure_runtime_integration/script_system/changes/mod_inf_005/TASK-OPS-2026062103.md,task_bound,task_bound,medium,批量修复 N-12 KE 条目命名格式违规(2960个),operational_rule,目录=task_bound | 正文永久: 标准 | 正文临时: 施工,标题无信号，doc_type=operational_rule 为过程性类型（优先于目录）
docs/03_modules/infrastructure_runtime_integration/script_system/changes/mod_inf_005/TASK-OPS-2026062104.md,task_bound,task_bound,medium,"批量修复 N-15 BLUEPRINT 头部路径不存在违规(2924个,79种路径)",operational_rule,"目录=task_bound | 标题永久: blueprint | 正文永久: 蓝图,blueprint,标准 | 正文临时: 施工",位于过程性目录，跟随目录语义（标题含永久词['blueprint']但目录优先）
docs/03_modules/infrastructure_runtime_integration/script_system/changes/mod_inf_005/TASK-OPS-2026062105.md,task_bound,task_bound,medium,批量修复 N-14 __init__.py 缺少 __all__ 定义(217个),operational_rule,目录=task_bound | 正文永久: 标准 | 正文临时: 施工,标题无信号，doc_type=operational_rule 为过程性类型（优先于目录）
docs/03_modules/infrastructure_runtime_integration/script_system/changes/mod_inf_005/TASK-OPS-2026062106.md,task_bound,task_bound,medium,批量修复 N-06 module_id 缺少 scope 前缀(135个),operational_rule,目录=task_bound | 正文永久: 标准 | 正文临时: 施工,标题无信号，doc_type=operational_rule 为过程性类型（优先于目录）
docs/03_modules/infrastructure_runtime_integration/script_system/changes/mod_inf_005/TASK-OPS-2026062107.md,task_bound,task_bound,medium,批量修复 N-01 文件名含连续大写字母(98个),operational_rule,目录=task_bound | 正文永久: 标准 | 正文临时: 施工,标题无信号，doc_type=operational_rule 为过程性类型（优先于目录）
docs/03_modules/infrastructure_runtime_integration/script_system/changes/mod_inf_005/TASK-OPS-2026062108.md,task_bound,task_bound,medium,批量修复 N-13 YAML/JSON/MD 文件名 snake_case(68个),operational_rule,目录=task_bound | 正文永久: 标准 | 正文临时: 施工,标题无信号，doc_type=operational_rule 为过程性类型（优先于目录）
docs/03_modules/infrastructure_runtime_integration/script_system/changes/mod_inf_005/TASK-OPS-2026062109.md,task_bound,task_bound,medium,"手动修复少量命名违规(N-11/N-10/N-03/N-09/N-16,共88个)",operational_rule,目录=task_bound | 正文永久: 标准 | 正文临时: 施工,标题无信号，doc_type=operational_rule 为过程性类型（优先于目录）
docs/03_modules/infrastructure_runtime_integration/script_system/changes/mod_inf_005/TASK-OPS-2026062501.md,task_bound,task_bound,medium,MTH-006根源分析强制力升级(trigger→pre_condition+操作类型自检+G2.5门禁),operational_rule,"目录=task_bound | 标题永久: 门禁 | 标题灰色: 分析 | 正文永久: 规则,rule,标准 | 正文临时: 记录,日志,施工",位于过程性目录，跟随目录语义（标题含永久词['门禁']但目录优先）
docs/03_modules/_cross_layer/feedback_loop/changelog.md,task_bound,task_bound,medium,feedback-loop Changelog,log,"目录=permanent | 标题临时: changelog | 正文永久: 协议,protocol,gate | 正文临时: changelog,施工,评估",标题+doc_type=log 均为过程性，位于永久区——过程性文件误放，建议移动到 docs/_working/
docs/03_modules/_cross_layer/mcp_servers/runbook.md,task_bound,task_bound,medium,Runbook,operational_rule,"目录=permanent | 正文临时: log,cleanup",标题无信号，doc_type=operational_rule 为过程性类型（优先于目录）
docs/03_modules/_cross_layer/context_engine/changes/index.md,task_bound,task_bound,medium,changes — 目录索引,index,"目录=task_bound | 标题永久: 索引 | 正文永久: 索引,index,导航",位于过程性目录，跟随目录语义（标题含永久词['索引']但目录优先）
docs/03_modules/_cross_layer/context_engine/changes/MOD_INF_008/index.md,task_bound,task_bound,medium,mod_inf_008 — 目录索引,index,"目录=task_bound | 标题永久: 索引 | 正文永久: 索引,index,导航",位于过程性目录，跟随目录语义（标题含永久词['索引']但目录优先）
docs/03_modules/_cross_layer/database/changes/index.md,task_bound,task_bound,medium,changes — 目录索引,index,"目录=task_bound | 标题永久: 索引 | 正文永久: 索引,index,导航",位于过程性目录，跟随目录语义（标题含永久词['索引']但目录优先）
docs/03_modules/_cross_layer/database/changes/MOD_INF_012/index.md,task_bound,task_bound,medium,mod_inf_012 — 目录索引,index,"目录=task_bound | 标题永久: 索引 | 正文永久: 索引,index,导航",位于过程性目录，跟随目录语义（标题含永久词['索引']但目录优先）
docs/03_modules/_cross_layer/feedback_loop/changes/index.md,task_bound,task_bound,medium,changes — 目录索引,index,"目录=task_bound | 标题永久: 索引 | 正文永久: 索引,index,导航",位于过程性目录，跟随目录语义（标题含永久词['索引']但目录优先）
docs/03_modules/_cross_layer/feedback_loop/changes/MOD_INF_010/index.md,task_bound,task_bound,medium,mod_inf_010 — 目录索引,index,"目录=task_bound | 标题永久: 索引 | 正文永久: 索引,index,导航",位于过程性目录，跟随目录语义（标题含永久词['索引']但目录优先）
docs/03_modules/_cross_layer/gate_engine/changes/index.md,task_bound,task_bound,medium,changes — 目录索引,index,"目录=task_bound | 标题永久: 索引 | 正文永久: 索引,index,导航",位于过程性目录，跟随目录语义（标题含永久词['索引']但目录优先）
docs/03_modules/_cross_layer/gate_engine/changes/MOD_INF_007/index.md,task_bound,task_bound,medium,mod_inf_007 — 目录索引,index,"目录=task_bound | 标题永久: 索引 | 正文永久: 索引,index,导航",位于过程性目录，跟随目录语义（标题含永久词['索引']但目录优先）
docs/03_modules/_cross_layer/llm_security/changes/index.md,task_bound,task_bound,medium,changes — 目录索引,index,"目录=task_bound | 标题永久: 索引 | 正文永久: 索引,index,导航 | 正文临时: 任务卡",位于过程性目录，跟随目录语义（标题含永久词['索引']但目录优先）
docs/03_modules/_cross_layer/llm_security/changes/MOD_INF_014/index.md,task_bound,task_bound,medium,MOD-LLM_SECURITY — 任务卡目录索引,index,"目录=task_bound | 标题永久: 索引 | 标题临时: 任务卡 | 正文永久: 蓝图,blueprint,模板 | 正文临时: 记录,变更记录,施工",标题conflict，目录裁决为task_bound: 目录语义: 变更记录子目录（过程性）（匹配 /changes/）
docs/03_modules/_cross_layer/mcp_servers/changes/index.md,task_bound,task_bound,medium,changes — 目录索引,index,"目录=task_bound | 标题永久: 索引 | 正文永久: 索引,index,导航",位于过程性目录，跟随目录语义（标题含永久词['索引']但目录优先）
docs/03_modules/_cross_layer/mcp_servers/changes/mod_inf_013/audit_report.md,task_bound,task_bound,high,MOD-INF-013 最终审计报告,audit_report,"目录=task_bound | 标题临时: 报告,审计 | 正文永久: 蓝图,约束,constraint | 正文临时: 报告,审计,任务卡",标题强信号(task_bound)，目录一致
docs/03_modules/_cross_layer/mcp_servers/changes/mod_inf_013/index.md,task_bound,task_bound,medium,mod_inf_013 — 目录索引,index,"目录=task_bound | 标题永久: 索引 | 正文永久: 索引,index,导航",位于过程性目录，跟随目录语义（标题含永久词['索引']但目录优先）
docs/03_modules/_cross_layer/orphan_judge/delivery/index.md,permanent,task_bound,high,Delivery,index,"目录=task_bound | 标题临时: 记录 | 正文永久: 蓝图,blueprint,规则 | 正文临时: 记录,任务卡,清理",标题强信号(task_bound)，目录一致
docs/03_modules/_cross_layer/orphan_judge/delivery/version_1_0_0.md,task_bound,task_bound,high,V1.0.0,log,"目录=task_bound | 标题临时: 记录 | 正文永久: 蓝图,blueprint,rule | 正文临时: 报告,记录,日志",标题强信号(task_bound)，目录一致
docs/03_modules/_cross_layer/pipeline/changes/index.md,task_bound,task_bound,medium,changes — 目录索引,index,"目录=task_bound | 标题永久: 索引 | 正文永久: 索引,index,导航",位于过程性目录，跟随目录语义（标题含永久词['索引']但目录优先）
docs/03_modules/_cross_layer/pipeline/changes/MOD_INF_009/index.md,task_bound,task_bound,medium,mod_inf_009 — 目录索引,index,"目录=task_bound | 标题永久: 索引 | 正文永久: 索引,index,导航",位于过程性目录，跟随目录语义（标题含永久词['索引']但目录优先）
docs/03_modules/_cross_layer/resource_optimization_engine/changes/index.md,task_bound,task_bound,medium,changes — 目录索引,index,"目录=task_bound | 标题永久: 索引 | 正文永久: 索引,index,导航",位于过程性目录，跟随目录语义（标题含永久词['索引']但目录优先）
docs/03_modules/_cross_layer/resource_optimization_engine/changes/MOD_INF_032/index.md,task_bound,task_bound,medium,mod_inf_032 — 目录索引,index,"目录=task_bound | 标题永久: 索引 | 正文永久: 索引,index,导航",位于过程性目录，跟随目录语义（标题含永久词['索引']但目录优先）
docs/03_modules/_cross_layer/shared_core/changes/index.md,task_bound,task_bound,medium,changes — 目录索引,index,"目录=task_bound | 标题永久: 索引 | 正文永久: 索引,index,导航",位于过程性目录，跟随目录语义（标题含永久词['索引']但目录优先）
docs/03_modules/_cross_layer/shared_core/changes/MOD_INF_016/index.md,task_bound,task_bound,medium,mod_inf_016 — 目录索引,index,"目录=task_bound | 标题永久: 索引 | 正文永久: 索引,index,导航",位于过程性目录，跟随目录语义（标题含永久词['索引']但目录优先）
docs/03_modules/_domain_autonomy_core/agent_spec/changelog.md,task_bound,task_bound,medium,agent-spec Changelog,log,"目录=permanent | 标题临时: changelog | 正文永久: gate | 正文临时: 记录,变更记录,changelog",标题+doc_type=log 均为过程性，位于永久区——过程性文件误放，建议移动到 docs/_working/
docs/03_modules/_domain_autonomy_core/task_card_kms/delivery/index.md,permanent,task_bound,medium,Delivery,index,"目录=task_bound | 标题永久: 索引 | 正文永久: 蓝图,规则,索引 | 正文临时: 记录,施工,task card",位于过程性目录，跟随目录语义（标题含永久词['索引']但目录优先）
docs/03_modules/_domain_compliance/compliance_core/delivery/index.md,permanent,task_bound,medium,delivery — 目录索引,index,"目录=task_bound | 标题永久: 索引 | 正文永久: 索引,index,导航",位于过程性目录，跟随目录语义（标题含永久词['索引']但目录优先）
docs/03_modules/_domain_data/datasource_core/delivery/index.md,permanent,task_bound,medium,delivery — 目录索引,index,"目录=task_bound | 标题永久: 索引 | 正文永久: 索引,index,导航",位于过程性目录，跟随目录语义（标题含永久词['索引']但目录优先）
docs/03_modules/_domain_ex_core/execution_core/delivery/index.md,permanent,task_bound,medium,delivery — 目录索引,index,"目录=task_bound | 标题永久: 索引 | 正文永久: 索引,index,导航",位于过程性目录，跟随目录语义（标题含永久词['索引']但目录优先）
docs/03_modules/_domain_factor/alpha_factor_core/delivery/index.md,permanent,task_bound,medium,delivery — 目录索引,index,"目录=task_bound | 标题永久: 索引 | 正文永久: 索引,index,导航",位于过程性目录，跟随目录语义（标题含永久词['索引']但目录优先）
docs/03_modules/_domain_frontend/hmi_core/delivery/index.md,permanent,task_bound,medium,delivery — 目录索引,index,"目录=task_bound | 标题永久: 索引 | 正文永久: 索引,index,导航",位于过程性目录，跟随目录语义（标题含永久词['索引']但目录优先）
docs/03_modules/_domain_governance/changes/index.md,task_bound,task_bound,medium,changes — 目录索引,index,"目录=task_bound | 标题永久: 索引 | 正文永久: 索引,index,导航",位于过程性目录，跟随目录语义（标题含永久词['索引']但目录优先）
docs/03_modules/_domain_governance/changes/dom_gov_001/completeness_report.md,task_bound,task_bound,medium,蓝图分解完整性报告 · 二次审计版,audit_report,"目录=task_bound | 标题永久: 蓝图 | 标题临时: 报告,审计 | 正文永久: 蓝图,blueprint,protocol | 正文临时: 报告,审计,audit",标题conflict，目录裁决为task_bound: 目录语义: 变更记录子目录（过程性）（匹配 /changes/）
docs/03_modules/_domain_governance/changes/dom_gov_001/dependency_crosscheck.md,task_bound,task_bound,medium,MOD-GOVERNANCE Dependency Crosscheck,audit_report,"目录=task_bound | 正文永久: protocol,gate,registry | 正文临时: audit",标题无信号，doc_type=audit_report 为过程性类型（优先于目录）
docs/03_modules/_domain_governance/changes/dom_gov_001/downstream_anchor_report.md,task_bound,task_bound,high,MOD-GOVERNANCE Downstream Anchor Report,audit_report,"目录=task_bound | 标题临时: report | 正文永久: blueprint,protocol,gate | 正文临时: report,audit,construction",标题强信号(task_bound)，目录一致
docs/03_modules/_domain_governance/changes/dom_gov_001/index.md,task_bound,task_bound,medium,MOD-GOVERNANCE — 目录索引,index,"目录=task_bound | 标题永久: 索引 | 正文永久: 蓝图,protocol,门禁 | 正文临时: 报告,记录,变更记录",位于过程性目录，跟随目录语义（标题含永久词['索引']但目录优先）
docs/03_modules/_domain_governance/governance_automation/delivery/index.md,permanent,task_bound,high,Delivery,index,"目录=task_bound | 标题临时: 记录 | 正文永久: 蓝图,规则,schema | 正文临时: 记录,审计",标题强信号(task_bound)，目录一致
docs/03_modules/_domain_governance/vibe_coding_pipelines/delivery/index.md,permanent,task_bound,medium,Delivery,index,"目录=task_bound | 标题永久: 索引 | 正文永久: 蓝图,规则,索引 | 正文临时: 记录,施工",位于过程性目录，跟随目录语义（标题含永久词['索引']但目录优先）
docs/03_modules/_domain_infra_ops/capacity_assurance/changes/index.md,task_bound,task_bound,medium,Changes — 目录索引,index,"目录=task_bound | 标题永久: 索引 | 正文永久: 索引,index",位于过程性目录，跟随目录语义（标题含永久词['索引']但目录优先）
docs/03_modules/_domain_infra_ops/capacity_assurance/delivery/index.md,permanent,task_bound,medium,Delivery,index,"目录=task_bound | 标题永久: 索引 | 正文永久: 蓝图,blueprint,规则 | 正文临时: 记录,施工,construction",位于过程性目录，跟随目录语义（标题含永久词['索引']但目录优先）
docs/03_modules/_domain_infra_ops/capacity_assurance/changes/MOD_INF_001/index.md,task_bound,task_bound,medium,Mod Inf 001 — 目录索引,index,"目录=task_bound | 标题永久: 索引 | 正文永久: 索引,index",位于过程性目录，跟随目录语义（标题含永久词['索引']但目录优先）
docs/03_modules/_domain_infra_runtime/runtime_integration/delivery/index.md,permanent,task_bound,medium,Delivery,index,"目录=task_bound | 标题永久: 索引 | 正文永久: 蓝图,规则,索引 | 正文临时: 记录,施工",位于过程性目录，跟随目录语义（标题含永久词['索引']但目录优先）
docs/03_modules/_domain_infra_runtime/task_system/changes/index.md,task_bound,task_bound,medium,changes — 目录索引,index,"目录=task_bound | 标题永久: 索引 | 正文永久: 索引,index,导航",位于过程性目录，跟随目录语义（标题含永久词['索引']但目录优先）
docs/03_modules/_domain_infra_runtime/task_system/changes/MOD_INF_006_MCP/index.md,task_bound,task_bound,medium,mod_inf_006_MCP — 目录索引,index,"目录=task_bound | 标题永久: 索引 | 正文永久: 索引,index,导航",位于过程性目录，跟随目录语义（标题含永久词['索引']但目录优先）
docs/03_modules/_domain_infra_runtime/task_system/changes/shadows/index.md,task_bound,task_bound,medium,shadows — 目录索引,index,"目录=task_bound | 标题永久: 索引 | 正文永久: 索引,index,导航",位于过程性目录，跟随目录语义（标题含永久词['索引']但目录优先）
docs/03_modules/_domain_ml_train/ml_core/delivery/index.md,permanent,task_bound,medium,delivery — 目录索引,index,"目录=task_bound | 标题永久: 索引 | 正文永久: 索引,index,导航",位于过程性目录，跟随目录语义（标题含永久词['索引']但目录优先）
docs/03_modules/_domain_pf_core/portfolio_core/delivery/index.md,permanent,task_bound,medium,delivery — 目录索引,index,"目录=task_bound | 标题永久: 索引 | 正文永久: 索引,index,导航",位于过程性目录，跟随目录语义（标题含永久词['索引']但目录优先）
docs/03_modules/_domain_reporting/analytics_core/delivery/index.md,permanent,task_bound,medium,delivery — 目录索引,index,"目录=task_bound | 标题永久: 索引 | 正文永久: 索引,index,导航",位于过程性目录，跟随目录语义（标题含永久词['索引']但目录优先）
docs/03_modules/_domain_research/research_core/delivery/index.md,permanent,task_bound,medium,delivery — 目录索引,index,"目录=task_bound | 标题永久: 索引 | 正文永久: 索引,index,导航",位于过程性目录，跟随目录语义（标题含永久词['索引']但目录优先）
docs/03_modules/_domain_risk/risk_management_core/delivery/index.md,permanent,task_bound,medium,delivery — 目录索引,index,"目录=task_bound | 标题永久: 索引 | 正文永久: 索引,index,导航",位于过程性目录，跟随目录语义（标题含永久词['索引']但目录优先）
docs/03_modules/_domain_signal/signal_generation_core/delivery/index.md,permanent,task_bound,medium,delivery — 目录索引,index,"目录=task_bound | 标题永久: 索引 | 正文永久: 索引,index,导航",位于过程性目录，跟随目录语义（标题含永久词['索引']但目录优先）
docs/03_modules/_domain_simulation/experiment_core/delivery/index.md,permanent,task_bound,medium,delivery — 目录索引,index,"目录=task_bound | 标题永久: 索引 | 正文永久: 索引,index,导航",位于过程性目录，跟随目录语义（标题含永久词['索引']但目录优先）
docs/03_modules/_master_blueprint/changes/index.md,task_bound,task_bound,medium,changes — 目录索引,index,"目录=task_bound | 标题永久: 索引 | 正文永久: 索引,index,导航",位于过程性目录，跟随目录语义（标题含永久词['索引']但目录优先）
docs/03_modules/_master_blueprint/changes/MOD_MASTER_001/index.md,task_bound,task_bound,medium,mod_master_001 — 目录索引,index,"目录=task_bound | 标题永久: 索引 | 正文永久: 索引,index,导航",位于过程性目录，跟随目录语义（标题含永久词['索引']但目录优先）
docs/03_modules/_master_blueprint/changes/MOD_MASTER_001/readme.md,task_bound,task_bound,medium,MOD-MASTER_BLUEPRINT 变更目录,readme,"目录=task_bound | 正文永久: 蓝图,标准,宪章 | 正文临时: 复盘,施工,任务卡",标题无信号，目录语义: 变更记录子目录（过程性）（匹配 /changes/）
docs/03_modules/_sys_master/changes/index.md,task_bound,task_bound,medium,changes — 目录索引,index,"目录=task_bound | 标题永久: 索引 | 正文永久: 索引,index,导航",位于过程性目录，跟随目录语义（标题含永久词['索引']但目录优先）
docs/03_modules/_sys_master/changes/sys_master_001/index.md,task_bound,task_bound,medium,sys_master_001 — 目录索引,index,"目录=task_bound | 标题永久: 索引 | 正文永久: 索引,index,导航",位于过程性目录，跟随目录语义（标题含永久词['索引']但目录优先）
docs/09_audit/research_notes/all_blueprint_structure_audit_overview.md,task_bound,task_bound,medium,All Blueprint Structure Audit Overview,audit_report,"目录=task_bound | 标题永久: blueprint | 标题临时: audit | 标题灰色: overview | 正文永久: 蓝图,blueprint,规则 | 正文临时: 报告,report,记录",标题conflict，目录裁决为task_bound: 目录语义: 审计目录（过程性产出：调研/可行性分析）（匹配 docs/09_audit/）
docs/09_audit/research_notes/blueprint_discussion_audit_division_plan.md,task_bound,task_bound,medium,blueprint discussion audit division plan,audit_report,"目录=task_bound | 标题永久: blueprint | 标题临时: audit | 标题灰色: discussion | 正文永久: 蓝图,blueprint,规则 | 正文临时: 报告,report,记录",标题conflict，目录裁决为task_bound: 目录语义: 审计目录（过程性产出：调研/可行性分析）（匹配 docs/09_audit/）
docs/09_audit/research_notes/index.md,task_bound,task_bound,high,Research Notes,index,"目录=task_bound | 标题临时: research,note | 正文永久: 蓝图 | 正文临时: 记录,调研,research",标题强信号(task_bound)，目录一致
docs/09_audit/research_notes/naming_whitelist_cleanup_plan.md,task_bound,task_bound,high,命名规范白名单清理施工方案,audit_report,"目录=task_bound | 标题临时: 施工,施工方案,清理 | 标题灰色: 方案 | 正文永久: 规则,真源 | 正文临时: 记录,log,日志",标题强信号(task_bound)，目录一致
docs/09_audit/research_notes/physical_structure_1500_module_scalability_fix.md,task_bound,task_bound,medium,physical structure 1500 module scalability fix,audit_report,"目录=task_bound | 正文永久: 蓝图,blueprint,规则 | 正文临时: 报告,report,记录",标题无信号，doc_type=audit_report 为过程性类型（优先于目录）
docs/09_audit/research_notes/three_principles_implementation_research.md,task_bound,task_bound,high,three principles implementation research,audit_report,"目录=task_bound | 标题临时: research | 正文永久: 蓝图,规则,rule | 正文临时: 报告,记录,调研",标题强信号(task_bound)，目录一致
docs/09_audit/research_notes/competitive_analysis/architecture_blindspot_analysis.md,task_bound,task_bound,medium,architecture blindspot analysis,audit_report,"目录=task_bound | 标题灰色: analysis | 正文永久: 蓝图,规则,rule | 正文临时: 报告,记录,log",标题ambiguous，目录裁决为task_bound: 目录语义: 审计目录（过程性产出：调研/可行性分析）（匹配 docs/09_audit/）
docs/09_audit/research_notes/competitive_analysis/ballethip_raw_material_visual_log.md,task_bound,task_bound,high,ballethip raw material visual log,audit_report,"目录=task_bound | 标题临时: log | 正文永久: 协议,schema,导航 | 正文临时: 报告,记录,log",标题强信号(task_bound)，目录一致
docs/09_audit/research_notes/competitive_analysis/ballethip_system_comparison.md,task_bound,task_bound,medium,ballethip system comparison,audit_report,"目录=task_bound | 标题灰色: comparison | 正文永久: 蓝图,协议,门禁 | 正文临时: 记录",标题ambiguous，目录裁决为task_bound: 目录语义: 审计目录（过程性产出：调研/可行性分析）（匹配 docs/09_audit/）
docs/09_audit/research_notes/competitive_analysis/index.md,task_bound,task_bound,medium,Competitive Analysis,index,"目录=task_bound | 标题永久: 索引 | 标题灰色: analysis | 正文永久: 索引,index | 正文临时: 日志,research,note",位于过程性目录，跟随目录语义（标题含永久词['索引']但目录优先）
docs/09_audit/research_notes/competitive_analysis/observability_contract_todo.md,task_bound,task_bound,high,Observability Contract Todo,design,"目录=task_bound | 标题临时: todo | 正文永久: 标准 | 正文临时: report,记录,日志",标题强信号(task_bound)，目录一致
docs/09_audit/research_notes/technical_feasibility/index.md,task_bound,task_bound,medium,Technical Feasibility,index,"目录=task_bound | 标题永久: 索引 | 正文永久: 索引,index | 正文临时: research,note",位于过程性目录，跟随目录语义（标题含永久词['索引']但目录优先）
docs/09_audit/research_notes/technical_feasibility/vibe_coding_ai_implementation_assessment.md,task_bound,task_bound,high,vibe coding ai implementation assessment,audit_report,"目录=task_bound | 标题临时: assessment | 正文永久: 标准,约束 | 正文临时: 报告,评估,assessment",标题强信号(task_bound)，目录一致
docs/decomposition/tasks/DM-100252.md,task_bound,task_bound,medium,DM-100252: 修复 syncyamltodepgraph.py 的 syncfunctionaldomainregistry() UPSERT 折叠 bug,log,"目录=task_bound | 正文永久: rule,标准,schema | 正文临时: 记录,日志,施工",标题无信号，doc_type=log 为过程性类型（优先于目录）
docs/decomposition/tasks/DM-100253.md,task_bound,task_bound,high,DM-100253: 删除 depgraph.db domains 表 9 个小写命名域脏数据记录,log,"目录=task_bound | 标题临时: 记录 | 正文永久: rule,标准,schema | 正文临时: 记录,施工,清理",标题强信号(task_bound)，目录一致
docs/decomposition/tasks/DM-100254.md,task_bound,task_bound,medium,DM-100254: 对齐 depgraph.db 架构三表域数（domains/archdomainlayers/archdomaincapacity）,log,"目录=task_bound | 正文永久: rule,标准,裁定 | 正文临时: 记录,施工,清理",标题无信号，doc_type=log 为过程性类型（优先于目录）
docs/decomposition/tasks/DM-100255.md,task_bound,task_bound,medium,DM-100255: 分析 52 D-XXX 域与架构升级 39 域方案差异并输出归并映射,log,"目录=task_bound | 标题灰色: 分析,方案 | 正文永久: rule,标准,裁定 | 正文临时: 报告,施工",标题ambiguous，目录裁决为task_bound: 目录语义: 分解任务目录（过程性：DM-* 任务卡）（匹配 docs/decomposition/）
docs/decomposition/tasks/index.md,task_bound,task_bound,medium,tasks — 目录索引,index,"目录=task_bound | 标题永久: 索引 | 正文永久: index,导航",位于过程性目录，跟随目录语义（标题含永久词['索引']但目录优先）
