md5_12,year,orig_name,defer_reason,note
7d9acec488d4,2020年度精选策略,03 机器学习多因子策略.txt,fundamental_gate,基本面/财务数据选股门（窗口内数据缺失）
29727236e229,2020年度精选策略,06 为什么股票市值是当前的样子？.txt,fundamental_gate,基本面/财务数据选股门（窗口内数据缺失）
311220235636,2020年度精选策略,07 穿越牛熊基业长青的价值精选策略.txt,fundamental_gate,基本面/财务数据选股门（窗口内数据缺失）
1b2d37a2a7d9,2020年度精选策略,10 追三板策略.txt,fundamental_gate,基本面/财务数据选股门（窗口内数据缺失）
7fb6fa56df89,2020年度精选策略,11 酒股地中短线策略.txt,fundamental_gate,基本面/财务数据选股门（窗口内数据缺失）
376825191613,2020年度精选策略,14 抗击熊市的中短期低市值策略.txt,fundamental_gate,基本面/财务数据选股门（窗口内数据缺失）
d46105bf6b37,2020年度精选策略,16 投资学作业.txt,non_pv_class,非量价类（标题与内容判读不属于本批口径）
c961432c92a6,2020年度精选策略,23 Principle by Jim Slater 祖鲁法则在A股的实现与改进.txt,non_pv_class,非量价类（标题与内容判读不属于本批口径）
f1d915a56856,2020年度精选策略,24 自选策略1.txt,non_pv_class,非量价类（标题与内容判读不属于本批口径）
f3258b0eceac,2020年度精选策略,25 简单市值轮动策略-学习.txt,fundamental_gate,基本面/财务数据选股门（窗口内数据缺失）
5e3284032a17,2020年度精选策略,26 向导式-1.txt,non_pv_class,非量价类（标题与内容判读不属于本批口径）
4bd0d8556d39,2020年度精选策略,28 收益策略.txt,non_pv_class,非量价类（标题与内容判读不属于本批口径）
ca0ee6db6dff,2020年度精选策略,30 基于LSTM模型预测股票价格走势.txt,ml_model_dependent,LSTM 价格预测
22d7be168fb9,2020年度精选策略,32 测试策略1.txt,non_pv_class,非量价类（标题与内容判读不属于本批口径）
e27c2ad6a1d9,2020年度精选策略,33 买入每个行业市值最大的股票.txt,non_pv_class,非量价类（标题与内容判读不属于本批口径）
aca79475ff10,2020年度精选策略,34 成长策略.txt,non_pv_class,非量价类（标题与内容判读不属于本批口径）
0875366f605b,2020年度精选策略,35 投资学作业——简单多因子选股策略.txt,non_pv_class,非量价类（标题与内容判读不属于本批口径）
69c6514f4f6c,2020年度精选策略,36 投资学作业——简单多因子选股策略改进.txt,non_pv_class,非量价类（标题与内容判读不属于本批口径）
6a58fdc80835,2020年度精选策略,37 个股止损.txt,non_pv_class,非量价类（标题与内容判读不属于本批口径）
aabe5d623fcc,2020年度精选策略,38 一个简单的跟踪聪明钱策略.txt,non_pv_class,非量价类（标题与内容判读不属于本批口径）
ae32579896ed,2020年度精选策略,39 因子分析——利用JoinQuant因子分析模块选取因子并封装为策略.txt,non_pv_class,非量价类（标题与内容判读不属于本批口径）
ea66a380bf24,2020年度精选策略,40 kdj指标配合accer过滤.txt,non_pv_class,非量价类（标题与内容判读不属于本批口径）
cad1c93b5811,2020年度精选策略,41 多因子模型（三）-交易回测.txt,non_pv_class,非量价类（标题与内容判读不属于本批口径）
b1ab2a40225a,2020年度精选策略,42 低估值+TRIX+RSI 低回撤策略.txt,non_pv_class,非量价类（标题与内容判读不属于本批口径）
b13cef3dba2d,2020年度精选策略,43 无模型评估的多因子模型.txt,fundamental_gate,基本面/财务数据选股门（窗口内数据缺失）
3238a5ce80c8,2020年度精选策略,44 新手初来，写了一个价值投资策略.txt,non_pv_class,非量价类（标题与内容判读不属于本批口径）
053ef7a9432a,2020年度精选策略,46 Get API 新技能，研究中写策略并回测.txt,not_strategy,Get API 功能演示
8cb17c4ff966,2020年度精选策略,47 次新小盘策略.txt,non_pv_class,非量价类（标题与内容判读不属于本批口径）
d1e828937339,2020年度精选策略,48 再测一支.txt,non_pv_class,非量价类（标题与内容判读不属于本批口径）
acdf925b742c,2020年度精选策略,51 HS300--随机森林拐点识别.txt,non_pv_class,非量价类（标题与内容判读不属于本批口径）
74a017fcff13,2020年度精选策略,53 小市值策略.txt,non_pv_class,非量价类（标题与内容判读不属于本批口径）
8e908e8202ef,2020年度精选策略,54 中长线买入卖出点选择.txt,moneyflow_gap,资金流向 5 日门（money_flow 无历史）
6d5282552594,2020年度精选策略,56 爱神的箭放声大哭.txt,non_pv_class,非量价类（标题与内容判读不属于本批口径）
32434712c440,2020年度精选策略,57 黄泽森策略.txt,non_pv_class,非量价类（标题与内容判读不属于本批口径）
2e39d6ab7776,2020年度精选策略,58 MACD金叉买入，死叉卖出.txt,non_pv_class,非量价类（标题与内容判读不属于本批口径）
699aa1e11647,2020年度精选策略,60 投资期末作业.txt,non_pv_class,非量价类（标题与内容判读不属于本批口径）
a5ac9cc45ab3,2020年度精选策略,61 向导式策略生成器生成的成长股精选策略.txt,non_pv_class,非量价类（标题与内容判读不属于本批口径）
5dcda1c756db,2020年度精选策略,62 选股策略.txt,non_pv_class,非量价类（标题与内容判读不属于本批口径）
4da841c734ae,2020年度精选策略,63 向导式.txt,non_pv_class,非量价类（标题与内容判读不属于本批口径）
73002e0a22c6,2020年度精选策略,64 12年年化34%，Sharpe1.2，银行股轮动.txt,non_pv_class,非量价类（标题与内容判读不属于本批口径）
6cc23b6ee353,2020年度精选策略,67 多因子回测完整模板（筛选和买卖条件强于‘策略生成器’）.txt,fundamental_gate,基本面/财务数据选股门（窗口内数据缺失）
806b3463b451,2020年度精选策略,68 板块轮动不动？.txt,non_pv_class,非量价类（标题与内容判读不属于本批口径）
4ee92eeb0c98,2020年度精选策略,71 【投资学】CAPM单因子回归模型+ROE股票池（含止损）.txt,fundamental_gate,基本面/财务数据选股门（窗口内数据缺失）
860a82a4299d,2020年度精选策略,73 跟着港资（北向资金）买A股.txt,northbound_gap,北向资金数据 2024-09 起（窗口空）
ca11a1a28636,2020年度精选策略,74 基于沪深300的增强.txt,non_pv_class,非量价类（标题与内容判读不属于本批口径）
e2826b29007e,2020年度精选策略,75 财务因子策略.txt,non_pv_class,非量价类（标题与内容判读不属于本批口径）
846f0295fa77,2020年度精选策略,"80 向导式 价值分析(一),成功避开股灾,大盘震荡跌时小涨.txt",non_pv_class,非量价类（标题与内容判读不属于本批口径）
59605f4683a5,2020年度精选策略,81 申万行业轮动策略.txt,fundamental_gate,基本面/财务数据选股门（窗口内数据缺失）
4daad21e0928,2020年度精选策略,82 次新+小市值+KAMA择时 轮动.txt,fundamental_gate,基本面/财务数据选股门（窗口内数据缺失）
2810197d9e60,2020年度精选策略,84 投资策略说明.txt,non_pv_class,非量价类（标题与内容判读不属于本批口径）
e8017cc1adc5,2020年度精选策略,85 【第一次玩】我就是要买便宜股系列.txt,fundamental_gate,基本面/财务数据选股门（窗口内数据缺失）
7f75e2081235,2020年度精选策略,87 选股策略说明——张燕兰 16318320.txt,non_pv_class,非量价类（标题与内容判读不属于本批口径）
ff5f6c3813ed,2020年度精选策略,88 一位小白编辑的多因子选股策略.txt,non_pv_class,非量价类（标题与内容判读不属于本批口径）
69fe6ca04e2a,2020年度精选策略,92 多因子选股策略.txt,fundamental_gate,基本面/财务数据选股门（窗口内数据缺失）
bd42540f86e4,2020年度精选策略,94 PE和PB策略.txt,non_pv_class,非量价类（标题与内容判读不属于本批口径）
a3f1f85b037f,2020年度精选策略,95 资金流策略.txt,moneyflow_gap,资金流策略（money_flow 表 2026-08 起）
94402fbc86f0,2020年度精选策略,96 沪港两地上市的银行股翻倍策略报告.txt,non_pv_class,非量价类（标题与内容判读不属于本批口径）
474a5f390f94,2020年度精选策略,97 银行翻倍策略.txt,fundamental_gate,基本面/财务数据选股门（窗口内数据缺失）
60a9a654f19e,2020年度精选策略,99 一个中信证券的向导策略.txt,non_pv_class,非量价类（标题与内容判读不属于本批口径）
9bb1e9bad66c,2022年度精选策略,1.一颗耀眼的星—【回顾2】小市值成长股策略更新—改.txt,fundamental_gate,基本面/财务数据选股门（窗口内数据缺失）
3f97fbbb5ff6,2022年度精选策略,10.龙头首阴战法改版二.txt,intraday_signal,盘中信号依赖（分钟/竞价/tick 特征命中）
17c98231093f,2022年度精选策略,100.【复现】金股组合增强—分析师推荐概率.txt,non_pv_class,非量价类（标题与内容判读不属于本批口径）
2c5bfdb51ff6,2022年度精选策略,11.缠论交易策略.txt,chan_complexity,缠论交易策略（分型/笔段结构复杂，日频向量化保真度不足，两份同文）
8a955a32661d,2022年度精选策略,12.全市场选股？7年5倍不择时，回撤30%左右.txt,fundamental_gate,基本面/财务数据选股门（窗口内数据缺失）
31b0fb73d6d4,2022年度精选策略,13.【涨停研究三】连板股票收益统计与回测.txt,fundamental_gate,基本面/财务数据选股门（窗口内数据缺失）
94dd3d1d8f21,2022年度精选策略,14.为实盘做的更新：分钟级别和盘中止损.txt,intraday_signal,分钟级别盘中止损
306c53777921,2022年度精选策略,18.动量ETF轮动-RSRS择时-卡尔曼滤波.txt,fundamental_gate,基本面/财务数据选股门（窗口内数据缺失）
dde77a881279,2022年度精选策略,19.【复现】高频价量相关性，意想不到的选股因子.txt,minute_data_gap,高频价量相关性因子（分钟级数据依赖，两份同文）
22e60ed976fb,2022年度精选策略,2.ETF动量轮动RSRS择时-魔改3小优化.txt,fundamental_gate,基本面/财务数据选股门（窗口内数据缺失）
89537e64ae3a,2022年度精选策略,20.【复现】因子择时？？？.txt,non_pv_class,非量价类（标题与内容判读不属于本批口径）
b929bb8ae99a,2022年度精选策略,22.菜场大妈选股法.txt,fundamental_gate,基本面/财务数据选股门（窗口内数据缺失）
768359f2a212,2022年度精选策略,24.宽基ETF动量轮动钝化RSRS择时-回撤小.txt,fundamental_gate,基本面/财务数据选股门（窗口内数据缺失）
40c22cfc183a,2022年度精选策略,29.【策略.行业轮动】趋势-拥挤-景气度模型看行业轮动.txt,fundamental_gate,基本面/财务数据选股门（窗口内数据缺失）
3e8bbfecef0c,2022年度精选策略,3.截止到21年12月依然有效的小市值适配因子.txt,fundamental_gate,基本面/财务数据选股门（窗口内数据缺失）
f8faec93ea59,2022年度精选策略,30.【超跌反弹v1.0】3年2.3倍的超跌反弹小牛股.txt,fundamental_gate,基本面/财务数据选股门（窗口内数据缺失）
40cdb4447059,2022年度精选策略,31.《趋势永存》持续16年跑赢大盘的真正靠谱策略.txt,non_pv_class,非量价类（标题与内容判读不属于本批口径）
058acd16c70a,2022年度精选策略,"32.追高概率涨停策略, 2022年化350%.txt",intraday_signal,盘中信号依赖（分钟/竞价/tick 特征命中）
0708750d8d4f,2022年度精选策略,33.胜率88.9%之君正集团策略-大阳分歧反包.txt,intraday_signal,盘中信号依赖（分钟/竞价/tick 特征命中）
cfd84756bddc,2022年度精选策略,34.【回撤二波2.0】透过一次过拟合的机器学习摸底策略的收益上限.txt,ml_model_dependent,过拟合 ML 摸底（模型依赖）
d6dfa459b98d,2022年度精选策略,35.自适应量化终极算法2.0 （全新升级).txt,fundamental_gate,基本面/财务数据选股门（窗口内数据缺失）
c23dcb570d44,2022年度精选策略,37.三阳三阴战法.txt,intraday_signal,盘中信号依赖（分钟/竞价/tick 特征命中）
13847acade93,2022年度精选策略,38.ETF动量轮动RSRS择时-魔改3-北向资金择时-再优化.txt,fundamental_gate,基本面/财务数据选股门（窗口内数据缺失）
21ec55edd6d8,2022年度精选策略,39.绩优小市值量化君也-模拟交易年化333.75%.txt,fundamental_gate,基本面/财务数据选股门（窗口内数据缺失）
3009e3b9051e,2022年度精选策略,4.集合竞价摸奖策略1.0-致敬2022.txt,auction_gap,集合竞价摸奖（同上，两份同文）
117e9c807654,2022年度精选策略,42.实盘出现的问题和解决办法.txt,fundamental_gate,基本面/财务数据选股门（窗口内数据缺失）
e2d666e30a19,2022年度精选策略,45.真真正正的诚意之作-2021超十倍.txt,intraday_signal,盘中信号依赖（分钟/竞价/tick 特征命中）
cbc8f2c5669b,2022年度精选策略,46.韶华研究之十二--还算可以的竞价研究.txt,auction_gap,竞价研究（同上）
a653bb97503a,2022年度精选策略,47.别人恐惧我贪婪——重视大盘择时.txt,fundamental_gate,基本面/财务数据选股门（窗口内数据缺失）
39dbeced0f7b,2022年度精选策略,49.修改成一创版本.txt,fundamental_gate,基本面/财务数据选股门（窗口内数据缺失）
761ba995d9c1,2022年度精选策略,5.随机森林策略，低换手率，年化近50%.txt,non_pv_class,非量价类（标题与内容判读不属于本批口径）
735da80d20f4,2022年度精选策略,51.行业反转效应（年化32%回撤8%).txt,non_pv_class,非量价类（标题与内容判读不属于本批口径）
30e32c8cffae,2022年度精选策略,52.市场宽度——简洁版.txt,not_strategy,宽度指标研究 notebook（仅画图）
ebdfa4e25669,2022年度精选策略,53.超跌网格交易大法V1.2：稳健跑赢大盘-年化13%回撤7%.txt,non_pv_class,非量价类（标题与内容判读不属于本批口径）
b2bd8aaa693f,2022年度精选策略,54.sales_growth今年最优版.txt,fundamental_gate,基本面/财务数据选股门（窗口内数据缺失）
9519cb55d6b7,2022年度精选策略,56.一创PEG+EBIT+turnover_volatility.txt,fundamental_gate,基本面/财务数据选股门（窗口内数据缺失）
79ae77fb3af7,2022年度精选策略,6.PEG+成长+小市值+RSRS择时.txt,fundamental_gate,基本面/财务数据选股门（窗口内数据缺失）
5a049724244c,2022年度精选策略,61.简单ETF策略，年化97%.txt,non_pv_class,非量价类（标题与内容判读不属于本批口径）
26504daaec74,2022年度精选策略,62.【重构】C-VIX 中国版 VIX 编制手册.txt,not_strategy,C-VIX 编制手册（期权数据依赖）
013cb4b74559,2022年度精选策略,65.神级策略：桥水全天候策略-7年最大回撤仅3.5%.txt,allocation_class,桥水全天候（资产配置）
8a501274d829,2022年度精选策略,66.ETF动量轮动MA乖离择时.txt,non_pv_class,非量价类（标题与内容判读不属于本批口径）
0cfd69a71894,2022年度精选策略,67.三因子策略年化21%简单多因子策略框架.txt,non_pv_class,非量价类（标题与内容判读不属于本批口径）
a21c221a02be,2022年度精选策略,68.胜率78%，6年36倍，今年行情依然50%年化.txt,fundamental_gate,基本面/财务数据选股门（窗口内数据缺失）
980f868e249b,2022年度精选策略,7.致敬经典作品——小兵哥《一致性风险度量》——极速版.txt,not_strategy,一致性风险度量研究
f6b9581b7b4f,2022年度精选策略,70.（股票交易模板）小市值-EPS-成长因子选股.txt,non_pv_class,非量价类（标题与内容判读不属于本批口径）
796cdaa672f8,2022年度精选策略,72.随机森林 - 多因子模型.txt,non_pv_class,非量价类（标题与内容判读不属于本批口径）
a3cc3db7586e,2022年度精选策略,73.实现净利润跳空策略.txt,fundamental_gate,基本面/财务数据选股门（窗口内数据缺失）
259a5854ef9e,2022年度精选策略,74.【动量应用V1】12年120倍，根据研报思路调整.txt,fundamental_gate,基本面/财务数据选股门（窗口内数据缺失）
1e9952c07f3e,2022年度精选策略,75.ETF轮动策略-入门2.0.txt,fundamental_gate,基本面/财务数据选股门（窗口内数据缺失）
f367356aa7c2,2022年度精选策略,76.ETF-控制回撤性能拉满（国债ETF增强).txt,non_pv_class,非量价类（标题与内容判读不属于本批口径）
65c6f9a6f19c,2022年度精选策略,77.龙头弱转强战法.txt,intraday_signal,盘中信号依赖（分钟/竞价/tick 特征命中）
48bf0497cf33,2022年度精选策略,78.ffscore选股加rsrs择时.txt,fundamental_gate,ffscore 财务选股+RSRS 择时
b6bcb28f7620,2022年度精选策略,81.低PB小市值低换手策略总结.txt,fundamental_gate,基本面/财务数据选股门（窗口内数据缺失）
940a2e1375c5,2022年度精选策略,83.开盘幅度决定日内方向.txt,intraday_signal,开盘幅度日内方向（日内信号）
540dec7b2fe4,2022年度精选策略,87.北上净买入策略.txt,northbound_gap,北上净买入（同上）
81ad04a56473,2022年度精选策略,88.打首板策略，今年收益达到40%，绝无未来函数（必回）.txt,intraday_signal,盘中信号依赖（分钟/竞价/tick 特征命中）
b33eb6099f82,2022年度精选策略,89.年化收益55.7%， 超高胜率 0.799.txt,non_pv_class,非量价类（标题与内容判读不属于本批口径）
a0b7915e9c6d,2022年度精选策略,9.分享几个截止2022年3月仍有效的策略.txt,fundamental_gate,基本面/财务数据选股门（窗口内数据缺失）
38cceabf3946,2022年度精选策略,90.大师策略——柯林·麦克连成长价值优势投资法.txt,fundamental_gate,基本面/财务数据选股门（窗口内数据缺失）
2df3e13a8386,2022年度精选策略,93.因子看板多因子模型---由量化课堂多因子模型修改.txt,non_pv_class,非量价类（标题与内容判读不属于本批口径）
7f65df5590d0,2022年度精选策略,"94.FoF, all in.txt",allocation_class,FoF all in（基金配置）
6d7d49cd16a6,2022年度精选策略,95.首席质量因子-Gross Profitabilit（简化版）.txt,fundamental_gate,基本面/财务数据选股门（窗口内数据缺失）
7b2d53da85ce,2022年度精选策略,96.集合竞价量比策略V1.txt,auction_gap,竞价量比（同上）
70ca674cdf4c,2022年度精选策略,98.【漂亮50】“漂亮50”策略复现以及股息率排序函数.txt,non_pv_class,非量价类（标题与内容判读不属于本批口径）
28a524413d52,2022年度精选策略,99.计算每日全A市场个股创新高比例(改).txt,not_strategy,创新高比例指标研究（无交易）
51f57a8e10a5,2023年度精选策略,0.7年40倍，模拟超过两年，年化高回撤低.txt,fundamental_gate,基本面/财务数据选股门（窗口内数据缺失）
d7cee922d57b,2023年度精选策略,1.龙头底分型战法-两年23倍.txt,intraday_signal,盘中信号依赖（分钟/竞价/tick 特征命中）
e1d490e338ef,2023年度精选策略,10.一个简单而持续稳定的懒人超额收益策略.txt,index_weight_gap,需要指数权重历史（index_weight 仅 2026-09-03 快照）
0dead42c418a,2023年度精选策略,13.胜率65%之缩量分歧反包战法.txt,intraday_signal,盘中信号依赖（分钟/竞价/tick 特征命中）
ffb25e65491f,2023年度精选策略,14.2020年 267%年化 13%回撤 上涨趋势策略修改版.txt,non_pv_class,非量价类（标题与内容判读不属于本批口径）
fe5ea132704b,2023年度精选策略,15.动量ETF轮动RSRS择时-升级.txt,fundamental_gate,基本面/财务数据选股门（窗口内数据缺失）
0b108593130a,2023年度精选策略,18.【复现】FFScore财务模型.txt,non_pv_class,非量价类（标题与内容判读不属于本批口径）
ecd0d1bac378,2023年度精选策略,19.人人可躺平16年3400%.txt,lof_data_gap,标的 162605 LOF 无行情数据
9f2d1977e464,2023年度精选策略,2.多策略融合-80倍-无未来函数.txt,non_pv_class,非量价类（标题与内容判读不属于本批口径）
0dc9b17c4882,2023年度精选策略,23.低AH溢价选股.txt,non_pv_class,非量价类（标题与内容判读不属于本批口径）
347a7638d04b,2023年度精选策略,24.ROE+PB模型的优化.txt,fundamental_gate,基本面/财务数据选股门（窗口内数据缺失）
db0b7d43d56c,2023年度精选策略,25.这个可入得了你们法眼.txt,fundamental_gate,基本面/财务数据选股门（窗口内数据缺失）
3f57e29567cf,2023年度精选策略,27.从相关系数角度探讨etf轮动的可行性.txt,fundamental_gate,基本面/财务数据选股门（窗口内数据缺失）
0f4b2f6ddd35,2023年度精选策略,28.F_Score 选股，年化80%+.txt,non_pv_class,非量价类（标题与内容判读不属于本批口径）
8bcc925a2091,2023年度精选策略,29.价值成长轮动策略.txt,fundamental_gate,基本面/财务数据选股门（窗口内数据缺失）
0f9146dcb9e0,2023年度精选策略,32.最适合上班族的策略-神奇公式策略.txt,non_pv_class,非量价类（标题与内容判读不属于本批口径）
46df19434d0e,2023年度精选策略,35.最简强者恒强策略.txt,fundamental_gate,基本面/财务数据选股门（窗口内数据缺失）
b1fb7e2246dd,2023年度精选策略,36.PEG+EBIT对小市值因子的优化.txt,fundamental_gate,基本面/财务数据选股门（窗口内数据缺失）
6627072a69c2,2023年度精选策略,37.ETF动量轮动RSRS择时-魔改4-低通滤波.txt,fundamental_gate,基本面/财务数据选股门（窗口内数据缺失）
4b5b58bda6af,2023年度精选策略,4.8年10倍，回撤小，有滑点！ETF动量简单轮动策略！.txt,fundamental_gate,基本面/财务数据选股门（窗口内数据缺失）
fdee3cd21d8d,2023年度精选策略,40.再改进可实盘-默默赚钱系列-风险控制-增强版本-V5.0.txt,fundamental_gate,基本面/财务数据选股门（窗口内数据缺失）
8ac101b74625,2023年度精选策略,41.大盘拥挤率极速版-180天3秒.txt,not_strategy,拥挤率指标研究（无交易，阈值仅注释）
85cd5a3fc01e,2023年度精选策略,42.二板排板战法研究.txt,intraday_signal,盘中信号依赖（分钟/竞价/tick 特征命中）
ccc2482d6ca3,2023年度精选策略,44.海龟突破系统，19-21年化150，无未来函数和过拟合.txt,intraday_signal,盘中信号依赖（分钟/竞价/tick 特征命中）
74ee6c30d49f,2023年度精选策略,48.【漂亮50 2.0止损版本】为了降低回撤，加入择时止损模块.txt,non_pv_class,非量价类（标题与内容判读不属于本批口径）
76b7330a57c0,2023年度精选策略,49.【7日趋势】交易策略.txt,non_pv_class,非量价类（标题与内容判读不属于本批口径）
2a60c3824cd6,2023年度精选策略,5.87.5%胜率之分歧反包二板.txt,intraday_signal,盘中信号依赖（分钟/竞价/tick 特征命中）
811eb1437ee7,2023年度精选策略,52.筹码选股.txt,shareholder_data_unverified,股东户数/十大流通股东窗口覆盖未验证
2dbd8b7260b7,2023年度精选策略,54.ETF轮动策略-入门1.0.txt,fundamental_gate,基本面/财务数据选股门（窗口内数据缺失）
ac48535d3288,2023年度精选策略,57.韶华研究之四-菲阿里四阶在T+1的短线策略应用.txt,intraday_signal,菲阿里四阶盘中执行
7f9882204193,2023年度精选策略,58.北向RSRS与布林带择时.txt,non_pv_class,非量价类（标题与内容判读不属于本批口径）
4d2badcb0ec7,2023年度精选策略,59.可能是最接近实盘的“基本面三角.txt,non_pv_class,非量价类（标题与内容判读不属于本批口径）
a1d91eca3597,2023年度精选策略,60.抄底神器2.0，低回撤，高成功率，无未来函数.txt,intraday_signal,盘中信号依赖（分钟/竞价/tick 特征命中）
48ed4870406a,2023年度精选策略,63.A股最强板块动量趋势（最终版）.txt,not_strategy,板块动量看板（today()一次性快照）
c68ec9bbbbbc,2023年度精选策略,64.韶华研究之七--不可多得的基本面三角.txt,non_pv_class,非量价类（标题与内容判读不属于本批口径）
8d000bf3ccc3,2023年度精选策略,65.PB-POE+双均线--加入jq以来第一个成功的交易策略 一.txt,fundamental_gate,基本面/财务数据选股门（窗口内数据缺失）
57ad7e8d02a4,2023年度精选策略,69.选取向上趋势的股票.txt,not_strategy,研究脚本无交易规则（局部极小值回归选股器）
e94eb22bd903,2023年度精选策略,71.lightGBM.txt,ml_model_dependent,lightGBM 模型预测
a99a3193c736,2023年度精选策略,74.勾股神器2代码40行，年化一百点.txt,non_pv_class,非量价类（标题与内容判读不属于本批口径）
d2da6b2acffe,2023年度精选策略,75.机器学习策略分享.txt,non_pv_class,非量价类（标题与内容判读不属于本批口径）
9e33a43f5abc,2023年度精选策略,76.半年6.5倍--次新股排板一式.txt,intraday_signal,盘中信号依赖（分钟/竞价/tick 特征命中）
d2389c302550,2023年度精选策略,78.EPS+MS因子的大盘蓝筹策略.txt,fundamental_gate,基本面/财务数据选股门（窗口内数据缺失）
eacb974ee5af,2023年度精选策略,79.过滤两个因子，12年15倍的roa选股500指数增强.txt,non_pv_class,非量价类（标题与内容判读不属于本批口径）
a4c5bb1c87bf,2023年度精选策略,81.拥挤率指标-择时大盘顶底-Clone1-第二版.txt,not_strategy,拥挤率指标+绘图（无交易规则）
1991fa2bcdf7,2023年度精选策略,82.势的度量.txt,not_strategy,指标定义库（势的度量，无可交易规则）
4093d68fe770,2023年度精选策略,83.韶华研究之一，布林突破+均线金叉，四年五倍.txt,non_pv_class,非量价类（标题与内容判读不属于本批口径）
a6959f1f9eda,2023年度精选策略,84.对 二板排板战法 的部分优化.txt,intraday_signal,盘中信号依赖（分钟/竞价/tick 特征命中）
012427c761ec,2023年度精选策略,85.最新解密--追涨龙头打板策略-适合近期实盘行情.txt,non_pv_class,非量价类（标题与内容判读不属于本批口径）
bda947c57e42,2023年度精选策略,86.【基本面三角3.0】看过之前策略的就略过吧.txt,non_pv_class,非量价类（标题与内容判读不属于本批口径）
c3c687cc28fc,2023年度精选策略,88.韶华研究之二，顺势而为，年化140.txt,non_pv_class,非量价类（标题与内容判读不属于本批口径）
4eaf1fc3a1f4,2023年度精选策略,89.2019年到现在90多倍的新策略.txt,non_pv_class,非量价类（标题与内容判读不属于本批口径）
0eb202eb8ce4,2023年度精选策略,9.10倍-二板排板战法优化-无未来函数.txt,intraday_signal,盘中信号依赖（分钟/竞价/tick 特征命中）
86cd71959914,2023年度精选策略,90.一个月轮动股票换仓，内日做T，相对高频交易.txt,intraday_signal,日内做T 相对高频
7669a4402221,2023年度精选策略,91.致敬市场--4 解析细节.txt,fundamental_gate,基本面/财务数据选股门（窗口内数据缺失）
fb5702c304e3,2023年度精选策略,93.布林线追龙头战法.txt,fundamental_gate,PE/毛利率选股门
da0599d8de5c,2023年度精选策略,96.市场宽度20210622.txt,not_strategy,市场宽度监控热力图脚本
196fa0366512,2023年度精选策略,97.韶华研究之六，简单不一样的发现趋势，3年6倍.txt,intraday_signal,盘中信号依赖（分钟/竞价/tick 特征命中）
fff51a75cccf,2023年度精选策略,98.欧奈尔CANSLIM策略初探三.txt,fundamental_gate,基本面/财务数据选股门（窗口内数据缺失）
03e4c394c44f,2024年度精选策略1,12.致敬聚宽机器学习多因子50只持仓14年37倍.txt,fundamental_gate,基本面/财务数据选股门（窗口内数据缺失）
77a2c5c2d8c6,2024年度精选策略1,13.5年15倍的收益，年化79.93%，可实盘，拿走不谢！.txt,intraday_signal,盘中信号依赖（分钟/竞价/tick 特征命中）
c1c9b4b53644,2024年度精选策略1,14.四年多翻9倍，年化73%，成长因子评分筛选.txt,fundamental_gate,基本面/财务数据选股门（窗口内数据缺失）
6ba459329476,2024年度精选策略1,16.大市值价值投资，从2005年至今超额稳定.txt,non_pv_class,非量价类（标题与内容判读不属于本批口径）
0736bfd8088f,2024年度精选策略1,18.微盘股研究.txt,fundamental_gate,基本面/财务数据选股门（窗口内数据缺失）
4879b2c6f2bb,2024年度精选策略1,19.高股息低市盈率高增长的价投策略.txt,fundamental_gate,基本面/财务数据选股门（窗口内数据缺失）
2f7aff7c552e,2024年度精选策略1,20.有赚就好-小市值剥头皮改进 2年3.86%回撤.txt,fundamental_gate,基本面/财务数据选股门（窗口内数据缺失）
aefd48b69210,2024年度精选策略1,22.菜场大妈皇城大妈年化108大妈吉祥.txt,intraday_signal,盘中信号依赖（分钟/竞价/tick 特征命中）
beff23128788,2024年度精选策略1,25.低价股优化，18年至今10625.40%，已加防未来函数.txt,non_pv_class,非量价类（标题与内容判读不属于本批口径）
a7255b272cc9,2024年度精选策略1,26.【深度解析 六】高股息率-低PEG-低股价 模型.txt,fundamental_gate,基本面/财务数据选股门（窗口内数据缺失）
06d392f8e2be,2024年度精选策略1,27.根据大小盘相对强弱选择合适的板块股票进行交易.txt,non_pv_class,非量价类（标题与内容判读不属于本批口径）
3808072af6cb,2024年度精选策略1,28.正黄旗大妈选股法，修改版，年化92%.txt,intraday_signal,盘中信号依赖（分钟/竞价/tick 特征命中）
f54ccf586039,2024年度精选策略1,3.【回顾3】ETF策略之核心资产轮动.txt,non_pv_class,非量价类（标题与内容判读不属于本批口径）
d3b90a39e599,2024年度精选策略1,32.非线性市值（非小市值）组合4只.txt,intraday_signal,盘中信号依赖（分钟/竞价/tick 特征命中）
b4ce60361582,2024年度精选策略1,33.年化46.77，alpha191因子选股.txt,non_pv_class,非量价类（标题与内容判读不属于本批口径）
6847854b816b,2024年度精选策略1,34.韶华研究之十八，201系列.txt,intraday_signal,盘中信号依赖（分钟/竞价/tick 特征命中）
bb0b9f37ce93,2024年度精选策略1,"36.【菜场大妈】股息率小市值策略,10年206倍,5年10.8倍.txt",intraday_signal,盘中信号依赖（分钟/竞价/tick 特征命中）
77966f36f5fa,2024年度精选策略1,38.ETF核心资产轮动-添油加醋.txt,non_pv_class,非量价类（标题与内容判读不属于本批口径）
82edb1dd05c7,2024年度精选策略1,4.首板低开策略.txt,intraday_signal,盘中信号依赖（分钟/竞价/tick 特征命中）
f30de34bbf00,2024年度精选策略1,40.14年初到23年7月，年化37，夏普1.25，稳健高收益！.txt,fundamental_gate,基本面/财务数据选股门（窗口内数据缺失）
229e7b9624dd,2024年度精选策略1,41.人工智能强化学习DQN交易智能体（回馈社区公开训练代码）.txt,ml_model_dependent,DQN 强化学习智能体（两份同文）
751983843b3f,2024年度精选策略1,44.分享一个兼顾业绩增长和PEG指标的股票策略.txt,fundamental_gate,基本面/财务数据选股门（窗口内数据缺失）
9acecad1a574,2024年度精选策略1,47.随机森林量价多因子选股 短线交易.txt,non_pv_class,非量价类（标题与内容判读不属于本批口径）
6a8f42d8a7f9,2024年度精选策略1,51.【复现】行业有效量价因子与行业轮动策略.txt,not_strategy,qlib LGBM 流水线（因子表达式与 ETF 清单外置）
94b047e8b4c8,2024年度精选策略1,52.增强型投资组合优化（EPO）方法试用.txt,non_pv_class,非量价类（标题与内容判读不属于本批口径）
b43246cf2802,2024年度精选策略1,53.微盘400每日再平衡.txt,fundamental_gate,基本面/财务数据选股门（窗口内数据缺失）
a9a3c6169e3a,2024年度精选策略1,57.【复现】技术分析算法、框架与实战之二：识别“圆弧底”.txt,fundamental_gate,基本面/财务数据选股门（窗口内数据缺失）
a93fa8772982,2024年度精选策略1,59.基于Gyro^.^大神的小市值策略的因子匹配研究.txt,fundamental_gate,基本面/财务数据选股门（窗口内数据缺失）
0fb7bbbeb613,2024年度精选策略1,61.聚类算法分析股票，看看今年大体能分出哪几类.txt,not_strategy,聚类分析研究（非交易策略）
63a5ac6abffb,2024年度精选策略1,65.低开买入小市值策略（剥头皮策略）3.0 总结.txt,intraday_signal,盘中信号依赖（分钟/竞价/tick 特征命中）
df515ff6bd7a,2024年度精选策略1,66.SVR机器学习上证综指择时中小板财务选股策略.txt,fundamental_gate,基本面/财务数据选股门（窗口内数据缺失）
149eb03cd019,2024年度精选策略1,68.业绩预告小工具--已更新.txt,not_strategy,业绩预告小工具
ffaefd52a9e2,2024年度精选策略1,72.桥水 全天候策略 增加一致性度量ES 风险控制.txt,allocation_class,桥水全天候 ES 版
7e3f887a4aec,2024年度精选策略1,73.稳健趋势策略，回测小，无未来函数.txt,fundamental_gate,基本面/财务数据选股门（窗口内数据缺失）
448e7998ea83,2024年度精选策略1,75.【复现】个股动量效应的识别及球队硬币因子.txt,not_strategy,qlib 因子研究（FactorZoo+LGBM，规则在包外）
97beac35769e,2024年度精选策略1,77.【复现】筹码分布因子.txt,not_strategy,qlib 因子研究 notebook（Transformer 工作流）
3aa66126d1c3,2024年度精选策略1,81.方正证券-多因子选股系列研究之四：“球队硬币”.txt,not_strategy,因子构建研究（回测规则在文件外 back_trade）
06fcf819592a,2024年度精选策略1,82.实盘模拟的小盘股策略，低频，带基本面优化以及个股风控.txt,fundamental_gate,基本面/财务数据选股门（窗口内数据缺失）
2ed382e707c4,2024年度精选策略1,83.回测“一创模拟盘2号”，最终优化，年化39%.txt,non_pv_class,非量价类（标题与内容判读不属于本批口径）
dec80b5468f7,2024年度精选策略1,86.根据连续亏损预判st股票.txt,fundamental_gate,基本面/财务数据选股门（窗口内数据缺失）
fb93ded06126,2024年度精选策略1,87.山寨红利.txt,fundamental_gate,基本面/财务数据选股门（窗口内数据缺失）
689610c90abc,2024年度精选策略1,88.韶华研究之十六，指数增强.txt,non_pv_class,非量价类（标题与内容判读不属于本批口径）
65ae80c577c9,2024年度精选策略1,9.持仓95只大容量小市值，媲美金元顺安元启.txt,fundamental_gate,基本面/财务数据选股门（窗口内数据缺失）
df84b6426b63,2024年度精选策略1,91.【复现】多任务时序动量策略.txt,non_pv_class,非量价类（标题与内容判读不属于本批口径）
b2224e5e6253,2024年度精选策略1,93.【复现】国信投资者情绪指数择时模型.txt,sentiment_data_gap,国信投资者情绪指数（无数据源）
db0d9abb0098,2024年度精选策略1,96.大盘预测器v1.1--引入世界数据.txt,fundamental_gate,基本面/财务数据选股门（窗口内数据缺失）
642953dd5043,2024年度精选策略1,97.大周期顶底判断：FED指标+格雷厄姆指数一次搞定.txt,valuation_index_class,FED/格雷厄姆指数估值类（非量价，数据健康另批）
94c0388b663b,2025年度精选策略,"0.回测提速十倍,过滤ST,退市,停牌,新股优化方法.txt",not_strategy,回测提速技巧贴（非策略）
e306e41d6e8e,2025年度精选策略,1.龙回头3.0回测速度优化版.txt,fundamental_gate,基本面/财务数据选股门（窗口内数据缺失）
d8742715dfe8,2025年度精选策略,10.多因子选股.txt,fundamental_gate,基本面/财务数据选股门（窗口内数据缺失）
3167ac34f3d9,2025年度精选策略,11.多因子选股策略——基于传统分析.txt,fundamental_gate,基本面/财务数据选股门（窗口内数据缺失）
91729e68d9d1,2025年度精选策略,12.机器学习用于量化分析.txt,fundamental_gate,基本面/财务数据选股门（窗口内数据缺失）
21af8c66c15e,2025年度精选策略,15.小市值策略之再优化，年化接近翻倍.txt,fundamental_gate,基本面/财务数据选股门（窗口内数据缺失）
6b1c20421094,2025年度精选策略,16.缠论工具（笔， 线段）.txt,not_strategy,缠论工具（笔/线段计算工具，非策略）
71e1ebc9a51d,2025年度精选策略,2.板块轮动打分与热度追踪.txt,non_pv_class,非量价类（标题与内容判读不属于本批口径）
3f9a184572f0,2025年度精选策略,20.冲天炮最高板策略，收益惊呆了我.txt,fundamental_gate,基本面/财务数据选股门（窗口内数据缺失）
e370e705b8c0,2025年度精选策略,22.“开弓”ETF轮动模型——改.txt,intraday_signal,盘中信号依赖（分钟/竞价/tick 特征命中）
66467a8911b0,2025年度精选策略,23.玩趋势交易的看进来~~~~2.txt,fundamental_gate,基本面/财务数据选股门（窗口内数据缺失）
6d26bdf30c7d,2025年度精选策略,24.现在便宜的300就是最好的，收益惊人！【结束了】.txt,valuation_index_class,沪深300 指数 PE 择时（估值类另批）
4b04ec0f927c,2025年度精选策略,26.稳定高回报周期股策略2.txt,fundamental_gate,基本面/财务数据选股门（窗口内数据缺失）
c4c615899fc0,2025年度精选策略,27.基于RSRS的趋势交易与网格交易相结合的尝试.txt,non_pv_class,非量价类（标题与内容判读不属于本批口径）
e22bdc938743,2025年度精选策略,28.XGBoost模型多因子策略分享.txt,fundamental_gate,基本面/财务数据选股门（窗口内数据缺失）
b1ececf84589,2025年度精选策略,29.北上资金（北向资金港资外资）因子分析与策略分享.txt,northbound_gap,北上因子分析（同上）
7e3eaa36c125,2025年度精选策略,30.ETF宽基轮动修改版-1.0.txt,non_pv_class,非量价类（标题与内容判读不属于本批口径）
68cc0a6b40ba,2025年度精选策略,35.精选价值策略.txt,fundamental_gate,基本面/财务数据选股门（窗口内数据缺失）
9556d20527b8,2025年度精选策略,38.python搭建简单交易系统.txt,not_strategy,python 交易系统搭建教程贴
43ddbd763d2c,2025年度精选策略,39.因子分析系列文章（八）：多因子策略（多元线性回归）.txt,non_pv_class,非量价类（标题与内容判读不属于本批口径）
6506cf2176ed,2025年度精选策略,4.红利搬砖，年化29%.txt,fundamental_gate,基本面/财务数据选股门（窗口内数据缺失）
b0d5654d035b,2025年度精选策略,40.基于遗传算法挖掘因子2.txt,ml_model_dependent,遗传算法挖因子
036626547c49,2025年度精选策略,41.均线黏合，突破前三十个交易日最高点选股法.txt,fundamental_gate,基本面/财务数据选股门（窗口内数据缺失）
2dc9c6cba96b,2025年度精选策略,42.市值，研发支出，roe，三因子，跑赢大盘.txt,fundamental_gate,基本面/财务数据选股门（窗口内数据缺失）
1b8cbc6f18a1,2025年度精选策略,44.借助JqData搭建简易回测框架.txt,not_strategy,JqData 回测框架演示（非策略）
3e7006ec554a,2025年度精选策略,45.市场宽度.txt,fundamental_gate,基本面/财务数据选股门（窗口内数据缺失）
c6589844cb23,2025年度精选策略,46.大盘股也能穿越牛熊市.txt,non_pv_class,非量价类（标题与内容判读不属于本批口径）
5301c5d9d7c8,2025年度精选策略,47.高收益低回撤的小市值策略.txt,fundamental_gate,基本面/财务数据选股门（窗口内数据缺失）
e1279cd9c755,2025年度精选策略,49.根据北上资金买股票的最佳持股时间探讨.txt,northbound_gap,北上资金持股时间（同上）
0750a740fca8,2025年度精选策略,51.北上资金持股比选股策略（北向、港资、外资）.txt,northbound_gap,北上持股比选股（同上）
a5acf6b6f28e,2025年度精选策略,52.根据北上资金买A股策略Python3版（北向、港资、外资）.txt,northbound_gap,北上资金 Python3 版（同上）
ab4dc295d8eb,2025年度精选策略,54.价值投资策略-大盘择时.txt,non_pv_class,非量价类（标题与内容判读不属于本批口径）
40ca0da1a3ca,2025年度精选策略,55.价值投资改进版-6年9.5倍.txt,fundamental_gate,基本面/财务数据选股门（窗口内数据缺失）
f7110c2d538e,2025年度精选策略,56.大盘一路向上时，追总龙头2个月3倍.txt,non_pv_class,非量价类（标题与内容判读不属于本批口径）
318b4a40bb71,2025年度精选策略,60.【分享】对RSRS模型的一次修改.txt,non_pv_class,非量价类（标题与内容判读不属于本批口径）
1fa1efd31980,2025年度精选策略,63.【复现】华泰证券-波动率和换手率构建牛熊指标.txt,index_turnover_gap,需要指数自由流通换手率（无数据源）
681d8e701287,2025年度精选策略,65.【分享】多因子指数增强.txt,non_pv_class,非量价类（标题与内容判读不属于本批口径）
033ee9888cc8,2025年度精选策略,67.RSRS择时改进-【成交量加权-钝化-右偏】.txt,intraday_signal,盘中信号依赖（分钟/竞价/tick 特征命中）
2c663cd7a833,2025年度精选策略,69.（12.3更新v1.2）朱虽自用1号（神虽顶底+趋势）.txt,non_pv_class,非量价类（标题与内容判读不属于本批口径）
edcd45b9037f,2025年度精选策略,70.超稳的股息率+均线选股策略.txt,fundamental_gate,股息率选股（股息历史缺）
0eb3d7e60e11,2025年度精选策略,75.最近2年年化100%以上回撤12%的打板策略-验证策略.txt,intraday_signal,盘中信号依赖（分钟/竞价/tick 特征命中）
7e595a06232e,2025年度精选策略,76.日内交易策略R-breaker - 300346.XSHE.txt,intraday_signal,R-breaker 日内策略
827629ac0844,2025年度精选策略,"77.超强单因子策略（EBIT,EV）.txt",fundamental_gate,基本面/财务数据选股门（窗口内数据缺失）
d260911fe117,2025年度精选策略,78.机器学习模型大比拼!.txt,fundamental_gate,基本面/财务数据选股门（窗口内数据缺失）
198f85e67fd4,2025年度精选策略,79.【多因子选股模型框架】(单因子各项指标评分细则).txt,fundamental_gate,基本面/财务数据选股门（窗口内数据缺失）
b3e97345d81f,2025年度精选策略,86.北上詹姆斯.txt,northbound_gap,北上詹姆斯（同上）
0319395c57a7,2025年度精选策略,87.穿越牛熊基业长青的价值精选策略（小资本也有大作为）.txt,non_pv_class,非量价类（标题与内容判读不属于本批口径）
ee019b488734,2025年度精选策略,88.基于动量因子的ETF轮动加上RSRS择时.txt,fundamental_gate,基本面/财务数据选股门（窗口内数据缺失）
d55ab0429a95,2025年度精选策略,89.2020年效果很好的策略-龙回头策略v3.0.txt,fundamental_gate,基本面/财务数据选股门（窗口内数据缺失）
9acbce53af9d,2025年度精选策略,94.小资金短线策略.txt,non_pv_class,非量价类（标题与内容判读不属于本批口径）
9e2199cab013,2025年度精选策略,95.冲天炮最高板策略迭代.txt,fundamental_gate,基本面/财务数据选股门（窗口内数据缺失）
5a7be519c393,2025年度精选策略,96.分享一个简单的选股器.txt,fundamental_gate,基本面/财务数据选股门（窗口内数据缺失）
bf135dc59964,2025年度精选策略,97.稳定高回报周期股策略2-RSRS择时.txt,fundamental_gate,周期股行业基本面选择+RSRS 择时
d744cb80a272,聚宽2026年精选,11低风险中等收益策略.txt,fundamental_gate,基本面/财务数据选股门（窗口内数据缺失）
9f77f74037cf,聚宽2026年精选,13首板高开-低开-弱转强混合策略（今年收益1138.61）.txt,intraday_signal,盘中信号依赖（分钟/竞价/tick 特征命中）
68830da62ec0,聚宽2026年精选,14安全摸狗策略.txt,non_pv_class,非量价类（标题与内容判读不属于本批口径）
b678c9f6ea2d,聚宽2026年精选,16集合竞价三合一，今年收益1067.txt,auction_gap,集合竞价数据 2026-08 起
1e09e5c60724,聚宽2026年精选,18国庆节献礼：实例说明白马股攻防转换策略.txt,non_pv_class,非量价类（标题与内容判读不属于本批口径）
8f58150397ff,聚宽2026年精选,20小盘股动态调仓，100只10年17倍.py,non_pv_class,非量价类（标题与内容判读不属于本批口径）
c307203ae61d,聚宽2026年精选,21【原创】年化123涨停弱转强竞价战法.txt,intraday_signal,盘中信号依赖（分钟/竞价/tick 特征命中）
89eed12c091f,聚宽2026年精选,22带上止损的核心资产轮动才更安心，低回撤，高收益率.txt,non_pv_class,非量价类（标题与内容判读不属于本批口径）
9884c6267887,聚宽2026年精选,26波动率过滤后相关性最小etf轮动.txt,non_pv_class,非量价类（标题与内容判读不属于本批口径）
8664521af1a0,聚宽2026年精选,31蛇皮走位小市值策略V1.0.txt,fundamental_gate,基本面/财务数据选股门（窗口内数据缺失）
eba2edd01f90,聚宽2026年精选,32EPO优化低相关etf组合.txt,non_pv_class,非量价类（标题与内容判读不属于本批口径）
2f49b9fe9be2,聚宽2026年精选,38ETF策略之核心资产轮动（线性增加权重）.txt,non_pv_class,非量价类（标题与内容判读不属于本批口径）
25028ae0c266,聚宽2026年精选,40高股息策略.txt,fundamental_gate,基本面/财务数据选股门（窗口内数据缺失）
6cc860998605,聚宽2026年精选,48投资回报率ROIC中等市值.txt,fundamental_gate,基本面/财务数据选股门（窗口内数据缺失）
7cadcc18e5f3,聚宽2026年精选,49干货贴《机器学习5折保形回归》 .py,non_pv_class,非量价类（标题与内容判读不属于本批口径）
dc5b80aa3614,聚宽2026年精选,"53TSmall-100, 微盘三正.txt",fundamental_gate,基本面/财务数据选股门（窗口内数据缺失）
c44c5a4686bd,聚宽2026年精选,54发一个学习策略5年70倍，思路可以学习.txt,intraday_signal,盘中信号依赖（分钟/竞价/tick 特征命中）
6b1a6932df29,聚宽2026年精选,56基于趋势、拥挤、景气的行业轮动，及行业强势个股的选择.txt,non_pv_class,非量价类（标题与内容判读不属于本批口径）
a1cf9ba1d518,聚宽2026年精选,59追板策略，今年收益已翻倍，低操作低回撤高收益可实盘.txt,intraday_signal,盘中信号依赖（分钟/竞价/tick 特征命中）
7738b63d2265,聚宽2026年精选,61BiLSTM for ETF.txt,fundamental_gate,基本面/财务数据选股门（窗口内数据缺失）
c53ee1c11465,聚宽2026年精选,69“稳定摸狗策略”学习笔记.txt,non_pv_class,非量价类（标题与内容判读不属于本批口径）
96ae41f63890,聚宽2026年精选,70动态保形回归小市值策略改进.txt,fundamental_gate,基本面/财务数据选股门（窗口内数据缺失）
abba4c74e1d2,聚宽2026年精选,72量化进阶学习笔记——打板策略.txt,intraday_signal,盘中信号依赖（分钟/竞价/tick 特征命中）
522260e8f6f3,聚宽2026年精选,74趋势筛选后相关性最小etf轮动.txt,non_pv_class,非量价类（标题与内容判读不属于本批口径）
a016c519e8bd,聚宽2026年精选,75大市值价值投资优化一波.txt,non_pv_class,非量价类（标题与内容判读不属于本批口径）
0a27a97328e5,聚宽2026年精选,76小市值止损策略【年化104.11】.txt,intraday_signal,盘中信号依赖（分钟/竞价/tick 特征命中）
7e5e5447be91,聚宽2026年精选,77研报三因子II-新规高分红小市值-年化60回撤19.txt,intraday_signal,盘中信号依赖（分钟/竞价/tick 特征命中）
2b5e98bfca7a,聚宽2026年精选,78首板低开策略-终极版 最大回撤15%，年化50%.txt,intraday_signal,盘中信号依赖（分钟/竞价/tick 特征命中）
2e8446ba42a7,聚宽2026年精选,7追首板涨停 过去两年年化304%.txt,intraday_signal,盘中信号依赖（分钟/竞价/tick 特征命中）
31f24872428a,聚宽2026年精选,80基本面01加RSI择时.txt,fundamental_gate,基本面/财务数据选股门（窗口内数据缺失）
8cda1f8e6d40,聚宽2026年精选,82回报社区——基于Gyro老师策略的思考.txt,fundamental_gate,基本面/财务数据选股门（窗口内数据缺失）
1b89488edf09,聚宽2026年精选,84正黄旗大妈选股改进-加入涨停卖出后的买入，提高资金利用率.txt,intraday_signal,盘中信号依赖（分钟/竞价/tick 特征命中）
661340dce4ad,聚宽2026年精选,90固收+.txt,allocation_class,固收+（资产配置）
ad0c7d785960,聚宽2026年精选,91ETF-T0动量策略，年化 18%，回撤3.31%.txt,non_pv_class,非量价类（标题与内容判读不属于本批口径）
f749462acbe1,聚宽2026年精选,94别人“拿的住”的股票最赚钱.txt,non_pv_class,非量价类（标题与内容判读不属于本批口径）
7b3446932321,聚宽2026年精选,95学习贴《一个完整的-深度学习-神经网络pipeline》.txt,non_pv_class,非量价类（标题与内容判读不属于本批口径）
c946d7e91e89,聚宽2026年精选,96首版+2版龙虎榜挖掘V2.0，年化1400.txt,dragon_gap,龙虎榜数据 2026-08 起（窗口空）
73bb4748db36,聚宽2026年精选,97趋势筛选后相关性最小etf轮动-加速10倍版.txt,non_pv_class,非量价类（标题与内容判读不属于本批口径）
8ed99cbfbaf4,聚宽2026年精选,99韶华研究之二十，竞价异动.txt,auction_gap,竞价异动（同上）
