seq,year,orig_name,md5_12,screen
1,2020年度精选策略,01 AdaptiveMA自适应均线 过滤器 期货多品种模型 收益稳定增长.txt,a995b964d607,excluded:futures
2,2020年度精选策略,02 我好像破解了聚宽擂台排第一的策略？！.txt,06d4cf3d7dcc,candidate
3,2020年度精选策略,03 机器学习多因子策略.txt,7d9acec488d4,candidate
4,2020年度精选策略,04 趋势交易能赚钱吗？商品期货动量效应挖掘初探.txt,1bcbbf3ef9bc,excluded:futures
5,2020年度精选策略,05 兄台且慢，去天台排队不如看看这个策略先.txt,eaddc3f9db4e,candidate
6,2020年度精选策略,06 为什么股票市值是当前的样子？.txt,29727236e229,candidate
7,2020年度精选策略,07 穿越牛熊基业长青的价值精选策略.txt,311220235636,candidate
8,2020年度精选策略,08 MACD单因子多头策略.txt,99873fd0bc17,candidate
9,2020年度精选策略,09 商品期货 多品种日频双均线模型 作为给入门者的小礼物.txt,e15f0de31183,excluded:futures
10,2020年度精选策略,10 追三板策略.txt,1b2d37a2a7d9,candidate
11,2020年度精选策略,11 酒股地中短线策略.txt,7fb6fa56df89,candidate
12,2020年度精选策略,12 【均值回归】基于zscore的均值回归策略（胜率100%）.txt,097532e34002,candidate
13,2020年度精选策略,13 招行_海天配对策略-改进版.txt,243b948b3709,excluded:pairs_hedge
14,2020年度精选策略,14 抗击熊市的中短期低市值策略.txt,376825191613,candidate
15,2020年度精选策略,15 基于多期限的选股策略（一）.txt,93aa8f5a2bdd,candidate
16,2020年度精选策略,16 投资学作业.txt,d46105bf6b37,candidate
17,2020年度精选策略,17 商品期货截面动量模型，真的靠谱吗？.txt,af8dfcb8fd1f,excluded:futures
18,2020年度精选策略,18 均值回归策略分享.txt,9c0424f53fe4,candidate
19,2020年度精选策略,19 招行_海天配对策略（学习招行伊利配对）.txt,842ff6e41276,excluded:pairs_hedge
20,2020年度精选策略,20 分钟K线数据重构 ATR自适应通道 请高手来迭代.txt,40db376aee73,excluded:futures
21,2020年度精选策略,21 果核量化出品 -- BIAS_QL乖离率策略指数择时1.0.txt,c72318f2da1c,candidate
22,2020年度精选策略,22 海龟交易法则升级版---（分钟级回测+合约变更移仓）.txt,5c9ed6c2e5a8,excluded:futures
23,2020年度精选策略,23 Principle by Jim Slater 祖鲁法则在A股的实现与改进.txt,c961432c92a6,candidate
24,2020年度精选策略,24 自选策略1.txt,f1d915a56856,candidate
25,2020年度精选策略,25 简单市值轮动策略-学习.txt,f3258b0eceac,candidate
26,2020年度精选策略,26 向导式-1.txt,5e3284032a17,candidate
27,2020年度精选策略,27 RSRS指标择时（30分钟线）.txt,ae23e0cceb75,excluded:intraday
28,2020年度精选策略,28 收益策略.txt,4bd0d8556d39,candidate
29,2020年度精选策略,29 KD指标量化交易策略.txt,e2e7f033d97c,candidate
30,2020年度精选策略,30 基于LSTM模型预测股票价格走势.txt,ca0ee6db6dff,candidate
31,2020年度精选策略,31 低PB价值投资策略分享.txt,b9aeb0200c8d,excluded:futures
32,2020年度精选策略,32 测试策略1.txt,22d7be168fb9,candidate
33,2020年度精选策略,33 买入每个行业市值最大的股票.txt,e27c2ad6a1d9,candidate
34,2020年度精选策略,34 成长策略.txt,aca79475ff10,candidate
35,2020年度精选策略,35 投资学作业——简单多因子选股策略.txt,0875366f605b,candidate
36,2020年度精选策略,36 投资学作业——简单多因子选股策略改进.txt,69c6514f4f6c,candidate
37,2020年度精选策略,37 个股止损.txt,6a58fdc80835,candidate
38,2020年度精选策略,38 一个简单的跟踪聪明钱策略.txt,aabe5d623fcc,candidate
39,2020年度精选策略,39 因子分析——利用JoinQuant因子分析模块选取因子并封装为策略.txt,ae32579896ed,candidate
40,2020年度精选策略,40 kdj指标配合accer过滤.txt,ea66a380bf24,candidate
41,2020年度精选策略,41 多因子模型（三）-交易回测.txt,cad1c93b5811,candidate
42,2020年度精选策略,42 低估值+TRIX+RSI 低回撤策略.txt,b1ab2a40225a,candidate
43,2020年度精选策略,43 无模型评估的多因子模型.txt,b13cef3dba2d,candidate
44,2020年度精选策略,44 新手初来，写了一个价值投资策略.txt,3238a5ce80c8,candidate
45,2020年度精选策略,45 布林带策略.txt,c30a620e114d,candidate
46,2020年度精选策略,46 Get API 新技能，研究中写策略并回测.txt,053ef7a9432a,candidate
47,2020年度精选策略,47 次新小盘策略.txt,8cb17c4ff966,candidate
48,2020年度精选策略,48 再测一支.txt,d1e828937339,candidate
49,2020年度精选策略,49 海龟克隆优化.txt,17a2ad69ecc1,excluded:futures
50,2020年度精选策略,50 简单配对交易.txt,3736ef346fbb,excluded:pairs_hedge
51,2020年度精选策略,51 HS300--随机森林拐点识别.txt,acdf925b742c,candidate
52,2020年度精选策略,52 布林带1.txt,c21459b71a42,candidate
53,2020年度精选策略,53 小市值策略.txt,74a017fcff13,candidate
54,2020年度精选策略,54 中长线买入卖出点选择.txt,8e908e8202ef,candidate
55,2020年度精选策略,55 中小板-中证500配对交易.txt,a58b7f5d809c,excluded:pairs_hedge
56,2020年度精选策略,56 爱神的箭放声大哭.txt,6d5282552594,candidate
57,2020年度精选策略,57 黄泽森策略.txt,32434712c440,candidate
58,2020年度精选策略,58 MACD金叉买入，死叉卖出.txt,2e39d6ab7776,candidate
59,2020年度精选策略,59 小市值轮动，修改了内容，剔除了停牌股，同时PE要求为正的股票。.txt,3b3a30899448,excluded:demo
60,2020年度精选策略,60 投资期末作业.txt,699aa1e11647,candidate
61,2020年度精选策略,61 向导式策略生成器生成的成长股精选策略.txt,a5ac9cc45ab3,candidate
62,2020年度精选策略,62 选股策略.txt,5dcda1c756db,candidate
63,2020年度精选策略,63 向导式.txt,4da841c734ae,candidate
64,2020年度精选策略,64 12年年化34%，Sharpe1.2，银行股轮动.txt,73002e0a22c6,candidate
65,2020年度精选策略,65 8只基金按PE调仓.txt,31aa67b46e28,excluded:futures
66,2020年度精选策略,66 高于MA10买入低于MA20卖出回测半年收益率20.4%.txt,c7a8ddbab748,candidate
67,2020年度精选策略,67 多因子回测完整模板（筛选和买卖条件强于‘策略生成器’）.txt,6cc23b6ee353,candidate
68,2020年度精选策略,68 板块轮动不动？.txt,806b3463b451,candidate
69,2020年度精选策略,69 阻力支撑相对强度（RSRS）指标择时策略.txt,12286499cb19,candidate
70,2020年度精选策略,70 蓝筹&均线.txt,9ce75aa27ce5,candidate
71,2020年度精选策略,71 【投资学】CAPM单因子回归模型+ROE股票池（含止损）.txt,4ee92eeb0c98,candidate
72,2020年度精选策略,72 基金定投-沪深300-5年回测.txt,8383b37b0a32,excluded:fund
73,2020年度精选策略,73 跟着港资（北向资金）买A股.txt,860a82a4299d,candidate
74,2020年度精选策略,74 基于沪深300的增强.txt,ca11a1a28636,candidate
75,2020年度精选策略,75 财务因子策略.txt,e2826b29007e,candidate
76,2020年度精选策略,76 MACD——大盘择时.txt,f284270f0ef0,candidate
77,2020年度精选策略,77 RSRS大盘择时优化.txt,d06cab686cef,candidate
78,2020年度精选策略,78 GFTD第二版.txt,b37f550ba2af,candidate
79,2020年度精选策略,79 DMI——大盘择时.txt,7f7e5f935dfc,candidate
80,2020年度精选策略,"80 向导式 价值分析(一),成功避开股灾,大盘震荡跌时小涨.txt",846f0295fa77,candidate
81,2020年度精选策略,81 申万行业轮动策略.txt,59605f4683a5,candidate
82,2020年度精选策略,82 次新+小市值+KAMA择时 轮动.txt,4daad21e0928,candidate
83,2020年度精选策略,83 沪深300ETF-1060双均线.txt,ea8b60272c03,candidate
84,2020年度精选策略,84 投资策略说明.txt,2810197d9e60,candidate
85,2020年度精选策略,85 【第一次玩】我就是要买便宜股系列.txt,e8017cc1adc5,candidate
86,2020年度精选策略,86 5日线穿十日线策略（供初学）.txt,e40a0a1bcda8,candidate
87,2020年度精选策略,87 选股策略说明——张燕兰 16318320.txt,7f75e2081235,candidate
88,2020年度精选策略,88 一位小白编辑的多因子选股策略.txt,ff5f6c3813ed,candidate
89,2020年度精选策略,89 test1：简单的多均线择时.txt,2e4d39a3f50b,candidate
90,2020年度精选策略,90 MA均线金叉买入，死叉卖出.txt,b1ab42050d68,candidate
91,2020年度精选策略,91 Stoch（KDJ）——大盘择时.txt,6485e4cd0844,candidate
92,2020年度精选策略,92 多因子选股策略.txt,69fe6ca04e2a,candidate
93,2020年度精选策略,93 RSRS——大盘择时.txt,5efe26d1992e,candidate
94,2020年度精选策略,94 PE和PB策略.txt,bd42540f86e4,candidate
95,2020年度精选策略,95 资金流策略.txt,a3f1f85b037f,candidate
96,2020年度精选策略,96 沪港两地上市的银行股翻倍策略报告.txt,94402fbc86f0,candidate
97,2020年度精选策略,97 银行翻倍策略.txt,474a5f390f94,candidate
98,2020年度精选策略,98 机器学习SVM用法示例策略.txt,2b52d7fd293f,excluded:demo
99,2020年度精选策略,99 一个中信证券的向导策略.txt,60a9a654f19e,candidate
100,2022年度精选策略,1.一颗耀眼的星—【回顾2】小市值成长股策略更新—改.txt,9bb1e9bad66c,candidate
101,2022年度精选策略,10.龙头首阴战法改版二.txt,3f97fbbb5ff6,candidate
102,2022年度精选策略,100.【复现】金股组合增强—分析师推荐概率.txt,17c98231093f,candidate
103,2022年度精选策略,11.缠论交易策略.txt,2c5bfdb51ff6,candidate
104,2022年度精选策略,12.全市场选股？7年5倍不择时，回撤30%左右.txt,8a955a32661d,candidate
105,2022年度精选策略,13.【涨停研究三】连板股票收益统计与回测.txt,31b0fb73d6d4,candidate
106,2022年度精选策略,14.为实盘做的更新：分钟级别和盘中止损.txt,94dd3d1d8f21,candidate
107,2022年度精选策略,15.高股息低杠杆小市值轮动策略.txt,cd6b6020732d,excluded:intraday
108,2022年度精选策略,16.ETF轮动策略升级-多类别-低回撤.txt,1be5138d7c24,excluded:futures
109,2022年度精选策略,17.科技与狠活.txt,3e0a60384921,excluded:intraday
110,2022年度精选策略,18.动量ETF轮动-RSRS择时-卡尔曼滤波.txt,306c53777921,candidate
111,2022年度精选策略,19.【复现】高频价量相关性，意想不到的选股因子.txt,dde77a881279,candidate
112,2022年度精选策略,2.ETF动量轮动RSRS择时-魔改3小优化.txt,22e60ed976fb,candidate
113,2022年度精选策略,20.【复现】因子择时？？？.txt,89537e64ae3a,candidate
114,2022年度精选策略,21.行业ETF轮动+择时，15年至今年化收益35%，回撤16%.txt,daeb32379d40,excluded:fund
115,2022年度精选策略,22.菜场大妈选股法.txt,b929bb8ae99a,candidate
116,2022年度精选策略,23.低价小盘简单有效.txt,2783242840a4,excluded:intraday
117,2022年度精选策略,24.宽基ETF动量轮动钝化RSRS择时-回撤小.txt,768359f2a212,candidate
118,2022年度精选策略,25.年初至今4倍，极致的Day Trading，56.8%胜率.txt,71bb525e7516,excluded:hk_us
119,2022年度精选策略,26.近几年一直有效的股票BOLL择时策略.txt,5f3efbfb8db8,excluded:intraday
120,2022年度精选策略,27.中证500指增+CTA，胜率52%盈亏比1.9。不输顶尖私募.txt,508275793244,excluded:futures
121,2022年度精选策略,28.【回顾2】小市值成长股策略更新FROEC-PB-CAP-HL.txt,4d448014df0a,excluded:intraday
122,2022年度精选策略,28.【回顾2】小市值成长股策略更新SG-MS-PEG-HL.txt,12cdd7e89721,excluded:intraday
123,2022年度精选策略,29.【策略.行业轮动】趋势-拥挤-景气度模型看行业轮动.txt,40c22cfc183a,candidate
124,2022年度精选策略,3.截止到21年12月依然有效的小市值适配因子.txt,3e8bbfecef0c,candidate
125,2022年度精选策略,30.【超跌反弹v1.0】3年2.3倍的超跌反弹小牛股.txt,f8faec93ea59,candidate
126,2022年度精选策略,31.《趋势永存》持续16年跑赢大盘的真正靠谱策略.txt,40cdb4447059,candidate
127,2022年度精选策略,"32.追高概率涨停策略, 2022年化350%.txt",058acd16c70a,candidate
128,2022年度精选策略,33.胜率88.9%之君正集团策略-大阳分歧反包.txt,0708750d8d4f,candidate
129,2022年度精选策略,34.【回撤二波2.0】透过一次过拟合的机器学习摸底策略的收益上限.txt,cfd84756bddc,candidate
130,2022年度精选策略,35.自适应量化终极算法2.0 （全新升级).txt,d6dfa459b98d,candidate
131,2022年度精选策略,36.致敬市场(6) ，指数期货贴水.txt,158f70b0206d,excluded:futures
132,2022年度精选策略,37.三阳三阴战法.txt,c23dcb570d44,candidate
133,2022年度精选策略,38.ETF动量轮动RSRS择时-魔改3-北向资金择时-再优化.txt,13847acade93,candidate
134,2022年度精选策略,39.绩优小市值量化君也-模拟交易年化333.75%.txt,21ec55edd6d8,candidate
135,2022年度精选策略,4.集合竞价摸奖策略1.0-致敬2022.txt,3009e3b9051e,candidate
136,2022年度精选策略,40.RSI学习贴.txt,e54eb6bdbd05,excluded:fund
137,2022年度精选策略,41.手把手教你“机器学习-动态多因子选股”(附保姆级教程).txt,5f2c77db7a5f,excluded:demo
138,2022年度精选策略,42.实盘出现的问题和解决办法.txt,117e9c807654,candidate
139,2022年度精选策略,43.ETF动量因子评估.txt,f5441189a865,excluded:pairs_hedge
140,2022年度精选策略,44.！！！最易上手的网格策略v2.0，设置几个参数就可以直接使用.txt,8afda4699b7f,excluded:fund
141,2022年度精选策略,45.真真正正的诚意之作-2021超十倍.txt,e2d666e30a19,candidate
142,2022年度精选策略,46.韶华研究之十二--还算可以的竞价研究.txt,cbc8f2c5669b,candidate
143,2022年度精选策略,47.别人恐惧我贪婪——重视大盘择时.txt,a653bb97503a,candidate
144,2022年度精选策略,48.一种宏观数据的中长线策略，年化15%，最大回撤9%.txt,e8d351a28aa8,excluded:fund
145,2022年度精选策略,49.修改成一创版本.txt,39dbeced0f7b,candidate
146,2022年度精选策略,5.随机森林策略，低换手率，年化近50%.txt,761ba995d9c1,candidate
147,2022年度精选策略,50.ETF动量轮动RSRS择时-V2.1.txt,446d192d3dca,excluded:intraday
148,2022年度精选策略,51.行业反转效应（年化32%回撤8%).txt,735da80d20f4,candidate
149,2022年度精选策略,52.市场宽度——简洁版.txt,30e32c8cffae,candidate
150,2022年度精选策略,53.超跌网格交易大法V1.2：稳健跑赢大盘-年化13%回撤7%.txt,ebdfa4e25669,candidate
151,2022年度精选策略,54.sales_growth今年最优版.txt,b2bd8aaa693f,candidate
152,2022年度精选策略,55.【复现】技术指标形态识别.txt,a4572d674579,excluded:futures
153,2022年度精选策略,56.一创PEG+EBIT+turnover_volatility.txt,9519cb55d6b7,candidate
154,2022年度精选策略,57.别人恐惧我贪婪3——年化20%的股债组合.txt,e3da6fa71af1,candidate
155,2022年度精选策略,58.ETF动量轮动RSRS与北上择时-股债平衡-盘中止损.txt,34dea750b174,excluded:intraday
156,2022年度精选策略,59.年化62%的动量策略.txt,6a6ec8869ddb,candidate
157,2022年度精选策略,6.PEG+成长+小市值+RSRS择时.txt,79ae77fb3af7,candidate
158,2022年度精选策略,60.ETF动量轮动RSRS择时-v2.txt,9c3e57db4230,excluded:intraday
159,2022年度精选策略,61.简单ETF策略，年化97%.txt,5a049724244c,candidate
160,2022年度精选策略,62.【重构】C-VIX 中国版 VIX 编制手册.txt,26504daaec74,candidate
161,2022年度精选策略,63.生猪期货CTA策略.txt,80bb00999bde,excluded:futures
162,2022年度精选策略,64.ETF轮动策略升级-增加盘中止损.txt,e87eac425c7c,excluded:futures
163,2022年度精选策略,65.神级策略：桥水全天候策略-7年最大回撤仅3.5%.txt,013cb4b74559,candidate
164,2022年度精选策略,66.ETF动量轮动MA乖离择时.txt,8a501274d829,candidate
165,2022年度精选策略,67.三因子策略年化21%简单多因子策略框架.txt,0cfd69a71894,candidate
166,2022年度精选策略,68.胜率78%，6年36倍，今年行情依然50%年化.txt,a21c221a02be,candidate
167,2022年度精选策略,69.场内基金定投价值平均增强策略，年化30%+.txt,658d7ff79757,excluded:fund
168,2022年度精选策略,7.致敬经典作品——小兵哥《一致性风险度量》——极速版.txt,980f868e249b,candidate
169,2022年度精选策略,70.（股票交易模板）小市值-EPS-成长因子选股.txt,f6b9581b7b4f,candidate
170,2022年度精选策略,71.期货日内策略三价均线结合ATR指标.txt,f64731452977,excluded:futures
171,2022年度精选策略,72.随机森林 - 多因子模型.txt,796cdaa672f8,candidate
172,2022年度精选策略,73.实现净利润跳空策略.txt,a3cc3db7586e,candidate
173,2022年度精选策略,74.【动量应用V1】12年120倍，根据研报思路调整.txt,259a5854ef9e,candidate
174,2022年度精选策略,75.ETF轮动策略-入门2.0.txt,1e9952c07f3e,candidate
175,2022年度精选策略,76.ETF-控制回撤性能拉满（国债ETF增强).txt,f367356aa7c2,candidate
176,2022年度精选策略,77.龙头弱转强战法.txt,65c6f9a6f19c,candidate
177,2022年度精选策略,78.ffscore选股加rsrs择时.txt,48bf0497cf33,candidate
178,2022年度精选策略,79.实盘一周50%的妖股探测器.txt,b380e94a75f7,excluded:hk_us
179,2022年度精选策略,8.14个月200%，超短线实盘交易策略！无未来函数.txt,4440d07f973f,candidate
180,2022年度精选策略,80.短线策略-2022年两个半月收益45%-无未来函数.txt,2b351fd05d5f,candidate
181,2022年度精选策略,81.低PB小市值低换手策略总结.txt,b6bcb28f7620,candidate
182,2022年度精选策略,82.可转债知识总结.txt,32ce2f1e048b,excluded:cb
183,2022年度精选策略,83.开盘幅度决定日内方向.txt,940a2e1375c5,candidate
184,2022年度精选策略,84.多大规模的基金收益最好？偏股基金规模研究.txt,a662700cb736,excluded:fund
185,2022年度精选策略,85.价值策略重开，再次向Jqz1226致敬.txt,b07cd4615bb1,excluded:fund
186,2022年度精选策略,86.可转债双低策略.txt,96b46a8b211e,excluded:cb
187,2022年度精选策略,87.北上净买入策略.txt,540dec7b2fe4,candidate
188,2022年度精选策略,88.打首板策略，今年收益达到40%，绝无未来函数（必回）.txt,81ad04a56473,candidate
189,2022年度精选策略,89.年化收益55.7%， 超高胜率 0.799.txt,b33eb6099f82,candidate
190,2022年度精选策略,9.分享几个截止2022年3月仍有效的策略.txt,a0b7915e9c6d,candidate
191,2022年度精选策略,90.大师策略——柯林·麦克连成长价值优势投资法.txt,38cceabf3946,candidate
192,2022年度精选策略,91.【复现】特征分布建模择时.txt,4ceec66f61b5,excluded:fund
193,2022年度精选策略,92.利用myTT库整合通达信公式——以“飞鹰优选”选股公式为例.txt,a7dffec9c1f8,excluded:demo
194,2022年度精选策略,93.因子看板多因子模型---由量化课堂多因子模型修改.txt,2df3e13a8386,candidate
195,2022年度精选策略,"94.FoF, all in.txt",7f65df5590d0,candidate
196,2022年度精选策略,95.首席质量因子-Gross Profitabilit（简化版）.txt,6d7d49cd16a6,candidate
197,2022年度精选策略,96.集合竞价量比策略V1.txt,7b2d53da85ce,candidate
198,2022年度精选策略,97.【涨停研究一】具有哪些因子的股票更容易涨停.txt,e2ada56b9738,excluded:intraday
199,2022年度精选策略,98.【漂亮50】“漂亮50”策略复现以及股息率排序函数.txt,70ca674cdf4c,candidate
200,2022年度精选策略,99.计算每日全A市场个股创新高比例(改).txt,28a524413d52,candidate
201,2023年度精选策略,0.7年40倍，模拟超过两年，年化高回撤低.txt,51f57a8e10a5,candidate
202,2023年度精选策略,1.龙头底分型战法-两年23倍.txt,d7cee922d57b,candidate
203,2023年度精选策略,10.一个简单而持续稳定的懒人超额收益策略.txt,e1d490e338ef,candidate
204,2023年度精选策略,11.致敬市场--5 定投ETF之躺平赢.txt,34ff0a729ba3,excluded:fund
205,2023年度精选策略,12.【不含未来！】宽基etf轮动8年50倍年化60%.txt,4302842f46e1,excluded:fund
206,2023年度精选策略,13.胜率65%之缩量分歧反包战法.txt,0dead42c418a,candidate
207,2023年度精选策略,14.2020年 267%年化 13%回撤 上涨趋势策略修改版.txt,ffb25e65491f,candidate
208,2023年度精选策略,15.动量ETF轮动RSRS择时-升级.txt,fe5ea132704b,candidate
209,2023年度精选策略,16.8年13倍的ETF动量轮动策略，有滑点，无未来函数，回撤小！.txt,fe5ea132704b,candidate
210,2023年度精选策略,17.20行代码8年胜率100%躲过了牛年第一场大跌.txt,29eb91dbaf60,candidate
211,2023年度精选策略,18.【复现】FFScore财务模型.txt,0b108593130a,candidate
212,2023年度精选策略,19.人人可躺平16年3400%.txt,ecd0d1bac378,candidate
213,2023年度精选策略,2.多策略融合-80倍-无未来函数.txt,9f2d1977e464,candidate
214,2023年度精选策略,20.北向资金股票轮动-优质策略可直接实盘.txt,d57a0adaef4f,excluded:fund
215,2023年度精选策略,21.截止到21年12月依然有效的小市值适配因子.txt,3e8bbfecef0c,candidate
216,2023年度精选策略,22.简单到发指的股指策略(2013到现在收益10949%).txt,f6856ed59e5e,excluded:futures
217,2023年度精选策略,23.低AH溢价选股.txt,0dc9b17c4882,candidate
218,2023年度精选策略,24.ROE+PB模型的优化.txt,347a7638d04b,candidate
219,2023年度精选策略,25.这个可入得了你们法眼.txt,db0b7d43d56c,candidate
220,2023年度精选策略,26.追涨大师（超额142）.txt,804d9a0e3453,excluded:pairs_hedge
221,2023年度精选策略,27.从相关系数角度探讨etf轮动的可行性.txt,3f57e29567cf,candidate
222,2023年度精选策略,28.F_Score 选股，年化80%+.txt,0f4b2f6ddd35,candidate
223,2023年度精选策略,29.价值成长轮动策略.txt,8bcc925a2091,candidate
224,2023年度精选策略,3.苦咖啡-默默赚钱系列-改.txt,9c0136ec8f42,candidate
225,2023年度精选策略,30.跟着基金报团！！！174% 回撤 7.33%.txt,a8ee5104356a,excluded:fund
226,2023年度精选策略,31.北向Boll带_ETF组合宝付费策略.txt,c2baee64cbff,excluded:fund
227,2023年度精选策略,32.最适合上班族的策略-神奇公式策略.txt,0f9146dcb9e0,candidate
228,2023年度精选策略,33.趋势交易5.0 无择时-2年5倍不是梦.txt,a4543012b464,candidate
229,2023年度精选策略,34.超稳+翻倍，贝塔值只有0.048的期指策略.txt,9c5d1bacd862,excluded:futures
230,2023年度精选策略,35.最简强者恒强策略.txt,46df19434d0e,candidate
231,2023年度精选策略,36.PEG+EBIT对小市值因子的优化.txt,b1fb7e2246dd,candidate
232,2023年度精选策略,37.ETF动量轮动RSRS择时-魔改4-低通滤波.txt,6627072a69c2,candidate
233,2023年度精选策略,38.随机森林策略，低换手率，年化近50%.txt,761ba995d9c1,candidate
234,2023年度精选策略,39.低风险高收益的期货策略.txt,6ec227c6d688,excluded:futures
235,2023年度精选策略,4.8年10倍，回撤小，有滑点！ETF动量简单轮动策略！.txt,4b5b58bda6af,candidate
236,2023年度精选策略,40.再改进可实盘-默默赚钱系列-风险控制-增强版本-V5.0.txt,fdee3cd21d8d,candidate
237,2023年度精选策略,41.大盘拥挤率极速版-180天3秒.txt,8ac101b74625,candidate
238,2023年度精选策略,42.二板排板战法研究.txt,85cd5a3fc01e,candidate
239,2023年度精选策略,43.集合竞价摸奖策略1.0-致敬2022.txt,3009e3b9051e,candidate
240,2023年度精选策略,44.海龟突破系统，19-21年化150，无未来函数和过拟合.txt,ccc2482d6ca3,candidate
241,2023年度精选策略,45.敢于直接实盘的—八仙过海V2.txt,c27cfbb00226,excluded:fund
242,2023年度精选策略,46.年化46%的北向资金+20日涨幅的创业板策略.txt,cefd3e2cc53d,excluded:fund
243,2023年度精选策略,47.动量ETF轮动-RSRS择时-卡尔曼滤波.txt,306c53777921,candidate
244,2023年度精选策略,48.【漂亮50 2.0止损版本】为了降低回撤，加入择时止损模块.txt,74ee6c30d49f,candidate
245,2023年度精选策略,49.【7日趋势】交易策略.txt,76b7330a57c0,candidate
246,2023年度精选策略,5.87.5%胜率之分歧反包二板.txt,2a60c3824cd6,candidate
247,2023年度精选策略,50.缠论交易策略.txt,2c5bfdb51ff6,candidate
248,2023年度精选策略,51.龙头战法之单阳不破.txt,5ae278a6a8da,excluded:intraday
249,2023年度精选策略,52.筹码选股.txt,811eb1437ee7,candidate
250,2023年度精选策略,53.利用聚宽的数据库，研究基金.txt,f0a6c03b5e68,excluded:fund
251,2023年度精选策略,54.ETF轮动策略-入门1.0.txt,2dbd8b7260b7,candidate
252,2023年度精选策略,55.【分享】券商金股组合增强.txt,b10157e17af4,excluded:hk_us
253,2023年度精选策略,56.韶华研究之五-ETF轮动，躺赚，夏普2.txt,5c9d9bf92316,excluded:fund
254,2023年度精选策略,57.韶华研究之四-菲阿里四阶在T+1的短线策略应用.txt,ac48535d3288,candidate
255,2023年度精选策略,58.北向RSRS与布林带择时.txt,7f9882204193,candidate
256,2023年度精选策略,59.可能是最接近实盘的“基本面三角.txt,4d2badcb0ec7,candidate
257,2023年度精选策略,6.21年度6.为了挣点积分自己实盘的策略分享出来.txt,7e37a4e18835,excluded:fund
258,2023年度精选策略,60.抄底神器2.0，低回撤，高成功率，无未来函数.txt,a1d91eca3597,candidate
259,2023年度精选策略,61.分享一个最近两年非常有效的因子.txt,091fee38cd01,candidate
260,2023年度精选策略,62.3年复合200+%收益+超低回撤11%以内，无惧大跌.txt,2c75edd0f2b0,excluded:fund
261,2023年度精选策略,63.A股最强板块动量趋势（最终版）.txt,48ed4870406a,candidate
262,2023年度精选策略,64.韶华研究之七--不可多得的基本面三角.txt,c68ec9bbbbbc,candidate
263,2023年度精选策略,65.PB-POE+双均线--加入jq以来第一个成功的交易策略 一.txt,8d000bf3ccc3,candidate
264,2023年度精选策略,66.基于动量和反转效应的沪深300成分股策略.txt,6cb29d4d9ba8,candidate
265,2023年度精选策略,68.宽基BBI动量追涨，完美避开这波大跌~.txt,4d8fd9a260f3,excluded:fund
266,2023年度精选策略,69.选取向上趋势的股票.txt,57ad7e8d02a4,candidate
267,2023年度精选策略,7.ETF动量轮动RSRS择时-魔改3小优化.txt,22e60ed976fb,candidate
268,2023年度精选策略,70.回踩均线搏反弹，21年来70%，无未来（测试第一弹）.txt,1970782c2adb,candidate
269,2023年度精选策略,71.lightGBM.txt,e94eb22bd903,candidate
270,2023年度精选策略,72.优化了一下宽基etf追涨的策略，值得深入研究.txt,6730d7592f4f,excluded:fund
271,2023年度精选策略,73.MACD多周期共振，精准打击！.txt,fd47fa0e6401,candidate
272,2023年度精选策略,74.勾股神器2代码40行，年化一百点.txt,a99a3193c736,candidate
273,2023年度精选策略,75.机器学习策略分享.txt,d2da6b2acffe,candidate
274,2023年度精选策略,76.半年6.5倍--次新股排板一式.txt,9e33a43f5abc,candidate
275,2023年度精选策略,77.【基金增强思考2.0】优秀基金的持续性与周期的关系密不可分.txt,9cb15b618abb,excluded:fund
276,2023年度精选策略,78.EPS+MS因子的大盘蓝筹策略.txt,d2389c302550,candidate
277,2023年度精选策略,79.过滤两个因子，12年15倍的roa选股500指数增强.txt,eacb974ee5af,candidate
278,2023年度精选策略,8.iAlpha 基金投资策略.txt,d501e2638ada,excluded:fund
279,2023年度精选策略,80.趋与势的量化定义.txt,c4ec6332c07f,candidate
280,2023年度精选策略,81.拥挤率指标-择时大盘顶底-Clone1-第二版.txt,a4c5bb1c87bf,candidate
281,2023年度精选策略,82.势的度量.txt,1991fa2bcdf7,candidate
282,2023年度精选策略,83.韶华研究之一，布林突破+均线金叉，四年五倍.txt,4093d68fe770,candidate
283,2023年度精选策略,84.对 二板排板战法 的部分优化.txt,a6959f1f9eda,candidate
284,2023年度精选策略,85.最新解密--追涨龙头打板策略-适合近期实盘行情.txt,012427c761ec,candidate
285,2023年度精选策略,86.【基本面三角3.0】看过之前策略的就略过吧.txt,bda947c57e42,candidate
286,2023年度精选策略,87.【股指期货】收盘折溢价策略.txt,6f39eb5571be,excluded:futures
287,2023年度精选策略,88.韶华研究之二，顺势而为，年化140.txt,c3c687cc28fc,candidate
288,2023年度精选策略,89.2019年到现在90多倍的新策略.txt,4eaf1fc3a1f4,candidate
289,2023年度精选策略,9.10倍-二板排板战法优化-无未来函数.txt,0eb202eb8ce4,candidate
290,2023年度精选策略,90.一个月轮动股票换仓，内日做T，相对高频交易.txt,86cd71959914,candidate
291,2023年度精选策略,91.致敬市场--4 解析细节.txt,7669a4402221,candidate
292,2023年度精选策略,92.【超跌反弹v1.0】3年2.3倍的超跌反弹小牛股.txt,f8faec93ea59,candidate
293,2023年度精选策略,93.布林线追龙头战法.txt,fb5702c304e3,candidate
294,2023年度精选策略,94.可转债回测.txt,8d5e5cc80bb5,excluded:cb
295,2023年度精选策略,95.【复现】高频价量相关性，意想不到的选股因子.txt,dde77a881279,candidate
296,2023年度精选策略,96.市场宽度20210622.txt,da0599d8de5c,candidate
297,2023年度精选策略,97.韶华研究之六，简单不一样的发现趋势，3年6倍.txt,196fa0366512,candidate
298,2023年度精选策略,98.欧奈尔CANSLIM策略初探三.txt,fff51a75cccf,candidate
299,2023年度精选策略,99.全市场选股？7年5倍不择时，回撤30%左右.txt,8a955a32661d,candidate
300,2024年度精选策略1,1.差不多得了.txt,dea7084040d7,excluded:futures
301,2024年度精选策略1,10.多因子宽基ETF择时轮动改进版-高收益大资金低回撤.txt,71a3f920cd2a,excluded:intraday
302,2024年度精选策略1,100.全市场归因.txt,7c9fdf50ce50,excluded:demo
303,2024年度精选策略1,11.低价小盘简单有效.txt,2783242840a4,excluded:intraday
304,2024年度精选策略1,12.致敬聚宽机器学习多因子50只持仓14年37倍.txt,03e4c394c44f,candidate
305,2024年度精选策略1,13.5年15倍的收益，年化79.93%，可实盘，拿走不谢！.txt,77a2c5c2d8c6,candidate
306,2024年度精选策略1,14.四年多翻9倍，年化73%，成长因子评分筛选.txt,c1c9b4b53644,candidate
307,2024年度精选策略1,15.10年52倍，年化59%，全新因子方法超稳定.txt,dd0b4009dc57,excluded:intraday
308,2024年度精选策略1,16.大市值价值投资，从2005年至今超额稳定.txt,6ba459329476,candidate
309,2024年度精选策略1,17.5年超额收益1055%，K线处理大阴线，无未来.txt,ab0278fed04a,excluded:demo
310,2024年度精选策略1,18.微盘股研究.txt,0736bfd8088f,candidate
311,2024年度精选策略1,19.高股息低市盈率高增长的价投策略.txt,4879b2c6f2bb,candidate
312,2024年度精选策略1,2.“7年40倍”策略扩容到50只.txt,67ee0281516e,excluded:intraday
313,2024年度精选策略1,20.有赚就好-小市值剥头皮改进 2年3.86%回撤.txt,2f7aff7c552e,candidate
314,2024年度精选策略1,21.一种宏观数据的中长线策略，年化15%，最大回撤9%.txt,e8d351a28aa8,excluded:fund
315,2024年度精选策略1,22.菜场大妈皇城大妈年化108大妈吉祥.txt,aefd48b69210,candidate
316,2024年度精选策略1,23.wywy1995大神机器学习策略年化提升35pt.txt,7b537b14274c,excluded:intraday
317,2024年度精选策略1,24.凑波热闹，也来试试多因子线性回归.txt,1dc3d93cb204,excluded:futures
318,2024年度精选策略1,25.低价股优化，18年至今10625.40%，已加防未来函数.txt,beff23128788,candidate
319,2024年度精选策略1,26.【深度解析 六】高股息率-低PEG-低股价 模型.txt,a7255b272cc9,candidate
320,2024年度精选策略1,27.根据大小盘相对强弱选择合适的板块股票进行交易.txt,06d392f8e2be,candidate
321,2024年度精选策略1,28.正黄旗大妈选股法，修改版，年化92%.txt,3808072af6cb,candidate
322,2024年度精选策略1,29.高增股池小市值轮动.txt,7a24b2746e72,excluded:intraday
323,2024年度精选策略1,3.【回顾3】ETF策略之核心资产轮动.txt,f54ccf586039,candidate
324,2024年度精选策略1,30.挖掘中国特色的估值体系投资机会，年化150%+.txt,7f2131dd5089,excluded:intraday
325,2024年度精选策略1,31.动量因子加RSRS择时和ETF轮动每日调仓.txt,29edd9eeee51,excluded:futures
326,2024年度精选策略1,32.非线性市值（非小市值）组合4只.txt,d3b90a39e599,candidate
327,2024年度精选策略1,33.年化46.77，alpha191因子选股.txt,b4ce60361582,candidate
328,2024年度精选策略1,34.韶华研究之十八，201系列.txt,6847854b816b,candidate
329,2024年度精选策略1,35.5年12倍-小市值.txt,aa46829a69a5,excluded:intraday
330,2024年度精选策略1,"36.【菜场大妈】股息率小市值策略,10年206倍,5年10.8倍.txt",bb0b9f37ce93,candidate
331,2024年度精选策略1,37.【择时模块实际效果】--论坛随便选了个策略加装.txt,d7e1d012020b,excluded:intraday
332,2024年度精选策略1,38.ETF核心资产轮动-添油加醋.txt,77966f36f5fa,candidate
333,2024年度精选策略1,39.大资金优质股策略，总收益1217%！无小市值因子！.txt,b17ffbf143b9,excluded:demo
334,2024年度精选策略1,4.首板低开策略.txt,82edb1dd05c7,candidate
335,2024年度精选策略1,40.14年初到23年7月，年化37，夏普1.25，稳健高收益！.txt,f30de34bbf00,candidate
336,2024年度精选策略1,41.人工智能强化学习DQN交易智能体（回馈社区公开训练代码）.txt,229e7b9624dd,candidate
337,2024年度精选策略1,42.大盘ETF动量轮动RSRS择时策略-无纳指（5年半861%）.txt,885bfe246309,excluded:intraday
338,2024年度精选策略1,43.ETF轮动：年化收益82.68%，最大回撤13.54%.txt,647e8ddc7c89,excluded:futures
339,2024年度精选策略1,44.分享一个兼顾业绩增长和PEG指标的股票策略.txt,751983843b3f,candidate
340,2024年度精选策略1,"45.[原创]价值投资+期货对冲V4.0,无惧市场大跌.txt",d5be8e8a17ad,excluded:futures
341,2024年度精选策略1,46.【深度解析 四】聚宽三因子基本面 模型.txt,8c2b8b34e6b0,excluded:futures
342,2024年度精选策略1,47.随机森林量价多因子选股 短线交易.txt,9acecad1a574,candidate
343,2024年度精选策略1,48.低代码迁移成本的实盘方案jqtrade+one quant.txt,6a3b692a4a44,excluded:intraday
344,2024年度精选策略1,49.年化62%的动量策略.txt,6a6ec8869ddb,candidate
345,2024年度精选策略1,5.尝试用机器学习批量生产小盘策略.txt,6f5297b301fe,excluded:intraday
346,2024年度精选策略1,50.新策略，一种新思路，超额376%！.txt,5c5a94158d06,excluded:demo
347,2024年度精选策略1,51.【复现】行业有效量价因子与行业轮动策略.txt,6a8f42d8a7f9,candidate
348,2024年度精选策略1,52.增强型投资组合优化（EPO）方法试用.txt,94b047e8b4c8,candidate
349,2024年度精选策略1,53.微盘400每日再平衡.txt,b43246cf2802,candidate
350,2024年度精选策略1,54.追市场热点策略.txt,539eeaa013a3,excluded:intraday
351,2024年度精选策略1,55.Ahfu的大市值价值投资加自定义邮箱推送.txt,b5bef4807b29,excluded:fund
352,2024年度精选策略1,56.双人工智能配合，样本外夏普3.9.txt,0f0707441a7c,excluded:intraday
353,2024年度精选策略1,57.【复现】技术分析算法、框架与实战之二：识别“圆弧底”.txt,a9a3c6169e3a,candidate
354,2024年度精选策略1,"58.融券做空,3年35倍多！已模拟2年半，动态跑盘收益惊人！.txt",9f51ccce36ac,excluded:pairs_hedge
355,2024年度精选策略1,59.基于Gyro^.^大神的小市值策略的因子匹配研究.txt,a93fa8772982,candidate
356,2024年度精选策略1,6.高股息低杠杆小市值轮动策略.txt,cd6b6020732d,excluded:intraday
357,2024年度精选策略1,60.【深度解析 二】资产负债与ROA模型.txt,c4f563882796,excluded:futures
358,2024年度精选策略1,61.聚类算法分析股票，看看今年大体能分出哪几类.txt,0fb7bbbeb613,candidate
359,2024年度精选策略1,62.分享一种K线小碎步后突破的分钟级打法.txt,e2e31eec5cb2,excluded:intraday
360,2024年度精选策略1,63.怎么让龟速变奔跑？以“首版突破一进二”为例.txt,d77fb48bf268,excluded:intraday
361,2024年度精选策略1,64.基于XGBoost6m滚动选股策略.txt,38926e28d04c,excluded:intraday
362,2024年度精选策略1,65.低开买入小市值策略（剥头皮策略）3.0 总结.txt,63a5ac6abffb,candidate
363,2024年度精选策略1,66.SVR机器学习上证综指择时中小板财务选股策略.txt,df515ff6bd7a,candidate
364,2024年度精选策略1,68.业绩预告小工具--已更新.txt,149eb03cd019,candidate
365,2024年度精选策略1,69.人工智能早晨十字星模型反转形态预测.txt,0c9499e93945,excluded:intraday
366,2024年度精选策略1,7.连板龙头策略.txt,0e58975cfa61,excluded:pairs_hedge
367,2024年度精选策略1,70.致敬市场(12)——赚钱的策略.txt,a3af6ded6bb2,excluded:fund
368,2024年度精选策略1,71.小试多因子策略，年化65%.txt,24eab11c7788,excluded:futures
369,2024年度精选策略1,72.桥水 全天候策略 增加一致性度量ES 风险控制.txt,ffaefd52a9e2,candidate
370,2024年度精选策略1,73.稳健趋势策略，回测小，无未来函数.txt,7e3f887a4aec,candidate
371,2024年度精选策略1,74.形态识别_单边上涨v3.txt,b37b3a2b760b,excluded:intraday
372,2024年度精选策略1,75.【复现】个股动量效应的识别及球队硬币因子.txt,448e7998ea83,candidate
373,2024年度精选策略1,76.基金溢价（模拟效果好！）.txt,ddd7829c9511,excluded:fund
374,2024年度精选策略1,77.【复现】筹码分布因子.txt,97beac35769e,candidate
375,2024年度精选策略1,78.国盛证券多因子.txt,ca4298b53fa3,excluded:intraday
376,2024年度精选策略1,79.SVR选股的小市值策略.txt,29e292b06c6f,excluded:intraday
377,2024年度精选策略1,8.科技与狠活.txt,3e0a60384921,excluded:intraday
378,2024年度精选策略1,80.【深度解析 一】经典小市值模型.txt,4df92af47da1,excluded:futures
379,2024年度精选策略1,81.方正证券-多因子选股系列研究之四：“球队硬币”.txt,3aa66126d1c3,candidate
380,2024年度精选策略1,82.实盘模拟的小盘股策略，低频，带基本面优化以及个股风控.txt,06fcf819592a,candidate
381,2024年度精选策略1,83.回测“一创模拟盘2号”，最终优化，年化39%.txt,2ed382e707c4,candidate
382,2024年度精选策略1,84.【社区研究】连板龙头策略-wywy：复现与研究.txt,fa68b690a508,excluded:pairs_hedge
383,2024年度精选策略1,85.【深度解析 七】BBI指标-大盘涨跌-宽基轮动模型.txt,d983c3e18941,excluded:fund
384,2024年度精选策略1,86.根据连续亏损预判st股票.txt,dec80b5468f7,candidate
385,2024年度精选策略1,87.山寨红利.txt,fb93ded06126,candidate
386,2024年度精选策略1,88.韶华研究之十六，指数增强.txt,689610c90abc,candidate
387,2024年度精选策略1,89.【复现·水】市场情绪指标专题行业指数顶部和底部信号.txt,6f391860f430,excluded:fund
388,2024年度精选策略1,9.持仓95只大容量小市值，媲美金元顺安元启.txt,65ae80c577c9,candidate
389,2024年度精选策略1,90.【复现】凸显度因子.txt,100446b5cdf8,excluded:hk_us
390,2024年度精选策略1,91.【复现】多任务时序动量策略.txt,df84b6426b63,candidate
391,2024年度精选策略1,92.【机器学习研究】动态多因子选股策略研究.txt,31f4500d3010,excluded:demo
392,2024年度精选策略1,93.【复现】国信投资者情绪指数择时模型.txt,b2224e5e6253,candidate
393,2024年度精选策略1,94.大市值小市值今年的一些分析，然后尝试预测小市值行情.txt,ad911cc1a66e,excluded:futures
394,2024年度精选策略1,95.基金的最爱与最恶.txt,f203400ef764,excluded:fund
395,2024年度精选策略1,96.大盘预测器v1.1--引入世界数据.txt,db0d9abb0098,candidate
396,2024年度精选策略1,97.大周期顶底判断：FED指标+格雷厄姆指数一次搞定.txt,642953dd5043,candidate
397,2024年度精选策略1,98.FScore9因子模型改进——RFScore7因子.txt,f866fe415da5,excluded:futures
398,2024年度精选策略1,99.波动率交易的前言——期权定价.txt,cdbd2af89250,excluded:futures
399,2025年度精选策略,"0.回测提速十倍,过滤ST,退市,停牌,新股优化方法.txt",94c0388b663b,candidate
400,2025年度精选策略,1.龙回头3.0回测速度优化版.txt,e306e41d6e8e,candidate
401,2025年度精选策略,10.多因子选股.txt,d8742715dfe8,candidate
402,2025年度精选策略,11.多因子选股策略——基于传统分析.txt,3167ac34f3d9,candidate
403,2025年度精选策略,12.机器学习用于量化分析.txt,91729e68d9d1,candidate
404,2025年度精选策略,13.7年40倍，模拟超过两年，年化高回撤低.txt,51f57a8e10a5,candidate
405,2025年度精选策略,14.FOF养老成长基金-v2.0.txt,b1d6c8cfb3f4,excluded:fund
406,2025年度精选策略,15.小市值策略之再优化，年化接近翻倍.txt,21af8c66c15e,candidate
407,2025年度精选策略,16.缠论工具（笔， 线段）.txt,6b1c20421094,candidate
408,2025年度精选策略,17.基金跟随策略，19年年化60%.txt,bc9f320c2b6f,excluded:fund
409,2025年度精选策略,18.6年17倍的etf+分级b的轮动趋势策略跟随感悟.txt,3cb631cd66a1,excluded:fund
410,2025年度精选策略,19.简单到发指的股指策略(2013到现在收益10949%).txt,f6856ed59e5e,excluded:futures
411,2025年度精选策略,2.板块轮动打分与热度追踪.txt,71e1ebc9a51d,candidate
412,2025年度精选策略,20.冲天炮最高板策略，收益惊呆了我.txt,3f9a184572f0,candidate
413,2025年度精选策略,21.策略coding吐槽帖——以“网红”ETF轮动为例.txt,cdec36e6f742,excluded:fund
414,2025年度精选策略,22.“开弓”ETF轮动模型——改.txt,e370e705b8c0,candidate
415,2025年度精选策略,23.玩趋势交易的看进来~~~~2.txt,66467a8911b0,candidate
416,2025年度精选策略,24.现在便宜的300就是最好的，收益惊人！【结束了】.txt,6d26bdf30c7d,candidate
417,2025年度精选策略,25.基本不耍六毛的ETF轮动策略.txt,034a8e9bf9f9,excluded:fund
418,2025年度精选策略,26.稳定高回报周期股策略2.txt,4b04ec0f927c,candidate
419,2025年度精选策略,27.基于RSRS的趋势交易与网格交易相结合的尝试.txt,c4c615899fc0,candidate
420,2025年度精选策略,28.XGBoost模型多因子策略分享.txt,e22bdc938743,candidate
421,2025年度精选策略,29.北上资金（北向资金港资外资）因子分析与策略分享.txt,b1ececf84589,candidate
422,2025年度精选策略,3.一个简单而持续稳定的懒人超额收益策略.txt,e1d490e338ef,candidate
423,2025年度精选策略,30.ETF宽基轮动修改版-1.0.txt,7e3eaa36c125,candidate
424,2025年度精选策略,31.RSRS择时+货币基金--6年8倍行业周期股策略.txt,a8944b06ee52,excluded:fund
425,2025年度精选策略,32.北向资金A股择时策略（5年16倍）.txt,b20db430c3c3,excluded:futures
426,2025年度精选策略,33.【研报复现】基于风险溢价的沪深300择时-目前依然有效.txt,db61edc0c634,excluded:hk_us
427,2025年度精选策略,34.套利三年，我的本金翻了10倍.txt,58b247ec88b7,excluded:pairs_hedge
428,2025年度精选策略,35.精选价值策略.txt,68cc0a6b40ba,candidate
429,2025年度精选策略,36.市场底部特征研究.txt,f8af7bda4e54,excluded:futures
430,2025年度精选策略,37.处置效应的CGO因子（行为金融学因子）.txt,14d3e787ea4b,candidate
431,2025年度精选策略,38.python搭建简单交易系统.txt,9556d20527b8,candidate
432,2025年度精选策略,39.因子分析系列文章（八）：多因子策略（多元线性回归）.txt,43ddbd763d2c,candidate
433,2025年度精选策略,4.红利搬砖，年化29%.txt,6506cf2176ed,candidate
434,2025年度精选策略,40.基于遗传算法挖掘因子2.txt,b0d5654d035b,candidate
435,2025年度精选策略,41.均线黏合，突破前三十个交易日最高点选股法.txt,036626547c49,candidate
436,2025年度精选策略,42.市值，研发支出，roe，三因子，跑赢大盘.txt,2dc9c6cba96b,candidate
437,2025年度精选策略,43.ETF资源收集整合（附代码与excel表格）.txt,37b4d691903e,excluded:fund
438,2025年度精选策略,44.借助JqData搭建简易回测框架.txt,1b8cbc6f18a1,candidate
439,2025年度精选策略,45.市场宽度.txt,3e7006ec554a,candidate
440,2025年度精选策略,46.大盘股也能穿越牛熊市.txt,c6589844cb23,candidate
441,2025年度精选策略,47.高收益低回撤的小市值策略.txt,5301c5d9d7c8,candidate
442,2025年度精选策略,49.根据北上资金买股票的最佳持股时间探讨.txt,e1279cd9c755,candidate
443,2025年度精选策略,5.价值低波（下）--十年十倍（2020拜年）.txt,3dde2ca4a05d,excluded:futures
444,2025年度精选策略,50.昨日炸板股策略.txt,cc55de9eba13,excluded:intraday
445,2025年度精选策略,51.北上资金持股比选股策略（北向、港资、外资）.txt,0750a740fca8,candidate
446,2025年度精选策略,52.根据北上资金买A股策略Python3版（北向、港资、外资）.txt,a5acf6b6f28e,candidate
447,2025年度精选策略,53.基于大盘PE标准差偏离度的聪明基金定投策略.txt,35b53b3c5ba0,excluded:fund
448,2025年度精选策略,54.价值投资策略-大盘择时.txt,ab4dc295d8eb,candidate
449,2025年度精选策略,55.价值投资改进版-6年9.5倍.txt,40ca0da1a3ca,candidate
450,2025年度精选策略,56.大盘一路向上时，追总龙头2个月3倍.txt,f7110c2d538e,candidate
451,2025年度精选策略,57.股指期货套利，这段时间都没有交易分享给大家.txt,8730e62f7ede,excluded:futures
452,2025年度精选策略,58.严格资金管理，股指期货套利.txt,e0fc8868c928,excluded:futures
453,2025年度精选策略,59.【复现】RSRS择时改进.txt,76addabfae13,excluded:futures
454,2025年度精选策略,6.iAlpha 基金投资策略.txt,d501e2638ada,excluded:fund
455,2025年度精选策略,60.【分享】对RSRS模型的一次修改.txt,318b4a40bb71,candidate
456,2025年度精选策略,61.【复现】扩散指标择时.txt,97709ec3a67e,excluded:fund
457,2025年度精选策略,62.【复现】北向资金交易能力一定强吗.txt,537d9a0081d6,excluded:fund
458,2025年度精选策略,63.【复现】华泰证券-波动率和换手率构建牛熊指标.txt,1fa1efd31980,candidate
459,2025年度精选策略,64.【复现】C-VIX 中国版 VIX 编制手册.txt,ef6bd23f1980,excluded:fund
460,2025年度精选策略,65.【分享】多因子指数增强.txt,681d8e701287,candidate
461,2025年度精选策略,66.【复现】A股日内动量效应（一）半小时 涨跌幅间的规律.txt,3ed6740e0558,excluded:fund
462,2025年度精选策略,67.RSRS择时改进-【成交量加权-钝化-右偏】.txt,033ee9888cc8,candidate
463,2025年度精选策略,68.蒋老师吐槽了之后，我也想说说对ETF轮动策略的看法.txt,376438b61bdb,excluded:fund
464,2025年度精选策略,69.（12.3更新v1.2）朱虽自用1号（神虽顶底+趋势）.txt,2c663cd7a833,candidate
465,2025年度精选策略,7.股债波动平衡.txt,3aeea0cd0f57,excluded:fund
466,2025年度精选策略,70.超稳的股息率+均线选股策略.txt,edcd45b9037f,candidate
467,2025年度精选策略,71.【股指策略】【研报复现】周内与日内结合CTA.txt,55d5feefb9e9,excluded:futures
468,2025年度精选策略,72.【股指期货】收盘折溢价策略.txt,6f39eb5571be,excluded:futures
469,2025年度精选策略,73.基于期权PCR与标的波动率价差的股指期货套利.txt,87dac256756e,excluded:futures
470,2025年度精选策略,74.迪马克TD趋势反转指标.txt,d930425595e8,excluded:futures
471,2025年度精选策略,75.最近2年年化100%以上回撤12%的打板策略-验证策略.txt,0eb3d7e60e11,candidate
472,2025年度精选策略,76.日内交易策略R-breaker - 300346.XSHE.txt,7e595a06232e,candidate
473,2025年度精选策略,"77.超强单因子策略（EBIT,EV）.txt",827629ac0844,candidate
474,2025年度精选策略,78.机器学习模型大比拼!.txt,d260911fe117,candidate
475,2025年度精选策略,79.【多因子选股模型框架】(单因子各项指标评分细则).txt,198f85e67fd4,candidate
476,2025年度精选策略,8.因子分析 营业利润TTM.txt,ce16ad86dce4,excluded:pairs_hedge
477,2025年度精选策略,80.公募基金抱团.txt,784599913f48,excluded:fund
478,2025年度精选策略,81.无杠杆，稳定盈利的etf轮动，06年开始3000%收益.txt,44aea8b40889,excluded:fund
479,2025年度精选策略,82.无需先验知识，动态选择的etf轮动策略，更具鲁棒性.txt,93fb1729138a,excluded:fund
480,2025年度精选策略,83.识别趋势震荡之神器 MESA最大熵谱分析（一）：滤波器建立.txt,6487ab9562a1,excluded:futures
481,2025年度精选策略,84.ETF网格交易策略.txt,7d1c289e638b,excluded:intraday
482,2025年度精选策略,85.易方达中小盘（魔改版）.txt,cc45da0255d2,excluded:fund
483,2025年度精选策略,86.北上詹姆斯.txt,b3e97345d81f,candidate
484,2025年度精选策略,87.穿越牛熊基业长青的价值精选策略（小资本也有大作为）.txt,0319395c57a7,candidate
485,2025年度精选策略,88.基于动量因子的ETF轮动加上RSRS择时.txt,ee019b488734,candidate
486,2025年度精选策略,89.2020年效果很好的策略-龙回头策略v3.0.txt,d55ab0429a95,candidate
487,2025年度精选策略,9.持续跑赢大盘-真蓝筹v2(资金容量千万以上).txt,b814981978c1,excluded:futures
488,2025年度精选策略,90.超稳+翻倍，贝塔值只有0.048的期指策略.txt,9c5d1bacd862,excluded:futures
489,2025年度精选策略,91.欧奈尔 RPS选股战法回测.txt,fdbc279fba99,candidate
490,2025年度精选策略,92.敢于直接实盘的—八仙过海V2.txt,c27cfbb00226,excluded:fund
491,2025年度精选策略,93北向Boll带_ETF组合宝付费策略.txt,c2baee64cbff,excluded:fund
492,2025年度精选策略,94.小资金短线策略.txt,9acbce53af9d,candidate
493,2025年度精选策略,95.冲天炮最高板策略迭代.txt,9e2199cab013,candidate
494,2025年度精选策略,96.分享一个简单的选股器.txt,5a7be519c393,candidate
495,2025年度精选策略,97.稳定高回报周期股策略2-RSRS择时.txt,bf135dc59964,candidate
496,2025年度精选策略,98.追涨大师（超额142）.txt,804d9a0e3453,excluded:pairs_hedge
497,2025年度精选策略,99.最新龙回头5.0速度优化版+风险控制版本.txt,9e52ca1c65f3,excluded:intraday
498,聚宽2026年精选,10.10年52倍，年化59，全新因子方法超稳定.txt,dd0b4009dc57,excluded:intraday
499,聚宽2026年精选,100使用K-means 聚类对基金分类.py,cecdf8cb91e6,excluded:fund
500,聚宽2026年精选,11低风险中等收益策略.txt,d744cb80a272,candidate
501,聚宽2026年精选,12用子账户模拟多策略分仓.txt,4ec065c1935a,excluded:futures
502,聚宽2026年精选,13首板高开-低开-弱转强混合策略（今年收益1138.61）.txt,9f77f74037cf,candidate
503,聚宽2026年精选,14安全摸狗策略.txt,68830da62ec0,candidate
504,聚宽2026年精选,15小市值排除3个bug版，22年至今收益506.txt,d635e46fbd04,excluded:fund
505,聚宽2026年精选,16集合竞价三合一，今年收益1067.txt,b678c9f6ea2d,candidate
506,聚宽2026年精选,17多品种ETF动量轮动+EPO优化.txt,77cc6b214e50,excluded:futures
507,聚宽2026年精选,18国庆节献礼：实例说明白马股攻防转换策略.txt,1e09e5c60724,candidate
508,聚宽2026年精选,19机器学习线性回归小市值.txt,eb2ff97d8d80,excluded:futures
509,聚宽2026年精选,1首板低开策略.txt,82edb1dd05c7,candidate
510,聚宽2026年精选,20小盘股动态调仓，100只10年17倍.py,8f58150397ff,candidate
511,聚宽2026年精选,21【原创】年化123涨停弱转强竞价战法.txt,c307203ae61d,candidate
512,聚宽2026年精选,22带上止损的核心资产轮动才更安心，低回撤，高收益率.txt,89eed12c091f,candidate
513,聚宽2026年精选,23大盘择时，逻辑简单.txt,149b47c263b4,excluded:fund
514,聚宽2026年精选,24大容量低回撤价值投资-排除小市值因子.txt,d9867ba7c79b,excluded:intraday
515,聚宽2026年精选,25冷饭热吃之三，14年至今年华99.99.txt,2f7ff2e75435,excluded:intraday
516,聚宽2026年精选,26波动率过滤后相关性最小etf轮动.txt,9884c6267887,candidate
517,聚宽2026年精选,27人工智能强化学习DQN交易智能体（回馈社区公开训练代码）.txt,229e7b9624dd,candidate
518,聚宽2026年精选,28韶华研究之十九，一致性用在微盘控制回撤.txt,52543c04ecfd,excluded:intraday
519,聚宽2026年精选,29穿越牛熊2.0(非小市值)年化50%的cta策略.txt,891bff9c994e,excluded:futures
520,聚宽2026年精选,2连板龙头策略.txt,0e58975cfa61,excluded:pairs_hedge
521,聚宽2026年精选,30错杀反弹，掌握人性规律，开启投资新纪元.txt,9597b9eebc90,excluded:intraday
522,聚宽2026年精选,31蛇皮走位小市值策略V1.0.txt,8664521af1a0,candidate
523,聚宽2026年精选,32EPO优化低相关etf组合.txt,eba2edd01f90,candidate
524,聚宽2026年精选,33回馈社区顺便搞积分《一个完整的机器学习pipeline》.txt,6b89edb4cf7d,excluded:intraday
525,聚宽2026年精选,34十年回测 年化103.32% 最大回撤23.89%.txt,b4c9a1c1f374,excluded:intraday
526,聚宽2026年精选,"35【菜场大妈】股息率小市值策略,10年206倍,5年10.8倍.txt",bb0b9f37ce93,candidate
527,聚宽2026年精选,36快过年了。不想呆在小市值的，可以拿这个策略躲一躲.txt,f302f969a3e7,excluded:intraday
528,聚宽2026年精选,37微盘股扩散指数双均线择时.txt,42339e5f522f,excluded:intraday
529,聚宽2026年精选,38ETF策略之核心资产轮动（线性增加权重）.txt,2f49b9fe9be2,candidate
530,聚宽2026年精选,39干积分-大小盘反复横跳V2.0.txt,97864a6c52c6,excluded:intraday
531,聚宽2026年精选,3、5年15倍的收益，年化79.93，可实盘，拿走不谢！.txt,77a2c5c2d8c6,candidate
532,聚宽2026年精选,40高股息策略.txt,25028ae0c266,candidate
533,聚宽2026年精选,41SVR机器学习上证综指择时中小板财务选股策略.txt,df515ff6bd7a,candidate
534,聚宽2026年精选,42国九条：三年分红5千万以下且占净利润30以下将被ST.txt,07ca5dc951de,excluded:intraday
535,聚宽2026年精选,43小市值再优化【年化98 回撤27】无未来函数.txt,8fa2f3ce1fc6,excluded:intraday
536,聚宽2026年精选,44国九条 年化130.74% 回撤11% 众神Debug版.txt,2c17c4d1ed63,excluded:fund
537,聚宽2026年精选,45此消彼长.txt,0ffbfb7ab17f,excluded:intraday
538,聚宽2026年精选,46高增股池小市值轮动.txt,7a24b2746e72,excluded:intraday
539,聚宽2026年精选,47多策略整合大E小十年百倍（年化64）.txt,3fb271e73990,excluded:intraday
540,聚宽2026年精选,48投资回报率ROIC中等市值.txt,6cc860998605,candidate
541,聚宽2026年精选,49干货贴《机器学习5折保形回归》 .py,7cadcc18e5f3,candidate
542,聚宽2026年精选,4高股息低市盈率高增长的价投策略.txt,4879b2c6f2bb,candidate
543,聚宽2026年精选,50分享一种K线小碎步后突破的分钟级打法.txt,e2e31eec5cb2,excluded:intraday
544,聚宽2026年精选,51“四大搅屎棍策略”学习笔记-有魔改.txt,4b06334f6696,excluded:intraday
545,聚宽2026年精选,52机器学习滚动训练价投策略.txt,0a151b5785d8,excluded:intraday
546,聚宽2026年精选,"53TSmall-100, 微盘三正.txt",dc5b80aa3614,candidate
547,聚宽2026年精选,54发一个学习策略5年70倍，思路可以学习.txt,c44c5a4686bd,candidate
548,聚宽2026年精选,55怎么让龟速变奔跑？以“首版突破一进二”为例.txt,d77fb48bf268,excluded:intraday
549,聚宽2026年精选,56基于趋势、拥挤、景气的行业轮动，及行业强势个股的选择.txt,6b1a6932df29,candidate
550,聚宽2026年精选,57韶华研究之十八，201系列.txt,6847854b816b,candidate
551,聚宽2026年精选,58Debug-输出信息-多标的版ETF策略(ETF复现之三）.txt,69db3e10546c,excluded:futures
552,聚宽2026年精选,59追板策略，今年收益已翻倍，低操作低回撤高收益可实盘.txt,a1cf9ba1d518,candidate
553,聚宽2026年精选,5四大搅屎棍策略.txt,31c2086de691,excluded:intraday
554,聚宽2026年精选,60高股息V1.0（小程序公开股池）.txt,735fd477f584,excluded:intraday
555,聚宽2026年精选,61BiLSTM for ETF.txt,7738b63d2265,candidate
556,聚宽2026年精选,62基金溢价（模拟效果好！）.txt,ddd7829c9511,excluded:fund
557,聚宽2026年精选,63.5年12倍-小市值.txt,aa46829a69a5,excluded:intraday
558,聚宽2026年精选,64大小外择时小市值3.0.txt,ca4e63c1a0ae,excluded:intraday
559,聚宽2026年精选,65搭建量化交易模型从零开始——择时，选股，仓位管理和因子分析.txt,95e2adbc3a59,excluded:futures
560,聚宽2026年精选,66手把手教你构建ETF策略候选池.py,dac72b2689dc,excluded:fund
561,聚宽2026年精选,67大市值价投高股息爱国者策略（爱我中华）.txt,187c37a53e43,excluded:intraday
562,聚宽2026年精选,68wywy1995 首板低开策略代码优化，提快速度.txt,133b2d8dc1e4,excluded:intraday
563,聚宽2026年精选,69“稳定摸狗策略”学习笔记.txt,c53ee1c11465,candidate
564,聚宽2026年精选,6国九小市值策略【年化100.5】.txt,ca0f8fc8467b,excluded:intraday
565,聚宽2026年精选,70动态保形回归小市值策略改进.txt,96ae41f63890,candidate
566,聚宽2026年精选,71（乱改一版）股票加“钱粮”ETF组合.txt,127508f2e435,excluded:futures
567,聚宽2026年精选,72量化进阶学习笔记——打板策略.txt,abba4c74e1d2,candidate
568,聚宽2026年精选,73微盘400每日再平衡.txt,b43246cf2802,candidate
569,聚宽2026年精选,74趋势筛选后相关性最小etf轮动.txt,522260e8f6f3,candidate
570,聚宽2026年精选,75大市值价值投资优化一波.txt,a016c519e8bd,candidate
571,聚宽2026年精选,76小市值止损策略【年化104.11】.txt,0a27a97328e5,candidate
572,聚宽2026年精选,77研报三因子II-新规高分红小市值-年化60回撤19.txt,7e5e5447be91,candidate
573,聚宽2026年精选,78首板低开策略-终极版 最大回撤15%，年化50%.txt,2b5e98bfca7a,candidate
574,聚宽2026年精选,79国九条-新的红利因子，修正「审计意见」函数.txt,2dfe59cd5c6b,excluded:intraday
575,聚宽2026年精选,7追首板涨停 过去两年年化304%.txt,2e8446ba42a7,candidate
576,聚宽2026年精选,80基本面01加RSI择时.txt,31f24872428a,candidate
577,聚宽2026年精选,81搞市场最靓的仔！指数ETF动量轮动策略-2.txt,829a4b94a5de,excluded:futures
578,聚宽2026年精选,82回报社区——基于Gyro老师策略的思考.txt,8cda1f8e6d40,candidate
579,聚宽2026年精选,83大小外择时小市值.txt,3ca4d90378bc,excluded:intraday
580,聚宽2026年精选,84正黄旗大妈选股改进-加入涨停卖出后的买入，提高资金利用率.txt,1b89488edf09,candidate
581,聚宽2026年精选,85稳健型ETF策略.txt,1e278a4a1b09,excluded:hk_us
582,聚宽2026年精选,86手把手教你构建ETF策略候选池优化版.txt,8f1822424be9,excluded:fund
583,聚宽2026年精选,87山寨红利.txt,fb93ded06126,candidate
584,聚宽2026年精选,88WY大神的“龙头打板”策略小改.txt,40132bff6ade,excluded:pairs_hedge
585,聚宽2026年精选,89基于Gyro.大神的小市值策略的因子匹配研究.txt,a93fa8772982,candidate
586,聚宽2026年精选,8国九条后中小板微盘小改，年化135.40.txt,93420c4a0f26,excluded:fund
587,聚宽2026年精选,90固收+.txt,661340dce4ad,candidate
588,聚宽2026年精选,91ETF-T0动量策略，年化 18%，回撤3.31%.txt,ad0c7d785960,candidate
589,聚宽2026年精选,92行业宽度轮动研究.txt,15ca95e9cec1,excluded:intraday
590,聚宽2026年精选,93.234板介入-2023年14倍-无未来.txt,ff3745658e4f,excluded:pairs_hedge
591,聚宽2026年精选,94别人“拿的住”的股票最赚钱.txt,f749462acbe1,candidate
592,聚宽2026年精选,95学习贴《一个完整的-深度学习-神经网络pipeline》.txt,7b3446932321,candidate
593,聚宽2026年精选,96首版+2版龙虎榜挖掘V2.0，年化1400.txt,c946d7e91e89,candidate
594,聚宽2026年精选,97趋势筛选后相关性最小etf轮动-加速10倍版.txt,73bb4748db36,candidate
595,聚宽2026年精选,98热点行业和热点概念-成分股-及龙一龙二龙三.py,12118a15203b,excluded:cb
596,聚宽2026年精选,99韶华研究之二十，竞价异动.txt,8ed99cbfbaf4,candidate
597,聚宽2026年精选,9干积分-量化策略简易框架.txt,9b7c5ac4e4e5,excluded:intraday
