cell,card,name,direction,trade_sign,window,is_main_window,n_events_total,n_positions,n_clusters,mean_excess_bp_day,ann_ex_sharpe,t_iid,t_nw,pos_years,n_years,yearly_mean_bp,boot_p_one,boot_p_two,survive_conv_tier,survive_4733_tier,med_trade_net_bp,trade_win_rate,top1pct_contribution,verdict,failed_gates
card01_tower_bottom_up,exam_card_01_tower_bottom.md,塔形底,向上,1,5,False,290015,288308,1218,66.625,6.207,13.94,16.36,6,6,2021:66.0(n=81);2022:68.9(n=242);2023:52.9(n=242);2024:74.8(n=242);2025:61.9(n=243);2026:78.1(n=173),0.0,0.0,True,True,241.03,0.716,0.1299,,
card01_tower_bottom_up,exam_card_01_tower_bottom.md,塔形底,向上,1,10,True,290015,287231,1213,30.691,2.89,6.49,8.42,6,6,2021:27.0(n=81);2022:32.6(n=242);2023:24.2(n=242);2024:32.0(n=242);2025:32.1(n=243);2026:34.9(n=173),0.0,0.0,True,True,239.4,0.644,0.1653,PASS,-
card01_tower_bottom_up,exam_card_01_tower_bottom.md,塔形底,向上,1,20,False,290015,283816,1203,14.1,1.344,3.02,3.79,6,6,2021:9.4(n=81);2022:16.0(n=242);2023:8.9(n=242);2024:17.2(n=242);2025:16.8(n=243);2026:12.7(n=173),0.0,0.0,True,True,211.81,0.5805,0.2187,,
card02_double_bottom_up,exam_card_02_double_bottom.md,双底,向上,1,5,False,575266,571479,1211,35.471,3.311,7.44,8.98,6,6,2021:29.6(n=81);2022:38.9(n=242);2023:27.6(n=242);2024:40.9(n=242);2025:33.6(n=243);2026:39.4(n=173),0.0,0.0,True,True,123.2,0.6139,0.1958,,
card02_double_bottom_up,exam_card_02_double_bottom.md,双底,向上,1,10,True,575266,569355,1206,15.011,1.423,3.2,4.15,6,6,2021:11.9(n=81);2022:16.1(n=242);2023:12.2(n=242);2024:16.0(n=242);2025:17.7(n=243);2026:13.6(n=173),0.0,0.0,True,True,116.42,0.5728,0.2551,PASS,-
card02_double_bottom_up,exam_card_02_double_bottom.md,双底,向上,1,20,False,575266,563093,1196,6.565,0.626,1.41,1.77,6,6,2021:3.5(n=81);2022:8.3(n=242);2023:2.8(n=242);2024:9.6(n=242);2025:10.0(n=243);2026:1.8(n=173),0.0,0.0,True,True,82.76,0.5337,0.3218,,
card03_tower_top_short,exam_card_03_tower_top.md,塔形顶,向下,-1,5,False,359009,358078,1218,60.895,4.973,11.17,8.07,6,6,2021:52.7(n=81);2022:77.5(n=242);2023:50.9(n=242);2024:68.5(n=242);2025:35.5(n=243);2026:80.6(n=173),0.0,0.0,True,True,296.68,0.7608,0.0801,,
card03_tower_top_short,exam_card_03_tower_top.md,塔形顶,向下,-1,10,True,359009,355123,1213,26.846,2.368,5.32,3.54,6,6,2021:15.9(n=81);2022:43.0(n=242);2023:25.4(n=242);2024:27.8(n=242);2025:2.7(n=243);2026:44.0(n=173),0.0,0.0,True,True,326.25,0.6852,0.1097,PASS,-
card03_tower_top_short,exam_card_03_tower_top.md,塔形顶,向下,-1,20,False,359009,352479,1203,10.071,0.923,2.07,1.31,4,6,2021:-2.5(n=81);2022:25.5(n=242);2023:13.7(n=242);2024:8.9(n=242);2025:-14.4(n=243);2026:25.2(n=173),0.0,0.0,True,True,368.22,0.6417,0.1444,,
card04_marubozu_up,exam_card_04_marubozu.md,CDLMARUBOZU,向上,1,5,False,136709,135548,1207,-21.651,-2.138,-4.8,-6.63,0,6,2021:-7.7(n=81);2022:-17.6(n=242);2023:-21.1(n=242);2024:-33.1(n=242);2025:-19.5(n=243);2026:-21.8(n=173),1.0,0.0,False,False,-26.79,0.4768,2.4842,,
card04_marubozu_up,exam_card_04_marubozu.md,CDLMARUBOZU,向上,1,10,True,136709,134996,1202,-14.16,-1.372,-3.08,-4.22,0,6,2021:-7.2(n=81);2022:-10.8(n=242);2023:-14.6(n=242);2024:-24.9(n=242);2025:-10.2(n=243);2026:-12.0(n=173),1.0,0.0,False,False,-10.57,0.4949,1.368,RED,sharpe -1.372<0.8; nw_t -4.22<2; pos_years 0/6<4
card04_marubozu_up,exam_card_04_marubozu.md,CDLMARUBOZU,向上,1,20,False,136709,133516,1192,-9.441,-0.911,-2.05,-2.75,0,6,2021:-9.2(n=81);2022:-5.8(n=242);2023:-11.7(n=242);2024:-13.7(n=242);2025:-5.4(n=243);2026:-11.4(n=173),1.0,0.0,False,False,-32.25,0.4876,0.9509,,
card05_shooting_star_longrev,exam_card_05_shooting_star.md,CDLSHOOTINGSTAR,向下,1,5,False,46128,45819,1180,-9.217,-0.898,-2.02,-2.63,0,6,2021:-7.0(n=81);2022:-11.0(n=242);2023:-6.7(n=242);2024:-11.2(n=242);2025:-2.0(n=243);2026:-18.8(n=173),1.0,0.0,False,False,16.5,0.5142,0.4373,,
card05_shooting_star_longrev,exam_card_05_shooting_star.md,CDLSHOOTINGSTAR,向下,1,10,True,46128,45640,1175,-5.097,-0.486,-1.09,-1.48,1,6,2021:-9.5(n=81);2022:-5.2(n=242);2023:-3.1(n=242);2024:-5.9(n=242);2025:0.2(n=243);2026:-12.1(n=173),1.0,0.0,False,False,23.29,0.5122,0.4602,RED,sharpe -0.486<0.8; nw_t -1.48<2; pos_years 1/6<4
card05_shooting_star_longrev,exam_card_05_shooting_star.md,CDLSHOOTINGSTAR,向下,1,20,False,46128,45317,1165,-3.442,-0.33,-0.74,-0.9,1,6,2021:-8.2(n=81);2022:-0.5(n=242);2023:-6.6(n=242);2024:-2.8(n=242);2025:0.7(n=243);2026:-7.6(n=173),1.0,0.0,False,False,33.0,0.5116,0.4136,,
card06_limit_up_flat_up,exam_card_06_limit_up_flat.md,一字涨停板,向上,1,5,False,6067,5732,1176,0.999,0.052,0.12,0.08,3,6,2021:124.7(n=81);2022:58.1(n=242);2023:4.4(n=242);2024:-65.2(n=242);2025:-30.3(n=243);2026:-5.0(n=173),0.604,0.792,False,False,-511.56,0.3906,0.7241,,
card06_limit_up_flat_up,exam_card_06_limit_up_flat.md,一字涨停板,向上,1,10,True,6067,5684,1171,-4.944,-0.348,-0.78,-0.56,2,6,2021:73.6(n=81);2022:27.4(n=242);2023:-15.7(n=242);2024:-45.2(n=242);2025:-15.7(n=243);2026:-0.5(n=173),0.968,0.064,False,False,-730.83,0.355,1.3633,RED,sharpe -0.348<0.8; nw_t -0.56<2; pos_years 2/6<4; boot_p2 6.40e-02>=4.85e-04(conv tier); median_net -730.83bp<=0 (card06红线); win_rate 0.355<=0.5 (card06红线)
card06_limit_up_flat_up,exam_card_06_limit_up_flat.md,一字涨停板,向上,1,20,False,6067,5616,1161,-7.804,-0.671,-1.51,-1.31,2,6,2021:29.8(n=81);2022:5.1(n=242);2023:-16.3(n=242);2024:-24.3(n=242);2025:-7.8(n=243);2026:-8.5(n=173),1.0,0.0,False,False,-936.29,0.3323,3.2862,,
