object_id,lane,name,type,entry_anchor,level,consumers,tests,note,review_status,axis_a,axis_b,axis_c,axis_d,axis_e,axis_f,findings_total,confirmed,rejected,suspended,closeout_status,workbook,reviewer,baseline
V01,p0_money_path,Wilson下界单源,算法,src/zephyr/signal_ashare/strategy_signal/pattern_win_rate_provider.py:42,P0,pattern_evidence_certifier/pattern_signal_runtime,tests/signal_ashare/strategy_signal/test_pattern_win_rate_provider.py,"全仓唯一Wilson实现 || 审查: 公式正确;4xP3:越界TypeError/NULL→0.0冒读/spy死断言/f-string表名 || 收口:反驳者对拍一致+反例修复(rate∉[0,1]/NaN raise fail-closed),10/10绿",已审,已查,已查,已查,已查,已查,已查,4,0,0,0,已收口,docs/_working/deep_review_full/p0_money_path/rpt_v01.md,GLM-5.3-Flash/st-deeprev-20260918,2fa92002c3
V02,p0_money_path,四闸证据认证器,闸门,src/zephyr/signal_ashare/strategy_signal/pattern_evidence_certifier.py:186,P0,pattern_lifecycle/pattern_event_job/pattern_signal_runtime,tests/signal_ashare/strategy_signal/test_pattern_evidence_certifier.py; tests/metamorphic/test_fourgate_metamorphic_invariants.py,"WilsonLB+二项+n_eff+BHY四闸 || 审查: 闸C基线回退0.5≠pooled可翻转认证态(机验);六态词汇漂移retired/frozen照常调权;ImportError静默降级 || 收口: P2-1闸C基线回退:确认并治本(load_family_rows恒同步__pooled__键=真实池化基线),回归test_load_family_rows_pooled_key_tracks_real_baseline,14/14绿||P2-2六态词汇漂移+ImportError静默降级:挂起登记(与V08接线合并裁定)",已审,已查,已查,已查,已查,已查,已查,5,1,0,0,已收口,docs/_working/deep_review_full/p0_money_path/rpt_v02.md,GLM-5.3-Flash/st-deeprev-20260918,2fa92002c3
V03,p0_money_path,BHY/BH FDR双实现,算法,src/zephyr/factor/analysis/bhy_fdr.py:79 + src/zephyr/strategy_pipeline/bh_fdr.py:42,P0,factor_lifecycle/decay_monitor/certifier/intake/promotion_advisory/auto_mount,tests/factor/test_bhy_fdr.py; tests/strategy_pipeline/test_bh_fdr.py,"双实现=D轴合并嫌疑显式审查项 || 审查: canonical bh_qvalues对NaN零防御静默出错数(机验);双实现决策等价已查无;bh_threshold字段名不一致 || 收口: P2 NaN零防御:确认并治本(bh_qvalues对NaN/Inf/越界raise ValueError,对齐ERROR_CONTRACT),回归test_bh_qvalues_rejects_nan_and_out_of_range,28/28绿||P3字段名/年份:挂起",已审,已查,已查,已查,已查,已查,已查,3,1,0,0,已收口,docs/_working/deep_review_full/p0_money_path/rpt_v03.md,GLM-5.3-Flash/st-deeprev-20260918,2fa92002c3
V04,p0_money_path,n-trial台账,模块,src/zephyr/backtest/core/n_trial_ledger.py:179,P0,backtest/core/metrics.py(DSR消费)/strategy_validation_pipeline,tests/backtest/test_n_trial_ledger.py,"漏记试验=DSR虚高 || 审查: 读数缺失or 0静默记零=分母缩水放水方向fail-open(机验);n_sampled回退混口径 || 收口: P2 or-0分母缩水:确认并治本(batch_records缺n_trials raise fail-closed对齐文件头不变量),回归test_count_of_missing_n_trials_fails_closed||P3 fillna(0)相关语义:挂起登记 || 收口补刀:反驳者反例修复(sync_screen_counts仓外路径不崩,_rel_to_repo模块级helper),18/18绿",已审,已查,已查,已查,已查,已查,已查,3,1,0,0,已收口,docs/_working/deep_review_full/p0_money_path/rpt_v04.md,GLM-5.3-Flash/st-deeprev-20260918,2fa92002c3
V05,p0_money_path,决策闸DecisionGate,闸门,src/zephyr/backtest/core/decision_gate.py:539,P0,strategy_validation_pipeline/fw_backtest/双引擎,tests/backtest/test_decision_gate.py; test_decision_gate_regime.py,"策略晋升唯一闸 || 审查: WFA灾难否决对缺max_drawdown字段静默旁路缺省0.0=fail-open;DSR docstring与默认0.95漂移 || 收口: P2 WFA缺max_drawdown fail-open:确认并治本(缺字段窗口强制计未通过+留痕,对齐'缺字段按未通过'契约),测试契约同步收紧3处+新增回归test_missing_max_drawdown_window_fails,99/99绿;生产桥接恒带dd无行为影响||DSR docstring漂移:挂起 || 收口补刀:反驳者两反例修复(passed非布尔raise+monitor恰界round12),63/63绿",已审,已查,已查,已查,已查,已查,已查,4,1,0,0,已收口,docs/_working/deep_review_full/p0_money_path/rpt_v05.md,GLM-5.3-Flash/st-deeprev-20260918,2fa92002c3
V06,p0_money_path,过拟合裁决器,闸门,src/zephyr/backtest/core/overfitting_adjudicator.py:514,P0,strategy_validation_pipeline,tests/backtest/test_overfitting_adjudicator.py,审查: 三检验器生产零调用+production标签失真(孤儿门禁);%.0%%格式串非法确定性报错(机验) || 收口: P3格式串:确认并治本(%.0%%→%.0f%%)||P2孤儿门禁+production标签失真:挂起登记(与V08合并裁定接线或退役),已审,已查,已查,已查,已查,已查,已查,3,1,0,0,已收口,docs/_working/deep_review_full/p0_money_path/rpt_v06.md,GLM-5.3-Flash/st-deeprev-20260918,2fa92002c3
V07,p0_money_path,DSR计算器,算法,src/zephyr/simulation/deflated_sharpe_calculator.py:327,P0,backtest/core/metrics/decision_gate/c4_runner,tests/backtest/test_metrics_dsr.py; test_c4_deflated_sharpe_runner.py,Owner尺子DSR>0.5数值来源;口径史案#1 || 审查: DSR翻案专项闭环已查无;V[SR]+3转换/E[max]闭式与Bailey-LdP2014对齐+三实现收敛锁;仅docstring半格差,已审,已查,已查,已查,已查,已查,已查,2,0,0,0,待收口,docs/_working/deep_review_full/p0_money_path/rpt_v07.md,GLM-5.3-Flash/st-deeprev-20260918,2fa92002c3
V08,p0_money_path,过拟合保护闸,闸门,src/zephyr/simulation/overfitting_protection_gate.py:138,P0,simulation层,tests/simulation/(如有),审查: 四层防护闸生产零接线(CONSUMERS虚标grep零命中);测试importorskip损坏时静默绿;建议与V06合并接线,已审,已查,已查,已查,已查,已查,已查,4,0,0,0,待收口,docs/_working/deep_review_full/p0_money_path/rpt_v08.md,GLM-5.3-Flash/st-deeprev-20260918,2fa92002c3
C01,p0_money_path,日度资金分配编排,管线,src/zephyr/pf_alloc/allocation_orchestrator.py:686 + batched_position_builder.py:240,P0,strategy_pipeline/pipeline_events.py/sim_paper_ledger,tests/pf_alloc/test_allocation_chain.py; test_batched_position_builder.py,"注:他会话在途施工中,收口按新基线 || 审查: AGGRESSIVE单批欠部署≤30%vs不变量批次和=1.0;Tier3强裁生产零触发;Tier3存量被'预算相等'误清(>=含相等);生产CLI路径alpha_provider=None四层裁决空转",已审,已查,已查,已查,已查,已查,已查,13,0,0,0,待收口,docs/_working/deep_review_full/p0_money_path/rpt_c01.md,GLM-5.3-Flash/st-deeprev-20260918,2fa92002c3
C02,p0_money_path,多策略资金分配器,算法,src/zephyr/pf_alloc/core/multi_strategy_capital_allocator.py:156,P0,allocation_orchestrator/signal_weight_adjuster,tests/pf_alloc/test_multi_strategy_capital_allocator.py,审查: 孤儿死码(production/CONSUMERS虚标零调用方);NaN signal_weight全链穿透;NaN max_drawdown静默跳闸(实测);与MOD-PA-007预算带双承载,已审,已查,已查,已查,已查,已查,已查,7,0,0,0,待收口,docs/_working/deep_review_full/p0_money_path/rpt_c02.md,GLM-5.3-Flash/st-deeprev-20260918,2fa92002c3
C03,p0_money_path,持仓裁决中心,闸门,src/zephyr/position/core/position_adjudication_center.py:192,P0,allocation_orchestrator:527,tests/position/test_position_adjudication_center.py,四层裁决 || 审查: 编排本体干净(min收敛数学等价/fail-closed双保险);verify_bypass令牌零接线+进程内存态,已审,已查,已查,已查,已查,已查,已查,6,0,0,0,待收口,docs/_working/deep_review_full/p0_money_path/rpt_c03.md,GLM-5.3-Flash/st-deeprev-20260918,2fa92002c3
C04,p0_money_path,仓位定位引擎(Kelly),算法,src/zephyr/position/core/position_sizing_engine.py:379,P0,single_name_cap_caliber/position_audit_logger,tests/position/test_position_sizing_engine.py,"Kelly:357 || 审查: 接线即P0:veto保持现仓路径total_exposure=0/cash_reserve=全额(实测,静默错账+总上限绕过);size()零生产调用;与StrategyBook禁用Kelly双哲学断链;CRISIS仅减仓未实现;无100股整手",已审,已查,已查,已查,已查,已查,已查,10,0,0,0,待收口,docs/_working/deep_review_full/p0_money_path/rpt_c04.md,GLM-5.3-Flash/st-deeprev-20260918,2fa92002c3
C05,p0_money_path,现金台账+划拨账本,模块,src/zephyr/position/core/cash_manager.py:153(:452),P0,position core包/allocation链CashSeat,tests/position/test_cash_manager.py,审查: projected_available漏计pending_settlement T+1释放(实测次日少整笔卖出款);NaN流水穿透;透支静默负现金;零生产调用方,已审,已查,已查,已查,已查,已查,已查,7,0,0,0,待收口,docs/_working/deep_review_full/p0_money_path/rpt_c05.md,GLM-5.3-Flash/st-deeprev-20260918,2fa92002c3
C06,p0_money_path,危机闸CrisisGate,闸门,src/zephyr/pf_alloc/crisis_gate.py:413(:193/:265),P1,sim_paper_ledger(仅模拟盘),tests/pf_alloc/test_crisis_gate.py,他会话在途新文件;接实盘升P0 || 审查: 三级接线断两级(L1/L2零接线仅sim盘L3);warning档双不存在floor_active无人消费+CRISIS floor 0.05数学不可达(raw>=0.09恒真);三处危机判定口径不一致,已审,已查,已查,已查,已查,已查,已查,7,0,0,0,待收口,docs/_working/deep_review_full/p0_money_path/rpt_c06.md,GLM-5.3-Flash/st-deeprev-20260918,2fa92002c3
C07,p0_money_path,VolTargetAllocator(L1总闸),闸门,src/zephyr/pf_alloc/core/vol_target_allocator.py:32,P0,文件头注'策略工厂E8(未来)'——接线存疑待审,tests/pf_alloc/test_vol_target_allocator.py,"生死线三件套之一;孤儿嫌疑 || 审查: 孤儿死码确认(L1总闸零import证据);kelly_full_weight NaN σ/E(R)→满仓1.0(实测,与自declared不变量反向);年化常数244vs252漂移",已审,已查,已查,已查,已查,已查,已查,6,0,0,0,待收口,docs/_working/deep_review_full/p0_money_path/rpt_c07.md,GLM-5.3-Flash/st-deeprev-20260918,2fa92002c3
X01,p0_money_path,交易会话编排器,管线,src/zephyr/ex_core/trading_session.py:287,P0,qmt_trading_session(QMT实盘入口),tests/ex_core/test_qmt_trading_session.py,"实盘会话唯一编排点 || 审查: rebalance不抵扣在途单,重复触发可双下单 || P1在途抵扣:确认并治本(_inflight_qty_by_symbol同侧抵扣+OM异常降级留痕),回归3测(足额覆盖零新单/部分抵扣/OM降级),5/5绿;P2陈旧价/NaN权重/stop竞态:挂起 || 收口: P1在途抵扣已治本(前批q-0008);P2陈旧价/NaN权重/stop竞态/在途快照非原子:挂起登记",已审,已查,已查,已查,已查,已查,已查,9,1,0,0,收口中,docs/_working/deep_review_full/p0_money_path/rpt_x01.md,GLM-5.3-Flash/st-deeprev-20260918,2fa92002c3
X02,p0_money_path,订单管理器+执行Saga,模块,src/zephyr/ex_core/order_manager.py:131 + order_execution_saga.py:320,P0,trading_session/aggregate_root/risk_layer/cancel_rate_guard/local_order_queue,tests/ex_core/test_order_manager_compliance_gate.py等4套,每张单都过这里 || 审查: Saga零生产接线孤儿;部分成交首笔即COMPLETED余量失控 || 收口: P1部分成交首笔COMPLETED+Saga孤儿:挂起登记(接线裁定后修);P2-7挂起,已审,已查,已查,已查,已查,已查,已查,14,0,0,0,收口中,docs/_working/deep_review_full/p0_money_path/rpt_x02.md,GLM-5.3-Flash/st-deeprev-20260918,2fa92002c3
X03,p0_money_path,执行引擎,管线,src/zephyr/ex_core/execution_engine.py:129,P0,governance/adapters/risk_validation_bridge.py:81装配,tests/ex_core/test_execution_strategy_selector.py,审查: 风控权重=股数/100万硬编码假闸;引擎零接线 || 收口: P1假风控闸+引擎孤儿:挂起登记(接线或退役裁定);,已审,已查,已查,已查,已查,已查,已查,12,0,0,0,收口中,docs/_working/deep_review_full/p0_money_path/rpt_x03.md,GLM-5.3-Flash/st-deeprev-20260918,2fa92002c3
X04,p0_money_path,SOR算法执行引擎,管线,src/zephyr/ex_sor/core/algo_trading_engine.py:749,P0,"execution_engine:65,:346",tests/ex_sor/test_algo_trading_engine.py,"TWAP/VWAP/冰山/POV/IS六算法 || 审查: 参与率5%红线只估算不强制;LOT_SIZE=100科创板废单 || 收口: P1参与率5%红线不强制:挂起登记(监管红线,接线时必须治本);P2 LOT_SIZE科创板:挂起",已审,已查,已查,已查,已查,已查,已查,10,0,0,0,收口中,docs/_working/deep_review_full/p0_money_path/rpt_x04.md,GLM-5.3-Flash/st-deeprev-20260918,2fa92002c3
X05,p0_money_path,执行前置闸门组+价格笼子,闸门,src/zephyr/ex_core/pre_execution_checker.py:147 + price_cage.py:153,P0,trading_session(MOD-EX-024逐单闸)/execution_engine,tests/ex_core/test_pre_execution_checker.py; test_price_cage.py,Fail-Closed预检 || 审查: 文件桥调笼子不传基准价→实盘路径恒UNKNOWN形同虚设;官方规则对照一致 || 收口: P1笼子UNKNOWN形同虚设:挂起登记(需券商层quote源设计);官方规则对照通过,已审,已查,已查,已查,已查,已查,已查,8,0,0,0,收口中,docs/_working/deep_review_full/p0_money_path/rpt_x05.md,GLM-5.3-Flash/st-deeprev-20260918,2fa92002c3
X06,p0_money_path,TWAP拆单器,算法,src/zephyr/ex_core/order_splitter.py:213,P0,execution链,tests/ex_core/test_order_splitter.py,余数修正 || 审查: VWAP悬殊权重产出0量末片(实证);头注消费方幽灵引用 || 收口: P2 VWAP零量末片(实证):挂起登记;幽灵引用头注:挂起,已审,已查,已查,已查,已查,已查,已查,5,0,0,0,收口中,docs/_working/deep_review_full/p0_money_path/rpt_x06.md,GLM-5.3-Flash/st-deeprev-20260918,2fa92002c3
X07,p0_money_path,成交回报处理,模块,src/zephyr/ex_core/fill_handler.py:182,P0,order_manager/aggregate_root/async_fill_dispatcher/state_store,tests/ex_core/test_fill_handler.py; test_fill_id_dedup_persistence.py,"幂等去重 || 审查: process_fill零接线→JSONL落盘断链,盘后对账读空 || 收口: P1 process_fill断链:挂起登记(接线裁定);",已审,已查,已查,已查,已查,已查,已查,7,0,0,0,收口中,docs/_working/deep_review_full/p0_money_path/rpt_x07.md,GLM-5.3-Flash/st-deeprev-20260918,2fa92002c3
X08,p0_money_path,券商柜台文件桥,模块,src/zephyr/ex_core/adapters/qmt_file_bridge_broker.py:319,P0,OrderManager注册broker/trading_session,tests/ex_core/adapters/test_qmt_file_bridge_broker.py; test_miniqmt_broker.py,"真钱边界 || 审查: P0:双键错配指令写idempotency_key缓存/撤单用order_id→状态推进/成交配对/撤单三链全断;测试两键相同掩盖=假阳性实锤 || 收口:P0-1确认并已治本(双键配对视图+撤单remark解析+Fill回解dataclasses.replace),回归TestDistinctKeyPairing三测+18/18+扩散102/102,提交q-0006 || 收口: P0双键错配已治本(q-0006);真柜台CSV取证归实盘首日",已审,已查,已查,已查,已查,已查,已查,13,1,0,0,已收口,docs/_working/deep_review_full/p0_money_path/rpt_x08.md,GLM-5.3-Flash/st-deeprev-20260918,2fa92002c3
X09,p0_money_path,打板执行+瞬时熔断,闸门,src/zephyr/ex_core/daban_execution.py:59 + daban_instant_circuit_breaker.py:40,P0,daban_*家族/live打板策略,tests/ex_core/test_daban_execution.py; test_daban_instant_circuit_breaker.py,L4执行族15/15已验(裁定快签#28) || 审查: initial_seal=0熔断误触发全卖;WAIT分支结构性不可达;SaR文献永续→A股适配缺口 || 收口: P2 initial_seal=0误触发+WAIT不可达:挂起登记(daban车道裁定);SaR对照通过,已审,已查,已查,已查,已查,已查,已查,8,0,0,0,收口中,docs/_working/deep_review_full/p0_money_path/rpt_x09.md,GLM-5.3-Flash/st-deeprev-20260918,2fa92002c3
R01,p0_money_path,风控分层编排器(盘中对账),管线,src/zephyr/ex_core/risk_layer_orchestrator.py:453(start_reconcile_loop:1781),P0,trading_session:404,tests/ex_core/test_risk_layer_orchestrator.py,"裁定#317:Timer违规→事件触发+30min兜底,改造期对象 || 审查: 裁定#317在册但施工未落地Timer仍在:1815;_reconcile_tick异常吞没无升级(:1822);run_reconcile_once fail-open(:1802)对账静默死亡 || 收口: P1对账环异常吞没+fail-open:挂起登记(#317改造区防冲突,#317落地后随车道修)",已审,已查,已查,已查,已查,已查,已查,7,0,0,0,收口中,docs/_working/deep_review_full/p0_money_path/rpt_r01.md,GLM-5.3-Flash/st-deeprev-20260918,2fa92002c3
R02,p0_money_path,持仓对账器(ex_core),模块,src/zephyr/ex_core/position_reconciler.py:101,P0,risk_layer_orchestrator:143/eod_reconciliation,tests/ex_core/test_position_reconciler.py,"D轴:position包同名平行实现去重审查 || 审查: 双实现口径不一致(Decimal冻结制vs裸dict计数升级制);position版零调用=孤儿;合并案:ex_core唯一真源 || 收口: P1双实现口径不一致:挂起登记(合并裁定:ex_core唯一真源,position版退役候选)",已审,已查,已查,已查,已查,已查,已查,7,0,0,0,收口中,docs/_working/deep_review_full/p0_money_path/rpt_r02.md,GLM-5.3-Flash/st-deeprev-20260918,2fa92002c3
R03,p0_money_path,三流对账+日终对账,管线,src/zephyr/trading/three_way_reconciliation.py:175 + ex_core/eod_reconciliation.py:95,P0,EodReconciler消费ThreeWay/PostSettlement链,tests/trading/test_three_way_reconciliation.py; tests/ex_core/test_eod_reconciliation.py,审查: ThreeWayReconEngine与EodReconciler双零生产接线;结算单缺失日=绿灯(cash_checked=False不告警);佣金trade_ref=None静默逃逸费用匹配 || 收口: P1双零接线+结算单缺失日绿灯:挂起登记(接线裁定+告警补),已审,已查,已查,已查,已查,已查,已查,7,0,0,0,收口中,docs/_working/deep_review_full/p0_money_path/rpt_r03.md,GLM-5.3-Flash/st-deeprev-20260918,2fa92002c3
R04,p0_money_path,结算对账链,管线,src/zephyr/trading/post_settlement_pipeline.py:101 + settlement_reconciliation.py:174 + recon_runner.py:392,P0,data scheduler/run_post_settlement.py/DailyAuditor,tests/trading/test_post_settlement_pipeline.py等3套,"盘后15:30硬时点 || 审查: 15:30硬时点纸面(build_post_settlement_jobs零调用方);QMT断供→SKIPPED→exit0无看门狗;L3公式忽略买卖方向(Fill契约无side);配对索引静默覆盖丢笔 || 收口: P1 L3忽略买卖方向+15:30纸面+SKIPPED无看门狗:挂起登记(接线裁定后修,Fill契约需side字段)",已审,已查,已查,已查,已查,已查,已查,9,0,0,0,收口中,docs/_working/deep_review_full/p0_money_path/rpt_r04.md,GLM-5.3-Flash/st-deeprev-20260918,2fa92002c3
R05,p0_money_path,盈亏与费用计算,算法,src/zephyr/trading/pnl_calculator.py:206(:176 AShareFeeCalculator),P0,recon_runner _compute_l3_pnl:285,tests/trading/test_pnl_calculator.py,费率错一分PnL全错 || 审查: 手算复算通过(费率对等);重启后avg_cost置0→浮盈=全市值静默错报(P1);三套费用模型并存;min5按fill非order || 收口: P1 avg_cost重启归零→浮盈=市值:挂起登记(修复点在#317改造区);P2三套费用模型并存:挂起;手算复算通过,已审,已查,已查,已查,已查,已查,已查,7,0,0,0,收口中,docs/_working/deep_review_full/p0_money_path/rpt_r05.md,GLM-5.3-Flash/st-deeprev-20260918,2fa92002c3
K01,p0_money_path,KillSwitch清仓链,闸门,src/zephyr/risk/stop_loss.py:98(:282/:545),P0,risk_layer_orchestrator/drawdown_bankruptcy_floor/systemic_risk_alert/boot_hooks,tests/trading/test_stop_loss.py; test_trading_kill_switch.py; tests/risk/test_kill_switch_state_persistence.py,触发不彻底=灾难 || 收口:清算'成功'=受理非成交+复核链零接线:挂起登记(接线裁定);15笔/秒注释被上交所细则证伪,待审,,,,,,,0,0,0,0,收口中,docs/_working/deep_review_full/p0_money_path/rpt_k01.md,,2fa92002c3
K02,p0_money_path,KillSwitch编排器,闸门,src/zephyr/autonomy_core/kill_switch_orchestrator.py:259,P0,boot_hooks/response_levels/风控validators,tests/autonomy/test_kill_switch_orchestrator.py等2套,五域总闸 || 收口:P0资金事故假处置(route_incident五级旗无消费)+系统级开关纯内存:挂起登记(接线+持久化裁定)——晨报置顶,待审,,,,,,,0,0,0,0,收口中,docs/_working/deep_review_full/p0_money_path/rpt_k02.md,,2fa92002c3
K03,p0_money_path,交易总停止闸StopGate,闸门,src/zephyr/trading/stop_gate.py:40,P0,auto_runtime_core/lifecycle_manager,tests/trading/test_stop_gate.py, || 收口:生产零调用+实为会话质量闸非交易闸:挂起登记(重分类+接线裁定);级别建议降P1,待审,,,,,,,0,0,0,0,收口中,docs/_working/deep_review_full/p0_money_path/rpt_k03.md,,2fa92002c3
K04,p0_money_path,风控否决引擎,闸门,src/zephyr/risk/core/risk_veto_engine.py:111(:138-217内置规则),P0,pre_execution_checker/trading_session(经risk_validation_bridge),tests/risk/core/test_risk_veto_engine.py,停牌/超仓/T+1/缺价Fail-Closed || 收口:引擎扎实但P35 T+1规则因sellable产源缺失生产空转:挂起登记(sellable产源立卡),待审,,,,,,,0,0,0,0,收口中,docs/_working/deep_review_full/p0_money_path/rpt_k04.md,,2fa92002c3
K05,p0_money_path,VaR计算器,算法,src/zephyr/risk/core/var_calculator.py:233,P0,risk_layer_orchestrator/var_intraday_recalc,tests/risk/test_var_calculator.py,"数据不足Fail-Closed || 收口:P2 NaN穿透确认并治本(isfinite raise),回归实弹+63/63绿;min_history=30立卡(Hendricks 1996)",待审,,,,,,,0,0,0,0,已收口,docs/_working/deep_review_full/p0_money_path/rpt_k05.md,,2fa92002c3
K06,p0_money_path,A股止损规则引擎,闸门,src/zephyr/risk/core/ashare_stop_loss_engine.py:286,P0,position core包/风控validator链,tests/risk/test_ashare_stop_loss_engine.py,跌停不可成交等A股口径 || 收口:P1零生产调用+RK-04/35/40产而不消(per-position止损整体缺位):挂起登记(Owner接线或退役裁定),待审,,,,,,,0,0,0,0,收口中,docs/_working/deep_review_full/p0_money_path/rpt_k06.md,,2fa92002c3
K07,p0_money_path,回撤控制器,闸门,src/zephyr/position/core/drawdown_controller.py:329,P0,risk_layer_orchestrator(头号依赖)/position core,tests/position/test_drawdown_controller.py,分级降仓+黑天鹅模式 || 收口:P2回补过50%仓位上限骤减一半(V形非单调)+BS-007黑天鹅分支休眠:挂起登记;NaN链随K05已断,待审,,,,,,,0,0,0,0,收口中,docs/_working/deep_review_full/p0_money_path/rpt_k07.md,,2fa92002c3
K08,p0_money_path,先报告后交易闸,闸门,src/zephyr/compliance/compliance_report_registry.py:133,P0,order_manager.py:70注入,tests/compliance/test_compliance_report_registry.py,"监管红线C-002 || 收口:P0监管闸全仓零注入+0/6 broker_ack:挂起登记(武装需券商ack数据流,盲武=C-002全拒单)——晨报置顶",待审,,,,,,,0,0,0,0,收口中,docs/_working/deep_review_full/p0_money_path/rpt_k08.md,,2fa92002c3
K09,p0_money_path,清仓执行保护,闸门,src/zephyr/risk/core/drawdown_liquidation_guard.py:108(:164),P1,drawdown清仓链,tests/risk/test_drawdown_liquidation_guard.py,撤单率/超时保护 || 收口:P1双守卫零接线+头注K01消费方不存在:挂起登记(与K01复核链一并接线);撤单率15%出处受阻待证,待审,,,,,,,0,0,0,0,收口中,docs/_working/deep_review_full/p0_money_path/rpt_k09.md,,2fa92002c3
D01,p1_decision_chain,RegimeDetector(HMM四态),算法,src/zephyr/regime/core/regime_detector.py:437(detect:510),P0,framework_composer/index_regime_panel/regime_adapter,tests/regime/test_regime_detector.py,生死线三件套之首 || 收口:P1断供→均匀分布属fallback语义裁定+hmmlearn版本回读:挂起登记(三腿互证rpt_d01/d05/d12);立卡Hungarian,待审,,,,,,,0,0,0,0,收口中,docs/_working/deep_review_full/p1_decision_chain/rpt_d01.md,,2fa92002c3
D02,p1_decision_chain,锚定状态机,算法,src/zephyr/regime/core/anchored_state_machine.py:142,P1,data/implementations/internal_compute_provider,tests/zephyr/regime/test_anchored_state_machine.py, || 收口:P1 r1-r4与D01撞名不同义:挂起登记(命名裁定),待审,,,,,,,0,0,0,0,收口中,docs/_working/deep_review_full/p1_decision_chain/rpt_d02.md,,2fa92002c3
D03,p1_decision_chain,机构Regime评分器,算法,src/zephyr/regime/institutional_regime_scorer.py:134,P1,regime包导出,tests/regime/test_institutional_regime_scorer.py," || 收口:P1 NaN VIX判20分确认并治本(域检查+degraded留痕+中性分),78/78绿;孤儿+成熟度虚标:挂起",待审,,,,,,,0,0,0,0,已收口,docs/_working/deep_review_full/p1_decision_chain/rpt_d03.md,,2fa92002c3
D04,p1_decision_chain,市场预测融合,算法,src/zephyr/regime/market_forecast_fusion.py:98,P1,sector_strength_aggregator(L1-AGG调节delta),tests/regime/test_market_forecast_fusion.py," || 收口:P1 NaN分布穿透确认并治本(_validate补NaN/Inf拒绝),78/78绿;tracker无持久化:挂起",待审,,,,,,,0,0,0,0,已收口,docs/_working/deep_review_full/p1_decision_chain/rpt_d04.md,,2fa92002c3
D05,p1_decision_chain,Regime特征构建器,管线,src/zephyr/regime/regime_feature_builder.py:124,P0,overlay_signals_builder/index_regime_panel/risk_signal_builder,无专属测试(缺口),"特征错=判定整体错且无测试兜底 || 收口:P1无专属测试+fail-open三通道:挂起登记(断供语义统一裁定,含D01/D12);真实数据画像缺=长尾",待审,,,,,,,0,0,0,0,收口中,docs/_working/deep_review_full/p1_decision_chain/rpt_d05.md,,2fa92002c3
D06,p1_decision_chain,筹码分布引擎,引擎,src/zephyr/regime/features/chip_distribution_engine.py:287(:194),P1,regime/features包内,tests/regime/test_chip_distribution_engine.py, || 收口:P2一字板日均匀分布注入(实测):挂起登记;声明态孤儿,待审,,,,,,,0,0,0,0,收口中,docs/_working/deep_review_full/p1_decision_chain/rpt_d06.md,,2fa92002c3
D07,p1_decision_chain,LPPL顶部探测,算法,src/zephyr/regime/features/lppl_detector.py:123,P2,regime/features包内,tests/regime/features/test_lppl_detector.py, || 收口:P1 valid>=1即+40恰达T4门槛(随机游走13.3%触发):挂起登记(阈值裁定);孤儿+立卡2,待审,,,,,,,0,0,0,0,收口中,docs/_working/deep_review_full/p1_decision_chain/rpt_d07.md,,2fa92002c3
D08,p1_decision_chain,合成VIX,算法,src/zephyr/regime/features/synthetic_vix.py:106,P1,regime/features包内(vol regime输入),tests/regime/test_synthetic_vix.py, || 收口:P2 dte<=0污染近月池+ATM口径≠CBOE/iVX:挂起登记;立卡2,待审,,,,,,,0,0,0,0,收口中,docs/_working/deep_review_full/p1_decision_chain/rpt_d08.md,,2fa92002c3
D09,p1_decision_chain,Wyckoff引擎(regime),引擎,src/zephyr/regime/features/wyckoff_engine.py:297,P2,regime/features包内,tests/regime/test_wyckoff_engine.py,有dimension_status降级 || 收口:P1 MVP回退支绕过证伪门(与D11同案):挂起登记(旁路拆除裁定);证伪态治理域内最佳,待审,,,,,,,0,0,0,0,收口中,docs/_working/deep_review_full/p1_decision_chain/rpt_d09.md,,2fa92002c3
D10,p1_decision_chain,指数Regime面板,管线,src/zephyr/regime/index_regime_panel.py:269,P1,regime包内/前端,tests/regime/test_index_regime_panel.py, || 收口:P2 F4断更恒0无补洞(D05同症两处承载分叉):挂起登记(合并修),待审,,,,,,,0,0,0,0,收口中,docs/_working/deep_review_full/p1_decision_chain/rpt_d10.md,,2fa92002c3
D11,p1_decision_chain,Overlay信号构建,管线,src/zephyr/regime/overlay_signals_builder.py:143,P1,regime包内,tests/regime/test_overlay_signals_builder.py,overlay直接改仓位语义 || 收口:P1 wyckoff回退支传导(与D09同案):挂起登记;32维key契约与D01精确对齐=已查无,待审,,,,,,,0,0,0,0,收口中,docs/_working/deep_review_full/p1_decision_chain/rpt_d11.md,,2fa92002c3
D12,p1_decision_chain,风险信号构建,管线,src/zephyr/regime/risk_signal_builder.py:71,P1,regime包内,tests/regime/test_risk_signal_builder.py, || 收口:P1 危机地板与HHI各两份实现:挂起登记(合并裁定);参数缺失→1.0归断供语义统一裁定,待审,,,,,,,0,0,0,0,收口中,docs/_working/deep_review_full/p1_decision_chain/rpt_d12.md,,2fa92002c3
D13,p1_decision_chain,周期分析器,算法,src/zephyr/regime/regime_cycle_analyzer.py:182,P2,regime包内,tests/regime/test_regime_cycle_analyzer.py, || 收口:P2 日历upcoming窗口结构性为空:挂起登记;驳回1,待审,,,,,,,0,0,0,0,收口中,docs/_working/deep_review_full/p1_decision_chain/rpt_d13.md,,2fa92002c3
D14,p1_decision_chain,风格Regime模型,算法,src/zephyr/regime/style_regime_model.py:64,P2,regime包内,tests/regime/test_style_regime_model.py, || 收口:P2 单期差分档未决率高+初态噪声:挂起登记;防抖状态机推演无死角,待审,,,,,,,0,0,0,0,收口中,docs/_working/deep_review_full/p1_decision_chain/rpt_d14.md,,2fa92002c3
D15,p1_decision_chain,波动率告警器,算法,src/zephyr/regime/volatility_regime_alerter.py:112,P2,regime包内,tests/regime/test_volatility_regime_alerter.py, || 收口:P2 零消费+MATURITY=production漂移(同D04/D07家族):挂起登记,待审,,,,,,,0,0,0,0,收口中,docs/_working/deep_review_full/p1_decision_chain/rpt_d15.md,,2fa92002c3
W01,p1_decision_chain,信号合成器,算法,src/zephyr/pf_alloc/core/signal_synthesis_combiner.py:209,P0,src内仅自身引用——接线存疑待裁定,tests/pf_alloc/test_signal_synthesis_combiner.py,孤儿嫌疑(关键缺口#3) || 收口:孤儿裁定成立;P1 NEUTRAL信号并入方向仓位(target_weight语义裁定):挂起登记,待审,,,,,,,0,0,0,0,收口中,docs/_working/deep_review_full/p1_decision_chain/rpt_w01.md,,2fa92002c3
W02,p1_decision_chain,Regime BMA加权,算法,src/zephyr/pf_alloc/core/regime_bma_weighting.py:122,P0,pf_alloc包内allocation链,tests/pf_alloc/test_regime_bma_weighting.py, || 收口:孤儿成立(W01权重源从未装配=上半段整链缺失);P1 IC min_samples=2 winner-take-all+重启丢态:挂起登记;立卡Elliott-Timmermann/Shi2016,待审,,,,,,,0,0,0,0,收口中,docs/_working/deep_review_full/p1_decision_chain/rpt_w02.md,,2fa92002c3
W03,p1_decision_chain,Regime元分配器,算法,src/zephyr/pf_alloc/core/regime_meta_allocator.py:199,P0,allocation_inputs/allocation_orchestrator,tests/pf_alloc/test_regime_meta_allocator.py,六段预算带源头;他会话在途施工 || 收口:唯一真实接线件;NaN三旁路实测(生产主链被上游清洗兜住):挂起登记(防御性isfinite裁定);双承载嫌疑裁定=无;'六段预算带'字样未检出:挂起核对,待审,,,,,,,0,0,0,0,收口中,docs/_working/deep_review_full/p1_decision_chain/rpt_w03.md,,2fa92002c3
W04,p1_decision_chain,策略相关性闸,闸门,src/zephyr/pf_alloc/core/strategy_correlation_gate.py:220,P1,pf_alloc包内,tests/pf_alloc/test_strategy_correlation_gate.py, || 收口:P1名义挂接零实际调用+空输入PASS fail-open+HARD_REJECT可降级:挂起登记(接线裁定);轴F受阻如实记,待审,,,,,,,0,0,0,0,收口中,docs/_working/deep_review_full/p1_decision_chain/rpt_w04.md,,2fa92002c3
W05,p1_decision_chain,风险预算分配,算法,src/zephyr/pf_alloc/core/risk_budget_allocator.py:29(:69/:79),P1,pf_alloc包内,tests/pf_alloc/test_risk_budget_allocator.py, || 收口:P1 risk_parity与inverse_var逐位相同(模式开关无效)+VaR符号互斥静默等权:挂起登记;CVaR与W06双实现窗口漂移(checklist#4实锤):挂起合并;立卡真ERC(Quantpedia/PO book§6.5),待审,,,,,,,0,0,0,0,收口中,docs/_working/deep_review_full/p1_decision_chain/rpt_w05.md,,2fa92002c3
W06,p1_decision_chain,尾部对冲信号,算法,src/zephyr/pf_alloc/core/tail_hedge_signal.py:27,P2,pf_alloc包内,tests/pf_alloc/test_tail_hedge_signal.py, || 收口:P2 CVaR尾窗多取1条+PIT契约缺失+文档失实:挂起登记;孤儿(experimental标注诚实),待审,,,,,,,0,0,0,0,收口中,docs/_working/deep_review_full/p1_decision_chain/rpt_w06.md,,2fa92002c3
W07,p1_decision_chain,回撤限额分配,闸门,src/zephyr/pf_alloc/core/maxdd_limit_allocator.py:88,P1,pf_alloc包内,tests/pf_alloc/test_maxdd_limit_allocator.py," || 收口:P1 NaN回撤判NORMAL满配确认并治本(dd NaN拒收+base_weight NaN拒收,对齐头注Fail-Closed不变量),12/12绿;孤儿+MATURITY失实:挂起",待审,,,,,,,0,0,0,0,已收口,docs/_working/deep_review_full/p1_decision_chain/rpt_w07.md,,2fa92002c3
B01,p1_decision_chain,事件驱动回测引擎,引擎,src/zephyr/backtest/implementations/event_driven_engine.py:102,P0,strategy_runner/implementations包,tests/backtest/test_event_driven_engine.py," || 收口:P1-T+1 tick级绕过确认并治本(根因=datetime全等比较→日历日归一化,兼容str/timestamp;探针复跑被拒;backtest域1792/1793);P1-tick年化量纲:挂起登记(metrics频率感知年化立卡)",待审,,,,,,,0,0,0,0,收口中,docs/_working/deep_review_full/p1_decision_chain/rpt_b01.md,,2fa92002c3
B02,p1_decision_chain,向量化回测引擎,引擎,src/zephyr/backtest/implementations/vectorized_engine.py:160,P0,implementations包/shrinkage_engine/event_driven,无专属测试(缺口),核心引擎缺测试 || 收口:反向立卡(T+1硬断言强于惯例);P2开关正交矩阵/信号面板异常吞没:挂起登记;无专属测试缺口保留观察,待审,,,,,,,0,0,0,0,收口中,docs/_working/deep_review_full/p1_decision_chain/rpt_b02.md,,2fa92002c3
B03,p1_decision_chain,撮合引擎,引擎,src/zephyr/backtest/core/matching_engine.py:152,P0,event_driven/vectorized引擎,tests/backtest/test_matching_engine.py,撮合错=成交价虚优 || 收口:P2 tick模式不查涨跌停+stkLimit双重fail-open:挂起登记(封板保护设计裁定),待审,,,,,,,0,0,0,0,收口中,docs/_working/deep_review_full/p1_decision_chain/rpt_b03.md,,2fa92002c3
B04,p1_decision_chain,回测数据装配器,引擎,src/zephyr/backtest/core/data_handler.py:68(:496 MultiSource),P0,pit_manager消费链/双引擎,tests/backtest/test_data_handler_pit.py, || 收口:P2两类Handler孤儿死码+多表PIT版本冲突静默任意取:挂起登记(退役/去留裁定),待审,,,,,,,0,0,0,0,收口中,docs/_working/deep_review_full/p1_decision_chain/rpt_b04.md,,2fa92002c3
B05,p1_decision_chain,PIT管理器,闸门,src/zephyr/backtest/core/pit_manager.py:74,P0,data_handler,tests/backtest/test_pit_manager.py,"PIT失守=回测全虚 || 收口:P1 embargo双承载漂移(pit_query默认0全仓零传参=生产PIT零隔离):挂起登记(默认值裁定,生产财务PIT真防线在引擎层+数据层哨兵)",待审,,,,,,,0,0,0,0,收口中,docs/_working/deep_review_full/p1_decision_chain/rpt_b05.md,,2fa92002c3
B06,p1_decision_chain,Tick重放器,引擎,src/zephyr/backtest/core/tick_replay.py:70,P1,event_driven_engine,tests/backtest/test_tick_replay_data_handler.py, || 收口:P2 sort_values非稳定排序确认并治本(kind=stable);P2缺列默认0+5秒聚合死路径:挂起登记,待审,,,,,,,0,0,0,0,收口中,docs/_working/deep_review_full/p1_decision_chain/rpt_b06.md,,2fa92002c3
B07,p1_decision_chain,CH Tick重放器,引擎,src/zephyr/backtest/implementations/ch_tick_replay.py,P2,implementations包内,tests/zephyr/backtest/test_ch_tick_replay.py, || 收口:P2 OHLC伪造=last_price未披露:挂起登记(真实OHLC源裁定);1档降级容量不可比:挂起,待审,,,,,,,0,0,0,0,收口中,docs/_working/deep_review_full/p1_decision_chain/rpt_b07.md,,2fa92002c3
B08,p1_decision_chain,WalkForward分析器,算法,src/zephyr/backtest/core/walk_forward.py:88,P1,双引擎,tests/backtest/test_walk_forward.py,窗口泄漏=样本外虚高 || 收口:P1三模式无purge/embargo(逐折再拟合调用方即裸奔):挂起登记(立卡:purge/embargo对齐);WRC名实不符:挂起,待审,,,,,,,0,0,0,0,收口中,docs/_working/deep_review_full/p1_decision_chain/rpt_b08.md,,2fa92002c3
B09,p1_decision_chain,CPCV切分,算法,src/zephyr/backtest/core/cpcv.py:64,P1,strategy_cpcv_matrix,tests/backtest/test_cpcv.py, || 收口:P2缺省t1=None/embargo=0名义CPCV实为裸CV:挂起登记(与B05同批裁定);PBO数学逐条核验通过,待审,,,,,,,0,0,0,0,收口中,docs/_working/deep_review_full/p1_decision_chain/rpt_b09.md,,2fa92002c3
B10,p1_decision_chain,策略CPCV矩阵,管线,src/zephyr/backtest/core/strategy_cpcv_matrix.py:83,P1,backtest/core内部,tests/backtest/test_strategy_cpcv_matrix.py, || 收口:孤儿(零import+[CONSUMERS]不实):挂起登记(退役/接线裁定);t1隐式契约:挂起,待审,,,,,,,0,0,0,0,收口中,docs/_working/deep_review_full/p1_decision_chain/rpt_b10.md,,2fa92002c3
B11,p1_decision_chain,成本归因,引擎,src/zephyr/backtest/core/cost_attribution.py:148,P1,result_repository/fw_backtest,tests/backtest/test_cost_attribution.py," || 收口:P1 ADV缺失→participation=1.0冲击腿55x虚高(生产artifact全量污染)确认并治本(分母按docstring退化到层代表ADV),对拍:修复前199.70bp→修复后3.63bp(与传ADV 3.65bp 1.00x),177/177绿;as_run轨未污染",待审,,,,,,,0,0,0,0,已收口,docs/_working/deep_review_full/p1_decision_chain/rpt_b11.md,,2fa92002c3
B12,p1_decision_chain,成本模型校准,引擎,src/zephyr/backtest/core/cost_model_calibration.py:77(:198),P0,backtest core成本链,tests/backtest/test_cost_model_calibration.py,生死线三件套之一 || 收口:P2 PROVENANCE工件与常量不同源(gamma=0复算):挂起登记(证据工件再生);数学/A股口径全过,待审,,,,,,,0,0,0,0,收口中,docs/_working/deep_review_full/p1_decision_chain/rpt_b12.md,,2fa92002c3
B13,p1_decision_chain,验证方法学runner,管线,src/zephyr/trading/validation/runner.py:480,P1,decay_watch/replay_drill,tests/trading/test_validation_runner.py; test_validation_ablation.py,REG-VALM-001五类验证 || 收口:P2 side窄匹配大小写分裂风险+14节点共享批级统计:挂起登记;热力最高印证文档漂移:挂起,待审,,,,,,,0,0,0,0,收口中,docs/_working/deep_review_full/p1_decision_chain/rpt_b13.md,,2fa92002c3
B14,p1_decision_chain,回测预检器,闸门,src/zephyr/backtest/core/preflight_checker.py:50,P2,backtest core,tests/backtest/test_preflight_checker.py, || 收口:P3零接线但MATURITY=production名不副实:挂起登记;required_tables=()假绿边缘:挂起,待审,,,,,,,0,0,0,0,收口中,docs/_working/deep_review_full/p1_decision_chain/rpt_b14.md,,2fa92002c3
B15,p1_decision_chain,策略验证管线,管线,src/zephyr/backtest/core/strategy_validation_pipeline.py:67,P1,decision_gate/双引擎,tests/backtest/test_strategy_validation_pipeline.py, || 收口:P2'DSR默认关闭'文档vs默认0.95开启现实相反:挂起登记(文档三方矛盾);窗口前视防线0=注入式by-design,待审,,,,,,,0,0,0,0,收口中,docs/_working/deep_review_full/p1_decision_chain/rpt_b15.md,,2fa92002c3
B16,p1_decision_chain,C1收缩对比runner,管线,src/zephyr/backtest/regime_validation/c1_runner.py:96,P1,regime_validation,tests/backtest/test_c1_runner.py, || 收口:P3死指针[CONSUMERS](run_c1.py不存在):挂起登记;半孤儿实调用在tests,待审,,,,,,,0,0,0,0,收口中,docs/_working/deep_review_full/p1_decision_chain/rpt_b16.md,,2fa92002c3
B17,p1_decision_chain,C4 DSR runner,管线,src/zephyr/backtest/regime_validation/c4_deflated_sharpe_runner.py:62,P2,regime_validation,tests/backtest/test_c4_deflated_sharpe_runner.py, || 收口:P2 n_trial默认=批内变体数跨批不累计(防线在默认是坑)+str(name)键碰撞:挂起登记,待审,,,,,,,0,0,0,0,收口中,docs/_working/deep_review_full/p1_decision_chain/rpt_b17.md,,2fa92002c3
F01,p1_decision_chain,Alpha信号管线,管线,src/zephyr/signal_fundamental/pipeline.py:102,P0,_g04_ops_check/factor包/risk cross_asset适配,tests/pipeline/test_alpha_signal_pipeline.py, || 收口:生产零调用(backtest.py:441跳过已坏)+run()信号被丢弃+幂等违约+跨run污染:挂起登记(退役裁定);两项复算实锤,待审,,,,,,,0,0,0,0,收口中,docs/_working/deep_review_full/p1_decision_chain/rpt_f01.md,,2fa92002c3
F02,p1_decision_chain,因子工厂阶段闸,引擎,src/zephyr/factor/factor_factory.py:78(:160),P1,factor包内,tests/factor/test_factor_factory.py," || 收口:P1 ITERATION→VALIDATION后底层FSM=retired且回炉因子照常注册+三重门禁缺省lambda:True全开(复算实锤):挂起登记——F06挖矿基建接线前必修,晨报关注",待审,,,,,,,0,0,0,0,收口中,docs/_working/deep_review_full/p1_decision_chain/rpt_f02.md,,2fa92002c3
F03,p1_decision_chain,WQ Alpha87算子库,引擎,src/zephyr/factor/wq_alpha_87.py:91,P1,factor包内,tests/factor/test_wq_alpha_87.py,"87算子逐个语义审查 || 收口:P1 复权口径无强制=批量因子地基隐患:挂起登记;19算子+15公式逐式核(WQ101对拍),#9/#24疑点驳回;生产零接线",待审,,,,,,,0,0,0,0,收口中,docs/_working/deep_review_full/p1_decision_chain/rpt_f03.md,,2fa92002c3
F04,p1_decision_chain,UFL确定性分层,闸门,src/zephyr/factor/ufl_deterministic_layer.py:70(:84),P1,factor包内,tests/factor/test_ufl_deterministic_layer.py, || 收口:P2 孤儿+纯内存台账重启失忆:挂起登记,待审,,,,,,,0,0,0,0,收口中,docs/_working/deep_review_full/p1_decision_chain/rpt_f04.md,,2fa92002c3
F05,p1_decision_chain,技术指标注册引擎,引擎,src/zephyr/factor/technical_indicators/indicator_base.py:175(:254),P0,technical_indicators各族8文件,tests/zephyr/factor/technical_indicators/test_indicator_base.py,指标库地基 || 收口:P2 autodiscover sys.path[0]污染+坏模块静默缩水:挂起登记;立卡TA-Lib数值对拍,待审,,,,,,,0,0,0,0,收口中,docs/_working/deep_review_full/p1_decision_chain/rpt_f05.md,,2fa92002c3
S01,p1_decision_chain,水温传感器五档,算法,src/zephyr/signal_ashare/core/daily_condition_sensor.py:45,P0,L1-AGG温度计/TDM-E-L2响应链,tests/signal_ashare/test_daily_condition_sensor.py, || 收口:P1 0/None无区分防线+与sector_gate五档双承载无桥接:挂起登记;生产调用方=0待接线;F受阻,待审,,,,,,,0,0,0,0,收口中,docs/_working/deep_review_full/p1_decision_chain/rpt_s01.md,,2fa92002c3
S02,p1_decision_chain,板块强度聚合器,算法,src/zephyr/signal_ashare/core/sector_strength_aggregator.py:85(:139),P0,L1-AGG/market_forecast_fusion,tests/signal_ashare/test_sector_strength_aggregator.py,"他会话在途新测试文件,收口注意 || 收口:P1 子分上界缺失+INVARIANTS声明clamp矛盾:挂起登记;他会话0字节同名测试文件在途备注",待审,,,,,,,0,0,0,0,收口中,docs/_working/deep_review_full/p1_decision_chain/rpt_s02.md,,2fa92002c3
S03,p1_decision_chain,个股精评分引擎,算法,src/zephyr/signal_ashare/fine_scoring_engine.py:52,P0,candidate_pool_aggregator/coarse_funnel/conditional_density,tests/signal_ashare/test_fine_scoring_engine.py," || 收口:P1 单NaN毒化全横截面(实证):挂起登记(score_fine零调用方=接线期地雷,接线时必修);MATURITY失实",待审,,,,,,,0,0,0,0,收口中,docs/_working/deep_review_full/p1_decision_chain/rpt_s03.md,,2fa92002c3
S04,p1_decision_chain,主线概率,算法,src/zephyr/signal_ashare/mainline_probability.py:111,P1,position_sector_context/sector_ecology_judge,tests/signal_ashare/test_mainline_probability.py, || 收口:P1 money_flow NULL→0资金维静默压0(D10同症):挂起登记;有域内消费链,待审,,,,,,,0,0,0,0,收口中,docs/_working/deep_review_full/p1_decision_chain/rpt_s04.md,,2fa92002c3
S05,p1_decision_chain,市场九宫格传感,算法,src/zephyr/signal_ashare/market_state_sensor.py:90(:110),P1,daily_condition_sensor,tests/signal_ashare/test_market_state_sensor.py," || 收口:P2 差一崩溃确认并治本(门槛=max(min_history,long_window+1)),n=60拒绝n=61通过,30/30绿;断档静默/SQL format:挂起;loader同构复制与S12同族:挂起",待审,,,,,,,0,0,0,0,已收口,docs/_working/deep_review_full/p1_decision_chain/rpt_s05.md,,2fa92002c3
S06,p1_decision_chain,个股信号强度,算法,src/zephyr/signal_ashare/stock_signal_strength.py:82,P1,signal_ashare包内,tests/signal_ashare/test_stock_signal_strength.py," || 收口:P1 全零量→NaN弱标签确认并治本(零成交中性降级+留痕),探针过30/30绿;复权口径未约定:挂起",待审,,,,,,,0,0,0,0,已收口,docs/_working/deep_review_full/p1_decision_chain/rpt_s06.md,,2fa92002c3
S07,p1_decision_chain,缠论结构识别,算法,src/zephyr/signal_ashare/chanlun_structure.py:78,P1,signal_ashare包内,tests/signal_ashare/test_chanlun_structure.py, || 收口:P2 严格笔'独立K线>=5'双解释未裁定:挂起登记;有真实消费链非孤儿;F受阻,待审,,,,,,,0,0,0,0,收口中,docs/_working/deep_review_full/p1_decision_chain/rpt_s07.md,,2fa92002c3
S08,p1_decision_chain,粗筛漏斗,管线,src/zephyr/signal_ashare/screening/coarse_screening_funnel.py:44,P1,fine_scoring_engine上游,tests/signal_ashare/screening/test_coarse_screening_funnel.py, || 收口:P1 五维默认值=通过值全域唯一fail-open反例:挂起登记(接线时必修);F受阻,待审,,,,,,,0,0,0,0,收口中,docs/_working/deep_review_full/p1_decision_chain/rpt_s08.md,,2fa92002c3
S09,p1_decision_chain,趋势线支撑压力,算法,src/zephyr/signal_ashare/trendline_sr_detector.py:63,P2,signal_ashare包内,tests/signal_ashare/test_trendline_sr_detector.py, || 收口:P2 max_levels截断后选取支撑压力错位:挂起登记;断供降级语义全域最健康,待审,,,,,,,0,0,0,0,收口中,docs/_working/deep_review_full/p1_decision_chain/rpt_s09.md,,2fa92002c3
S10,p1_decision_chain,指数共振评分,算法,src/zephyr/signal_ashare/index_resonance_scorer.py:92,P2,signal_ashare包内,tests/signal_ashare/test_index_resonance_scorer.py," || 收口:P1 全平序列假卖出75.2置信确认并治本(RSI平坦中性+四族等值边界三态化),复验中性0.0,15/15绿;stale照发:挂起",待审,,,,,,,0,0,0,0,已收口,docs/_working/deep_review_full/p1_decision_chain/rpt_s10.md,,2fa92002c3
S11,p1_decision_chain,机构行为分析器,算法,src/zephyr/signal_ashare/institutional_behavior_analyzer.py:93,P2,signal_ashare包内,tests/signal_ashare/test_institutional_behavior_analyzer.py, || 收口:P1 缺数据双向各拿满分(缺数据=双加分非中性):挂起登记;状态机真身在orchestrator(头注失实):挂起,待审,,,,,,,0,0,0,0,收口中,docs/_working/deep_review_full/p1_decision_chain/rpt_s11.md,,2fa92002c3
S12,p1_decision_chain,市场生命周期相位,算法,src/zephyr/signal_ashare/market_lifecycle_phase.py:97,P2,signal_ashare包内,tests/signal_ashare/test_market_lifecycle_phase.py, || 收口:P2 禁为约束传感器无置信门槛+stale静默:挂起登记;与S05 loader模板级复制:挂起合并,待审,,,,,,,0,0,0,0,收口中,docs/_working/deep_review_full/p1_decision_chain/rpt_s12.md,,2fa92002c3
M01,p1_decision_chain,次日概率闸,闸门,src/zephyr/signal_ashare/ml_forecast/next_day_probability_gate.py:90(:172),P0,signal_ashare包导出链,tests/signal_ashare/ml_forecast/test_next_day_probability_gate.py,预测→行动最终闸 || 收口:P2 sink异常击穿'拦截不抛错'门语义:挂起登记;孤儿,待审,,,,,,,0,0,0,0,收口中,docs/_working/deep_review_full/p1_decision_chain/rpt_m01.md,,2fa92002c3
M02,p1_decision_chain,次日八态预测,算法,src/zephyr/signal_ashare/ml_forecast/next_day_8state_forecast.py:78,P1,probability_gate上游,tests/signal_ashare/ml_forecast/test_next_day_8state_forecast.py, || 收口:P2 symbol直插SQL+指数分红季GAP误判偏置:挂起登记;消费方真实健康,待审,,,,,,,0,0,0,0,收口中,docs/_working/deep_review_full/p1_decision_chain/rpt_m02.md,,2fa92002c3
M03,p1_decision_chain,条件密度预测,算法,src/zephyr/signal_ashare/ml_forecast/conditional_density_predictor.py:56,P1,ml_forecast包内,tests/signal_ashare/ml_forecast/test_conditional_density_predictor.py," || 收口:P2 window=0静默不截断+无config校验确认并治本(__post_init__四防:window/min_samples/quantiles单调/var_level),302/302绿;NaN全链裸奔:挂起(接线期必修)",待审,,,,,,,0,0,0,0,已收口,docs/_working/deep_review_full/p1_decision_chain/rpt_m03.md,,2fa92002c3
M04,p1_decision_chain,保形预测族,算法,src/zephyr/signal_ashare/ml_forecast/conformal_predictor.py:54(+tcp_rm/adaptive两变体),P1,ml_forecast包内,tests/signal_ashare/ml_forecast/test_conformal_predictor.py,"覆盖率失真=置信虚高;三变体D轴合并审查 || 收口:P1 CP-VaR双侧target对单侧破位统计口径错位确认并治本(target=(1-coverage)/2),既有测试契约同步收紧0.2→0.1+gap0.4,302/302绿;044主件NaN→(nan,nan):挂起(生产消费变体,接线期必修);立卡ACI待核",待审,,,,,,,0,0,0,0,已收口,docs/_working/deep_review_full/p1_decision_chain/rpt_m04.md,,2fa92002c3
T01,p1_decision_chain,TDM决策地图加载校验,闸门,src/zephyr/trading/decision_map.py:348(:215/:230),P0,decision_map_gate/algo_note_sync_gate/strategy_factory_map_gate/api_server,tests/trading/test_decision_map.py,"决策链单一真源 || 收口:P2 矩阵格(node_id,state)可重复+_CODE_STRATEGY_IDS手工清单违§9.5:挂起登记;立卡SR26-2/Fed2026",待审,,,,,,,0,0,0,0,收口中,docs/_working/deep_review_full/p1_decision_chain/rpt_t01.md,,2fa92002c3
T02,p1_decision_chain,策略intake准入,闸门,src/zephyr/strategy_pipeline/intake.py:263(fdr_gate:80),P0,api_server等,tests/strategy_pipeline/test_intake.py; tests/backtest/test_factory_intake_pipeline.py," || 收口:P1 decay=None/空segments三条件静默通过(fail-open,接线期必修):挂起登记——intake是活闸,行为收紧需裁定+灰度;差异化指纹空集穿透:挂起",待审,,,,,,,0,0,0,0,收口中,docs/_working/deep_review_full/p1_decision_chain/rpt_t02.md,,2fa92002c3
T03,p1_decision_chain,日度决策编排器,管线,src/zephyr/strategy_pipeline/daily_decision_orchestrator.py:582,P0,pipeline_events/decision_daily schema,tests/strategy_pipeline/test_decision_orchestrator.py, || 收口:P2 regime confidence=NULL炸腿全日无快照+euphoria只卖不买未结构化落列:挂起登记,待审,,,,,,,0,0,0,0,收口中,docs/_working/deep_review_full/p1_decision_chain/rpt_t03.md,,2fa92002c3
T04,p1_decision_chain,生命周期FSM,状态机,src/zephyr/strategy_pipeline/lifecycle_fsm.py:112(:75 SimPromotionGuard),P1,strategy_pipeline包内,tests/strategy_pipeline/test_lifecycle_fsm.py,越级晋升防护 || 收口:P2 FSM无持久化+base reset可绕guard(防线实为注册表CAS+OwnerToken三层在位):挂起登记,待审,,,,,,,0,0,0,0,收口中,docs/_working/deep_review_full/p1_decision_chain/rpt_t04.md,,2fa92002c3
T05,p1_decision_chain,前向回测窗口/指纹,管线,src/zephyr/strategy_pipeline/fw_backtest.py:132,P1,cost_attribution/intake链,tests/strategy_pipeline/test_fw_backtest.py, || 收口:P1 滚动窗口不在指纹内→证据窗永久冻结陈窗直供promotion:挂起登记(指纹语义裁定);bh_fdr:26引文错挂勘误登记,待审,,,,,,,0,0,0,0,收口中,docs/_working/deep_review_full/p1_decision_chain/rpt_t05.md,,2fa92002c3
T06,p1_decision_chain,晋升建议器,管线,src/zephyr/strategy_pipeline/promotion_advisory.py:110,P2,strategy_pipeline包内,tests/strategy_pipeline/test_promotion_advisory.py, || 收口:P1 token=None×API零认证×CORS *=drive-by可批晋升:挂起登记——晨报关注(认证半径裁定);'连续2月'累计口径:挂起,待审,,,,,,,0,0,0,0,收口中,docs/_working/deep_review_full/p1_decision_chain/rpt_t06.md,,2fa92002c3
G01,p1_decision_chain,基本面信号合成器,算法,src/zephyr/signal_fundamental/synth/signal_synthesizer.py:58,P1,signal_fundamental pipeline/combiner,tests/trading/integration/test_signal_synthesizer_contract.py,"combiner域33行stub嫌疑(关键缺口#4) || 收口:P1 stub确认(全仓零实现registry恒空)+幂等键含uuid(复算实锤):挂起登记——stub填实或退役裁定,晨报关注",待审,,,,,,,0,0,0,0,收口中,docs/_working/deep_review_full/p1_decision_chain/rpt_g01.md,,2fa92002c3
G02,p1_decision_chain,基本面选股漏斗,管线,src/zephyr/signal_fundamental/selection_funnel.py:93,P1,signal_fundamental包内,tests/signal_fundamental/test_selection_funnel.py, || 收口:P2 适配层孤儿+北交所fail-open防呆纯文档:挂起登记;骨架数学无缺陷,待审,,,,,,,0,0,0,0,收口中,docs/_working/deep_review_full/p1_decision_chain/rpt_g02.md,,2fa92002c3
G03,p1_decision_chain,负面事实否决闸,闸门,src/zephyr/signal_fundamental/negative_veto.py:42,P0,signal_fundamental包内,tests/signal_fundamental/test_negative_veto.py,"否决失效=踩雷股放行 || 收口:P2 半孤儿+上游断供静默空转无统计:挂起登记;单件数学零缺陷,接线后P0风险成立",待审,,,,,,,0,0,0,0,收口中,docs/_working/deep_review_full/p1_decision_chain/rpt_g03.md,,2fa92002c3
E01,p1_decision_chain,卖出信号融合引擎,算法,src/zephyr/sell_decision/core/sell_signal_fusion_engine.py:159,P0,sell_decision core导出,tests/sell_decision/test_sell_signal_fusion_engine.py,"裁定#309:卖出族12件整族挂起——审查继续,施工受裁定约束 || 收口:P1 族级结构性孤儿(全仓包外零导入)=裁定#309机械互证:挂起;单信号HIGH无佐证折减:挂起",待审,,,,,,,0,0,0,0,收口中,docs/_working/deep_review_full/p1_decision_chain/rpt_e01.md,,2fa92002c3
E02,p1_decision_chain,卖出信号评分器,算法,src/zephyr/sell_decision/core/sell_signal_scorer.py:68(:92),P1,sell_decision融合链,tests/sell_decision/test_sell_signal_scorer.py, || 收口:P2 无统计时全体×0.5默认降权+与E01 UNKNOWN口径相反:挂起登记(族内对账),待审,,,,,,,0,0,0,0,收口中,docs/_working/deep_review_full/p1_decision_chain/rpt_e02.md,,2fa92002c3
E03,p1_decision_chain,止损策略(sell),算法,src/zephyr/sell_decision/core/stop_loss_strategy.py:121(:131),P1,sell_decision执行链,tests/sell_decision/test_stop_loss_strategy.py," || 收口:P1 ATR缺失降级锚entry致盈利期悬崖确认并治本(锚点同构=max(最高收盘,entry),debug升warning),365/365绿;take_profit单源复用同步受益;降级不按phase:挂起",待审,,,,,,,0,0,0,0,已收口,docs/_working/deep_review_full/p1_decision_chain/rpt_e03.md,,2fa92002c3
E04,p1_decision_chain,买卖冲突仲裁器,闸门,src/zephyr/sell_decision/core/sell_conflict_arbitrator.py:118(:146),P1,sell_decision包内,tests/sell_decision/test_sell_conflict_arbitrator.py, || 收口:P2 RISK子串匹配脆弱+NO_CONFLICT直通不进事件流:挂起登记,待审,,,,,,,0,0,0,0,收口中,docs/_working/deep_review_full/p1_decision_chain/rpt_e04.md,,2fa92002c3
E05,p1_decision_chain,持仓分诊,算法,src/zephyr/sell_decision/core/position_triage.py:72,P1,sell_decision包内,tests/sell_decision/test_position_triage.py," || 收口:P1 价格跌破止损线判MONITOR确认并治本(破位即WATCH前置),365/365绿;NaN delta静默放宽:挂起",待审,,,,,,,0,0,0,0,已收口,docs/_working/deep_review_full/p1_decision_chain/rpt_e05.md,,2fa92002c3
E06,p1_decision_chain,分批卖出,算法,src/zephyr/sell_decision/core/scaling_out.py,P2,sell_decision包内,tests/sell_decision/test_scaling_out.py, || 收口:P2 与E03同spec两处实现分化(本件是正确示范)+1/3实为0.33:挂起登记(族内对账时统一),待审,,,,,,,0,0,0,0,收口中,docs/_working/deep_review_full/p1_decision_chain/rpt_e06.md,,2fa92002c3
T08,p1_decision_chain,TDM全图对账,对账,docs/01_policies_and_standards/alignment_checklist.md + config/trading_decision_map.yaml,P1,全链,对齐闸体系,全景vs TDM地图节点对账=封矿判据零缺口证明,待审,,,,,,,0,0,0,0,待收口,docs/_working/deep_review_full/p1_decision_chain/rpt_t08.md,,2fa92002c3
I01,p2_infra,IntegratorScheduler主调度,调度,src/zephyr/data/scheduler.py:449,P1,常驻进程 python -m zephyr.data start,tests/zephyr/data/test_data_scheduler.py,11.7万字节单点;schedule.yaml不热载前科 || 收口:P2 先删后写非原子+delete_where返回值忽略双写+error路径缓冲丢弃+同源并发无互斥:挂起登记;立卡durable-execution,待审,,,,,,,0,0,0,0,收口中,docs/_working/deep_review_full/p2_infra/rpt_i01.md,,2fa92002c3
I02,p2_infra,调度监控+metrics,调度,"src/zephyr/data/scheduler.py:2429(monitor:2387,锁:86)",P1,生产守护,test_data_scheduler.py,:9100 metrics;daily_crypto错挂executor前科 || 收口:P2 executor悬空无启动防线+CRITICAL只进日志+check_consecutive_failures死代码:挂起登记,待审,,,,,,,0,0,0,0,收口中,docs/_working/deep_review_full/p2_infra/rpt_i02.md,,2fa92002c3
I03,p2_infra,数据CLI,管线,src/zephyr/data/cli.py:333(:390 main),P2,值班/守护脚本,tests/zephyr/data/test_data_cli.py,pause/resume应急熔断 || 收口:P1 pause/resume仅本进程内存生效对常驻调度器熔断无效:挂起登记(立卡控制面反模式)——晨报关注,待审,,,,,,,0,0,0,0,收口中,docs/_working/deep_review_full/p2_infra/rpt_i03.md,,2fa92002c3
I04,p2_infra,DataService查询服务,管线,src/zephyr/data/data_service.py:96(:257),P2,策略/回调查询(PIT/lineage后端),tests/zephyr/data/test_data_service.py, || 收口:P2 query_pit_bitemporal report_period格式契约无文档(全丢/全留风险):挂起登记,待审,,,,,,,0,0,0,0,收口中,docs/_working/deep_review_full/p2_infra/rpt_i04.md,,2fa92002c3
I05,p2_infra,Provider基类+能力契约,管线,src/zephyr/data/provider_base.py:202(:106/:58/:79),P1,全部235任务,tests/zephyr/data/test_provider_base.py, || 收口:P2 thread_safety三态声明全仓零执行点(契约幻觉):挂起登记,待审,,,,,,,0,0,0,0,收口中,docs/_working/deep_review_full/p2_infra/rpt_i05.md,,2fa92002c3
I06,p2_infra,QMT桥采集Provider,管线,src/zephyr/data/implementations/qmt_bridge_provider.py:156,P1,全部miniqmt源任务,tests/frontend/test_qmt_bridge_health.py,断桥=盘中断供(10061前科) || 收口:P2 分钟K合成分支漏传rows_fetched(游标冻结+窗口膨胀+0行告警):挂起登记(tasks.yaml在途定格后复核),待审,,,,,,,0,0,0,0,收口中,docs/_working/deep_review_full/p2_infra/rpt_i06.md,,2fa92002c3
I07,p2_infra,Tick订阅器,管线,src/zephyr/data/tick_subscriber.py:225(:1453),P1,intraday_realtime任务,tests/zephyr/data/test_tick_subscriber.py,盘中高频路径 || 收口:P2 午休90min重订阅风暴+WAL背压唯一真丢tick路径:挂起登记,待审,,,,,,,0,0,0,0,收口中,docs/_working/deep_review_full/p2_infra/rpt_i07.md,,2fa92002c3
I08,p2_infra,ch_writer统一写入,存储,src/zephyr/data/ch_writer.py:757/:818/:832(get_client:153),P1,全部235任务,tests/zephyr/data/test_ch_writer.py,"唯一写入口,写坏=全库污染 || 收口:P1 引擎缓存投毒(空串永久缓存invalidate不清→FINAL全表永久失效)+主写入链绕过quality_gate:挂起登记——晨报关注,接线期必修",待审,,,,,,,0,0,0,0,收口中,docs/_working/deep_review_full/p2_infra/rpt_i08.md,,2fa92002c3
I09,p2_infra,ch_reader只读查询,存储,src/zephyr/data/ch_reader.py:95,P2,DataService/巡检,无专项测试(缺口), || 收口:P2 FINAL注入三通道静默失效+count失败返0不可分+零测试:挂起登记,待审,,,,,,,0,0,0,0,收口中,docs/_working/deep_review_full/p2_infra/rpt_i09.md,,2fa92002c3
I10,p2_infra,缓冲写入器,管线,src/zephyr/data/buffered_writer.py:62,P2,news/事件任务(300s flush),无专项测试(缺口),缓冲丢失窗口 || 收口:P2 300s内存窗口崩溃静默丢(news不可重放源)+flush弃置回灌竞态:挂起登记,待审,,,,,,,0,0,0,0,收口中,docs/_working/deep_review_full/p2_infra/rpt_i10.md,,2fa92002c3
I11,p2_infra,缺口探测,管线,src/zephyr/data/backfill_checker.py:176,P2,weekend/daily_backfill,tests/zephyr/data/test_backfill_checker_kline_index.py, || 收口:P2 tick补下载通道未随miniQMT退役迁移(缺口永远补不上)+17:00系统性误补:挂起登记,待审,,,,,,,0,0,0,0,收口中,docs/_working/deep_review_full/p2_infra/rpt_i11.md,,2fa92002c3
I12,p2_infra,自动补下载器,管线,src/zephyr/data/auto_backfiller.py:118(:85),P2,调度器补下载层,tests/zephyr/data/test_auto_backfiller.py, || 收口:P2 生产装配点grep=0孤儿嫌疑+无日历注入周末分片:挂起登记,待审,,,,,,,0,0,0,0,收口中,docs/_working/deep_review_full/p2_infra/rpt_i12.md,,2fa92002c3
I13,p2_infra,补跑守卫,调度,src/zephyr/data/catchup_guard.py:168(锁:91),P2,catchup_guard时段05:30,tests/zephyr/data/test_catchup_guard.py,错过档期唯一自救(测试日期漂移史案#2) || 收口:P2 对账分桶漂移(新时段不入桶静默跳出对账):挂起登记(#14配置版),待审,,,,,,,0,0,0,0,收口中,docs/_working/deep_review_full/p2_infra/rpt_i13.md,,2fa92002c3
I14,p2_infra,完整性巡检,管线,src/zephyr/data/integrity_checker.py:253(:204),P2,integrity_check时段23:00,tests/zephyr/data/test_integrity_checker.py, || 收口:P2 任务级对账时序假阳性(23:00巡检vs23:35任务=每日假ERROR告警疲劳)+-8h硬编码:挂起登记,待审,,,,,,,0,0,0,0,收口中,docs/_working/deep_review_full/p2_infra/rpt_i14.md,,2fa92002c3
I15,p2_infra,一致预期交叉验证,管线,src/zephyr/data/consensus_crosscheck.py,P2,consensus_crosscheck时段23:30,无专项(相关test_expectation_governance), || 收口:P3 茅台探针forecast_year=2026时间炸弹确认并治本(max(forecast_year<=当年)跨年自愈);新鲜度口径漂移:挂起;专项测试从未入库与报告一致(测试缺口挂起),待审,,,,,,,0,0,0,0,已收口,docs/_working/deep_review_full/p2_infra/rpt_i15.md,,2fa92002c3
I16,p2_infra,双源交叉验证,管线,src/zephyr/data/cross_source_validator.py:105,P3,冗余源校验,tests/zephyr/data/test_cross_source_validator.py, || 收口:孤儿死码(头注消费者不存在)+备源零值静默跳过假绿:挂起登记(接线或退役),待审,,,,,,,0,0,0,0,收口中,docs/_working/deep_review_full/p2_infra/rpt_i16.md,,2fa92002c3
I17,p2_infra,数据源策略注册,管线,src/zephyr/data/policy_registry.py:188(:49),P2,调度器/Provider,tests/zephyr/data/test_policy_registry.py, || 收口:P1 CLI pause死控(跨进程不生效+热更新冲掉)+DEFAULT与yaml双真源分叉:挂起登记(熔断持久化立卡),待审,,,,,,,0,0,0,0,收口中,docs/_working/deep_review_full/p2_infra/rpt_i17.md,,2fa92002c3
I18,p2_infra,capability语义/符号门,管线,src/zephyr/data/capability_semantic_gate.py:177 + capability_symbol_gate.py:286,P3,commit门禁,tests/zephyr/data/test_capability_semantic_gate.py等2套, || 收口:P1 semantic白名单gate未接电(零消费方)+ImportFrom形态全漏提:挂起登记;F受阻如实记,待审,,,,,,,0,0,0,0,收口中,docs/_working/deep_review_full/p2_infra/rpt_i18.md,,2fa92002c3
I19,p2_infra,任务水位存储,存储,src/zephyr/data/progress_store.py:57,P2,调度器全任务,tests/zephyr/data/test_progress_store.py,打卡错=补跑误判 || 收口:P1 last_key非ISO增量静默跳档+reap误标活跃run+DEFERRED水位前进藏断供(5510案存储侧同谋):挂起登记,待审,,,,,,,0,0,0,0,收口中,docs/_working/deep_review_full/p2_infra/rpt_i19.md,,2fa92002c3
I20,p2_infra,数据域告警出口,管线,src/zephyr/data/alerter.py:65,P2,巡检/监控,tests/zephyr/data/test_alerter.py,报警失效=静默断供 || 收口:P2 连续3天升级告警零调用空转+失败率WARN不落盘前端不可见:挂起登记,待审,,,,,,,0,0,0,0,收口中,docs/_working/deep_review_full/p2_infra/rpt_i20.md,,2fa92002c3
I21,p2_infra,CH parts监控,管线,src/zephyr/data/ch_parts_monitor.py:119(:165),P3,运维,tests/zephyr/data/test_ch_parts_monitor.py, || 收口:P2 CH超时时监控最盲+docstring三处漂移:挂起登记;立卡CH内生背压(URL实证),待审,,,,,,,0,0,0,0,收口中,docs/_working/deep_review_full/p2_infra/rpt_i21.md,,2fa92002c3
I22,p2_infra,分钟K重采样,管线,src/zephyr/data/kline_resampler.py:172,P3,resample任务(880板块),tests/zephyr/data/test_kline_resampler.py, || 收口:P2 窗口标签/时区两隐含假设未对账(同型4.12亿行ETF事故在案)+调度悬空:挂起登记,待审,,,,,,,0,0,0,0,收口中,docs/_working/deep_review_full/p2_infra/rpt_i22.md,,2fa92002c3
I23,p2_infra,本地降级回放,存储,src/zephyr/data/local_replay.py:80,P2,写失败降级路径,tests/zephyr/data/test_local_replay.py,保命件;5510件滞留史案 || 收口:P1 积压无告警出口(5510冻19h的洞仍在)+fs锁两处旁路+毒文件永生:挂起登记;lease修复质量高;立卡DLQ化,待审,,,,,,,0,0,0,0,收口中,docs/_working/deep_review_full/p2_infra/rpt_i23.md,,2fa92002c3
I24,p2_infra,DatabaseService,存储,src/zephyr/infrastructure/database_service.py:86(:365),P2,infra/治理域,tests/governance/data_layer/test_database_service.py," || 收口:P2 (reader,default)槽三消费方裸execute无串行化+dashboard持base全权账号:挂起登记;立卡池化",待审,,,,,,,0,0,0,0,收口中,docs/_working/deep_review_full/p2_infra/rpt_i24.md,,2fa92002c3
I25,p2_infra,CH DDL部署器,存储,"scripts/ch/apply_market_tables_ddl.py:1084(:1150,main:1197)",P1,部署流程,无专项(脚本verify自验),"DDL-as-Code真源schemas/categories;他会话在途改此文件,收口注意 || 收口:P2 建表段无条件✓假成功前科残余(daban_engine_load漏出引擎矩阵):挂起登记;他会话MM在途收口重验;立卡迁移台账",待审,,,,,,,0,0,0,0,收口中,docs/_working/deep_review_full/p2_infra/rpt_i25.md,,2fa92002c3
I26,p2_infra,面板API服务,前端,src/zephyr/frontend/dashboard/api_server.py:56(uvicorn:4449),P2,dashboard面板,tests/frontend/test_api_server_ch_timeout.py等3套,4453行大文件;CH单连接锁 || 收口:P0 CORS*+无鉴权/api/promotion-decide(Owner门位)+持仓可被任意网页drive-by读取:挂起登记——晨报置顶(与T06同面更强);4453行72commits全仓最热,待审,,,,,,,0,0,0,0,收口中,docs/_working/deep_review_full/p2_infra/rpt_i26.md,,2fa92002c3
I27,p2_infra,运维控制台面板,前端,src/zephyr/frontend/dashboard/app_panel.py:170(:489),P3,值班UI,tests/governance/observability/test_app_panel_unit.py, || 收口:P2 宪法L0§7仍指弃用件+弃用声明与继续加功能矛盾+import副作用触生产库:挂起登记;立卡弃用治理,待审,,,,,,,0,0,0,0,收口中,docs/_working/deep_review_full/p2_infra/rpt_i27.md,,2fa92002c3
I28,p2_infra,旧版dashboard装配,前端,src/zephyr/frontend/dashboard/app.py:74(:128),P3,面板入口之一,tests/frontend/test_dashboard_smoke.py, || 收口:P3 弃用指引二跳失真+生产零调用:挂起登记,待审,,,,,,,0,0,0,0,收口中,docs/_working/deep_review_full/p2_infra/rpt_i28.md,,2fa92002c3
I29,p2_infra,GitCommitGateway+提交队列,基建,src/zephyr/gov_enforcement/rule_bridge/git_commit_gateway.py + scripts/commit_queue.py,P1,全仓提交,tests/governance/(提交链测试族),SerializerLease活体不抢+renew续租刚治本3c853303da;F1/F4提速在途 || 收口:3c853303da修复质量=高(三层防抢+带回归);残余同构洞__exit__删租约无属主校验:挂起登记(提交链提速车道在途防冲突);F1/F4未发现正确性新洞,待审,,,,,,,0,0,0,0,收口中,docs/_working/deep_review_full/p2_infra/rpt_i29.md,,2fa92002c3
I30,p2_infra,提交门禁链own-scope机制,基建,src/zephyr/gov_enforcement/commit_gates/ + gate_registry.yaml,P2,全仓提交,gate测试族,own_diff作用域/连坐防护;112 gate || 收口:P2 gate_audit审计无消费闭环(外来违规静默沉淀)+own_scope仅26/169无全仓扫描理由字段:挂起登记;worktree路径gate行为待定性,待审,,,,,,,0,0,0,0,收口中,docs/_working/deep_review_full/p2_infra/rpt_i30.md,,2fa92002c3
TF01,p2_infra,intraday_realtime盘中实时族(16任务),自动化任务族,tasks.yaml:143-2944,P1,调度器分发,按时段族抽验,触发=*/5 9-15工作日; tick/指数/涨跌停/期货/期权/港股快照 || 收口:高静默死亡风险——9/18 miniQMT退役命中8主源任务无退路+bdpan死fallback:挂起登记——晨报置顶(数据线今日实盘相关);5配置问题,待审,,,,,,,0,0,0,0,收口中,docs/_working/deep_review_full/p2_infra/rpt_tf01.md,,2fa92002c3
TF02,p2_infra,intraday_minute分钟K族(16任务),自动化任务族,tasks.yaml:287-481,P1,调度器分发,按时段族抽验,触发=*/5 9-15工作日; A股/ETF/LOF 1-60min+市场宽度 || 收口:高——16/16全miniqmt零fallback+ETF/LOF capability不在桥meta(切源也过不了契约校验):挂起登记——晨报置顶;UTC误标修复已核但工具未入库,待审,,,,,,,0,0,0,0,收口中,docs/_working/deep_review_full/p2_infra/rpt_tf02.md,,2fa92002c3
TF03,p2_infra,intraday_sector板块分钟族(5任务),自动化任务族,tasks.yaml:2147-2207,P1,调度器分发,按时段族抽验,触发=*/5 9-15工作日(mootdx); 880xxx板块分钟K || 收口:中——mootdx 0行=SUCCESS仅WARN+不在交易日守卫集:挂起登记,待审,,,,,,,0,0,0,0,收口中,docs/_working/deep_review_full/p2_infra/rpt_tf03.md,,2fa92002c3
TF04,p2_infra,auction_highfreq竞价族(2任务),自动化任务族,"tasks.yaml:1720,:1732",P1,调度器分发,按时段族抽验,触发=*/10 9:15-9:25; 竞价快照+五档盘口(A'方案落点) || 收口:中——A'方案质量通过;竞价窗口不可回填失败14h才告警:挂起登记,待审,,,,,,,0,0,0,0,收口中,docs/_working/deep_review_full/p2_infra/rpt_tf04.md,,2fa92002c3
TF05,p2_infra,event_driven事件族(11任务),自动化任务族,tasks.yaml:158-2810,P2,调度器分发,按时段族抽验,触发=*/3分钟7x24; 宏观+9路新闻+FRED || 收口:中低——FRED env_missing静默跳过无notify+共表三写入方哨兵口径:挂起登记,待审,,,,,,,0,0,0,0,收口中,docs/_working/deep_review_full/p2_infra/rpt_tf05.md,,2fa92002c3
TF06,p2_infra,news_slow慢新闻族(2任务),自动化任务族,"tasks.yaml:1201,:1298",P2,调度器分发,按时段族抽验,"触发=17,47每小时; 个股新闻/研报全量轮询 || 收口:低——两任务akshare单例无退路:挂起(建议显式空fallback留痕)",待审,,,,,,,0,0,0,0,收口中,docs/_working/deep_review_full/p2_infra/rpt_tf06.md,,2fa92002c3
TF07,p2_infra,daily_kline盘后日K族(31任务),自动化任务族,tasks.yaml:22-3127,P1,调度器分发,按时段族抽验,触发=30 16工作日(heavy); 核心行情+复权+图形认证+打板装载 || 收口:P1 daban日频消费←周频生产名义DAG边(周二至五读上周事件):挂起登记——晨报置顶(实盘今日相关);kline_etf/cb无fallback:挂起,待审,,,,,,,0,0,0,0,收口中,docs/_working/deep_review_full/p2_infra/rpt_tf07.md,,2fa92002c3
TF08,p2_infra,pre_market盘前族(8任务),自动化任务族,tasks.yaml:1378-2989,P2,调度器分发,按时段族抽验,触发=34 8工作日; 股票名单/涨跌停价/A50/WTI/黄金 || 收口:中——前日失败带旧昨收算涨跌停价无检查+批次错过无catchup:挂起登记,待审,,,,,,,0,0,0,0,收口中,docs/_working/deep_review_full/p2_infra/rpt_tf08.md,,2fa92002c3
TF09,p2_infra,daily_capital盘后资金族(29任务),自动化任务族,tasks.yaml:107-2869,P2,调度器分发,按时段族抽验,触发=00 18工作日; 大宗/龙虎榜/资金流/港股通/解禁 || 收口:中——local_valuation死fallback+qweather/eia key缺失静默跳过:挂起登记,待审,,,,,,,0,0,0,0,收口中,docs/_working/deep_review_full/p2_infra/rpt_tf09.md,,2fa92002c3
TF10,p2_infra,daily_event盘后事件族(39任务),自动化任务族,tasks.yaml:557-3165,P2,调度器分发,按时段族抽验,触发=00 19工作日; 股东/业绩/分红送转/质押/另类+深圳开放数据 || 收口:高——miniqmt三件无退路(ex_dividend_event是stk_limit公式法唯一输入):挂起登记——晨报置顶,待审,,,,,,,0,0,0,0,收口中,docs/_working/deep_review_full/p2_infra/rpt_tf10.md,,2fa92002c3
TF11,p2_infra,research_nightly研报族(2任务),自动化任务族,"tasks.yaml:581,:594",P2,调度器分发,按时段族抽验,触发=30 20工作日; 研报明细+一致预期日度聚合 || 收口:低——双保险闭环健康;回看窗语义未留痕:挂起,待审,,,,,,,0,0,0,0,收口中,docs/_working/deep_review_full/p2_infra/rpt_tf11.md,,2fa92002c3
TF12,p2_infra,nightly_financial夜间财务族(10任务),自动化任务族,tasks.yaml:95-1912,P2,调度器分发,按时段族抽验,触发=00 22工作日(heavy); 财报三表+衍生+两融+北向 || 收口:中——main_business 209万行独源+北向不在哨兵16表:挂起登记,待审,,,,,,,0,0,0,0,收口中,docs/_working/deep_review_full/p2_infra/rpt_tf12.md,,2fa92002c3
TF13,p2_infra,crypto+alt_fx币圈外汇族(3任务),自动化任务族,"tasks.yaml:820,:833,:3189",P2,调度器分发,按时段族抽验,"触发=41 8全周/35 23; 加密K线+影子门+ECB || 收口:daily_crypto错挂executor修复质量通过(executor=default实证,全23槽位无第二错挂);残留不在catchup桶+缺启动期断言:挂起",待审,,,,,,,0,0,0,0,已收口,docs/_working/deep_review_full/p2_infra/rpt_tf13.md,,2fa92002c3
TF14,p2_infra,weekend_calibration周末校准族(41+1任务),自动化任务族,"tasks.yaml:810-3177,:2071",P2,调度器分发,按时段族抽验,触发=00 3周一/00 2周日; 全量刷新+tick补下载 || 收口:中——hk_kline双任务miniqmt独源将全断+注释周一漂移+heavy池排队:挂起登记,待审,,,,,,,0,0,0,0,收口中,docs/_working/deep_review_full/p2_infra/rpt_tf14.md,,2fa92002c3
TF15,p2_infra,monthly_static月度静态族(20任务+1停用),自动化任务族,"tasks.yaml:932-2102,:676",P3,调度器分发,按时段族抽验,"触发=16 9 1 * *; 名单/成分/日历/历史回填;dividend停用 || 收口:P2 schedule:disabled非识别关键字→4停用任务永久假红确认并治本(应跑筛选补disabled识别),9/9绿;trade_calendar不在哨兵清单:挂起",待审,,,,,,,0,0,0,0,已收口,docs/_working/deep_review_full/p2_infra/rpt_tf15.md,,2fa92002c3
P01,p1_decision_chain,盘前作战计划,stage,src/zephyr/plan_engine/daily_warroom_pipeline.py,P1,（TDM链）,（审查者补）,TDM TDM-E-L0 对账补册 || 收口:孤儿(TDM仅声明注册)+prediction_log幂等键复算归008域未做:挂起登记,待审,,,,,,,0,0,0,0,收口中,docs/_working/deep_review_full/p1_decision_chain/tdm_supplement/rpt_p01.md,,2fa92002c3
P02,p1_decision_chain,计划生成,stage,src/zephyr/plan_engine/daily_trade_plan.py,P1,（TDM链）,（审查者补）,TDM TDM-E-L0-01 对账补册 || 收口:孤儿(前端卡硬编码mock假消费)+浮点floor epsilon保守方向:挂起登记,待审,,,,,,,0,0,0,0,收口中,docs/_working/deep_review_full/p1_decision_chain/tdm_supplement/rpt_p02.md,,2fa92002c3
P03,p1_decision_chain,偏离监控与修订,stage,src/zephyr/plan_engine/plan_deviation_monitor.py,P1,（TDM链）,（审查者补）,TDM TDM-E-L0-02 对账补册 || 收口:孤儿(盘中三重闸不运转)+σ真源口径无人约定:挂起登记,待审,,,,,,,0,0,0,0,收口中,docs/_working/deep_review_full/p1_decision_chain/tdm_supplement/rpt_p03.md,,2fa92002c3
P04,p1_decision_chain,收盘复盘与明日边界,stage,src/zephyr/plan_engine/tomorrow_boundary_planner.py,P1,（TDM链）,（审查者补）,TDM TDM-E-L0-03 对账补册 || 收口:MVP ±3%机械箱体是否Owner知情:挂起登记,待审,,,,,,,0,0,0,0,收口中,docs/_working/deep_review_full/p1_decision_chain/tdm_supplement/rpt_p04.md,,2fa92002c3
P05,p1_decision_chain,明日情绪盘中滚动预测,stage,src/zephyr/plan_engine/intraday_tomorrow_forecast.py,P1,（TDM链）,（审查者补）,TDM TDM-E-L0-04 对账补册 || 收口:孤儿(预警链双端悬空)+Brier基线立卡(检索实证):挂起登记,待审,,,,,,,0,0,0,0,收口中,docs/_working/deep_review_full/p1_decision_chain/tdm_supplement/rpt_p05.md,,2fa92002c3
P06,p1_decision_chain,宏观环境传感器,stage,src/zephyr/alt_data/policy_expectation_analyzer.py,P1,（TDM链）,（审查者补）,TDM TDM-E-L1-S0 对账补册 || 收口:孤儿+production标签失真+审核队列无持久化:挂起登记,待审,,,,,,,0,0,0,0,收口中,docs/_working/deep_review_full/p1_decision_chain/tdm_supplement/rpt_p06.md,,2fa92002c3
P07,p1_decision_chain,新闻情绪语义分析,stage,src/zephyr/intelligence/news_sentiment_analyzer.py,P1,（TDM链）,（审查者补）,TDM TDM-E-L1-S0-1 对账补册 || 收口:LLM断供静默中性+跨空窗漏报+阈值±0.30无标定锚:挂起登记,待审,,,,,,,0,0,0,0,收口中,docs/_working/deep_review_full/p1_decision_chain/tdm_supplement/rpt_p07.md,,2fa92002c3
P08,p1_decision_chain,大盘指数传感器,stage,src/zephyr/regime/features/index_sensor.py,P1,（TDM链）,（审查者补）,"TDM TDM-E-L1-S1 对账补册 || 收口:P1 稳牛实测0分+2档不可达(输出域错位,单行复现):挂起登记(L1-AGG无承接,接线期必修)",待审,,,,,,,0,0,0,0,收口中,docs/_working/deep_review_full/p1_decision_chain/tdm_supplement/rpt_p08.md,,2fa92002c3
P09,p1_decision_chain,市场内部结构传感器,stage,src/zephyr/signal_ashare/limit_up/limit_up_followthrough.py,P1,（TDM链）,（审查者补）,TDM TDM-E-L1-S2 对账补册 || 收口:NaN单值毒化全池统计(实证)+涨停反转文献标注:挂起登记,待审,,,,,,,0,0,0,0,收口中,docs/_working/deep_review_full/p1_decision_chain/tdm_supplement/rpt_p09.md,,2fa92002c3
P10,p1_decision_chain,赚钱效应传感器,stage,src/zephyr/signal_ashare/limit_up/lhb_premium_analyzer.py,P1,（TDM链）,（审查者补）,TDM TDM-E-L1-S3 对账补册 || 收口:跌停关键词命中率未实测+premium 0.3标定无产物锚:挂起登记,待审,,,,,,,0,0,0,0,收口中,docs/_working/deep_review_full/p1_decision_chain/tdm_supplement/rpt_p10.md,,2fa92002c3
P11,p1_decision_chain,结构强度评估,stage,src/zephyr/signal_ashare/sector/sector_analyzer.py,P1,（TDM链）,（审查者补）,TDM TDM-E-L2-01-1 对账补册 || 收口:默认分支40-69全判加速+强度三套口径需card仲裁:挂起登记,待审,,,,,,,0,0,0,0,收口中,docs/_working/deep_review_full/p1_decision_chain/tdm_supplement/rpt_p11.md,,2fa92002c3
P12,p1_decision_chain,动量活跃度排名,stage,src/zephyr/data/sector_ranking_engine.py,P1,（TDM链）,（审查者补）,"TDM TDM-E-L2-01-2 对账补册 || 收口:P1 相对强度因子abs()方向反转确认并治本(去abs保符号),18/18绿;推送池存量重算属修复本意;P2并列无ORDER BY:挂起",待审,,,,,,,0,0,0,0,已收口,docs/_working/deep_review_full/p1_decision_chain/tdm_supplement/rpt_p12.md,,2fa92002c3
P13,p1_decision_chain,多周期动量加权,stage,src/zephyr/signal_ashare/sector/sector_momentum.py,P1,（TDM链）,（审查者补）,TDM TDM-E-L2-01-3 对账补册 || 收口:权重0.4/0.3/0.3待回测(族内标定欠账):挂起登记,待审,,,,,,,0,0,0,0,收口中,docs/_working/deep_review_full/p1_decision_chain/tdm_supplement/rpt_p13.md,,2fa92002c3
P14,p1_decision_chain,板块资金流聚合,stage,src/zephyr/signal_ashare/sector/sector_breadth.py,P1,（TDM链）,（审查者补）,"TDM TDM-E-L2-01-4 对账补册 || 收口:max(0.0,nan)传播中毒单行可复现:挂起登记",待审,,,,,,,0,0,0,0,收口中,docs/_working/deep_review_full/p1_decision_chain/tdm_supplement/rpt_p14.md,,2fa92002c3
P15,p1_decision_chain,轮动序列追踪,stage,src/zephyr/signal_ashare/sector/sector_divergence.py,P1,（TDM链）,（审查者补）,TDM TDM-E-L2-02 对账补册 || 收口:52日下SEC-03标定器过渡期策略需Owner定:挂起登记,待审,,,,,,,0,0,0,0,收口中,docs/_working/deep_review_full/p1_decision_chain/tdm_supplement/rpt_p15.md,,2fa92002c3
P16,p1_decision_chain,RRG 轮动序列,stage,src/zephyr/signal_ashare/sector/sector_rrg.py,P1,（TDM链）,（审查者补）,TDM TDM-E-L2-02-1 对账补册 || 收口:预热期简并点全判LAGGING;RRG公式对等已核(Kempenaer官方):挂起登记,待审,,,,,,,0,0,0,0,收口中,docs/_working/deep_review_full/p1_decision_chain/tdm_supplement/rpt_p16.md,,2fa92002c3
P17,p1_decision_chain,调整周期进度,stage,src/zephyr/signal_ashare/sector/sector_adjustment.py,P1,（TDM链）,（审查者补）,TDM TDM-E-L2-03 对账补册 || 收口:expected_window<=0反给满进度:挂起登记,待审,,,,,,,0,0,0,0,收口中,docs/_working/deep_review_full/p1_decision_chain/tdm_supplement/rpt_p17.md,,2fa92002c3
P18,p1_decision_chain,扩散指标进度追踪,stage,src/zephyr/signal_ashare/adjustment_cycle_tracker.py,P1,（TDM链）,（审查者补）,TDM TDM-E-L2-03-1 对账补册 || 收口:孤儿+production标签+零调用双犯+nh_ratios注入源未落码:挂起登记,待审,,,,,,,0,0,0,0,收口中,docs/_working/deep_review_full/p1_decision_chain/tdm_supplement/rpt_p18.md,,2fa92002c3
P19,p1_decision_chain,板块级市场状态,stage,src/zephyr/signal_ashare/core/sector_ecology_judge.py,P1,（TDM链）,（审查者补）,TDM TDM-E-L2-04 对账补册 || 收口:int()截断绕过负值校验:挂起登记,待审,,,,,,,0,0,0,0,收口中,docs/_working/deep_review_full/p1_decision_chain/tdm_supplement/rpt_p19.md,,2fa92002c3
P20,p1_decision_chain,轮动状态五分类,stage,src/zephyr/signal_ashare/sector/sector_rotation_state.py,P1,（TDM链）,（审查者补）,TDM TDM-E-L2-04-1 对账补册 || 收口:快轮动自适应不对称意图待裁定:挂起登记,待审,,,,,,,0,0,0,0,收口中,docs/_working/deep_review_full/p1_decision_chain/tdm_supplement/rpt_p20.md,,2fa92002c3
P21,p1_decision_chain,虹吸态识别,stage,src/zephyr/signal_ashare/sector/sector_siphon.py,P1,（TDM链）,（审查者补）,TDM TDM-E-L2-04-2 对账补册 || 收口:~93%分位声明与实际分布不符:挂起登记,待审,,,,,,,0,0,0,0,收口中,docs/_working/deep_review_full/p1_decision_chain/tdm_supplement/rpt_p21.md,,2fa92002c3
P22,p1_decision_chain,水温档推导,stage,src/zephyr/signal_ashare/sentiment/sentiment_cycle.py,P1,（TDM链）,（审查者补）,TDM TDM-E-L2-05-1 对账补册 || 收口:兜底后confidence=1.0伪造确定性(实证)+北向断供无降级留痕:挂起登记,待审,,,,,,,0,0,0,0,收口中,docs/_working/deep_review_full/p1_decision_chain/tdm_supplement/rpt_p22.md,,2fa92002c3
P23,p1_decision_chain,信号响应三件套,stage,src/zephyr/signal_ashare/sector/sector_gate.py,P1,（TDM链）,（审查者补）,TDM TDM-E-L2-05-2 对账补册 || 收口:CRASH阈值1.01语义倒置(score脏值反放行):挂起登记,待审,,,,,,,0,0,0,0,收口中,docs/_working/deep_review_full/p1_decision_chain/tdm_supplement/rpt_p23.md,,2fa92002c3
P24,p1_decision_chain,板块个股传导,stage,src/zephyr/signal_ashare/core/sector_conduction.py,P1,（TDM链）,（审查者补）,TDM TDM-E-L2-06 对账补册 || 收口:孤儿(仅包导出)+6分锚点跳变±8%摆动:挂起登记,待审,,,,,,,0,0,0,0,收口中,docs/_working/deep_review_full/p1_decision_chain/tdm_supplement/rpt_p24.md,,2fa92002c3
P25,p1_decision_chain,龙头识别定位,stage,src/zephyr/signal_ashare/sector/sector_leader.py,P1,（TDM链）,（审查者补）,"TDM TDM-E-L2-06-2 对账补册 || 收口:复权口径未声明(除权日误判,checklist#7)+war_pool消费未深钻:挂起登记",待审,,,,,,,0,0,0,0,收口中,docs/_working/deep_review_full/p1_decision_chain/tdm_supplement/rpt_p25.md,,2fa92002c3
P26,p1_decision_chain,回踩质量分级,stage,src/zephyr/signal_ashare/sector/sector_pullback.py,P1,（TDM链）,（审查者补）,TDM TDM-E-L2-07 对账补册,待审,,,,,,,0,0,0,0,待收口,docs/_working/deep_review_full/p1_decision_chain/tdm_supplement/rpt_p26.md,,2fa92002c3
P27,p1_decision_chain,板块生命周期判定,stage,src/zephyr/signal_ashare/sector/sector_momentum_persistence.py,P1,（TDM链）,（审查者补）,TDM TDM-E-L2-08 对账补册,待审,,,,,,,0,0,0,0,待收口,docs/_working/deep_review_full/p1_decision_chain/tdm_supplement/rpt_p27.md,,2fa92002c3
P28,p1_decision_chain,催化剂识别,stage,src/zephyr/signal_ashare/screening/event_driven_screener.py,P1,（TDM链）,（审查者补）,TDM TDM-E-L2-09 对账补册,待审,,,,,,,0,0,0,0,待收口,docs/_working/deep_review_full/p1_decision_chain/tdm_supplement/rpt_p28.md,,2fa92002c3
P29,p1_decision_chain,事件图谱传导,stage,src/zephyr/intelligence/news_chain_node_linker.py,P1,（TDM链）,（审查者补）,TDM TDM-E-L2-09-1 对账补册,待审,,,,,,,0,0,0,0,待收口,docs/_working/deep_review_full/p1_decision_chain/tdm_supplement/rpt_p29.md,,2fa92002c3
P30,p1_decision_chain,冲击标的生成,stage,src/zephyr/intelligence/chain_impact_resolver.py,P1,（TDM链）,（审查者补）,TDM TDM-E-L2-09-2 对账补册,待审,,,,,,,0,0,0,0,待收口,docs/_working/deep_review_full/p1_decision_chain/tdm_supplement/rpt_p30.md,,2fa92002c3
P31,p1_decision_chain,同源补涨比价,stage,src/zephyr/signal_ashare/supply_chain_momentum.py,P1,（TDM链）,（审查者补）,TDM TDM-E-L2-10 对账补册,待审,,,,,,,0,0,0,0,待收口,docs/_working/deep_review_full/p1_decision_chain/tdm_supplement/rpt_p31.md,,2fa92002c3
P32,p1_decision_chain,Universe构建与剔除,stage,src/zephyr/data/instrument_master.py,P1,（TDM链）,（审查者补）,TDM TDM-E-L3-01 对账补册,待审,,,,,,,0,0,0,0,待收口,docs/_working/deep_review_full/p1_decision_chain/tdm_supplement/rpt_p32.md,,2fa92002c3
P33,p1_decision_chain,波段池5分制,stage,src/zephyr/signal_ashare/quant_short_term_strength_engine.py,P1,（TDM链）,（审查者补）,TDM TDM-E-L3-03-2 对账补册,待审,,,,,,,0,0,0,0,待收口,docs/_working/deep_review_full/p1_decision_chain/tdm_supplement/rpt_p33.md,,2fa92002c3
P34,p1_decision_chain,双策略合流体检,stage,src/zephyr/signal_fundamental/router/signal_conflict_resolver.py,P1,（TDM链）,（审查者补）,TDM TDM-E-L3-03-3 对账补册,待审,,,,,,,0,0,0,0,待收口,docs/_working/deep_review_full/p1_decision_chain/tdm_supplement/rpt_p34.md,,2fa92002c3
P35,p1_decision_chain,顺位排序,stage,src/zephyr/signal_fundamental/selection_confidence.py,P1,（TDM链）,（审查者补）,TDM TDM-E-L3-05 对账补册,待审,,,,,,,0,0,0,0,待收口,docs/_working/deep_review_full/p1_decision_chain/tdm_supplement/rpt_p35.md,,2fa92002c3
P36,p1_decision_chain,环境开关,stage,src/zephyr/signal_ashare/core/environment_switch.py,P1,（TDM链）,（审查者补）,TDM TDM-E-L3-06 对账补册,待审,,,,,,,0,0,0,0,待收口,docs/_working/deep_review_full/p1_decision_chain/tdm_supplement/rpt_p36.md,,2fa92002c3
P37,p1_decision_chain,打板选股链,stage,src/zephyr/pf_core/strategies/daban_sleeve_strategy.py,P1,（TDM链）,（审查者补）,TDM TDM-E-L3-07-1 对账补册,待审,,,,,,,0,0,0,0,待收口,docs/_working/deep_review_full/p1_decision_chain/tdm_supplement/rpt_p37.md,,2fa92002c3
P38,p1_decision_chain,多因子打分链,stage,src/zephyr/factor/analysis/multifactor_synthesis.py,P1,（TDM链）,（审查者补）,TDM TDM-E-L3-07-2 对账补册,待审,,,,,,,0,0,0,0,待收口,docs/_working/deep_review_full/p1_decision_chain/tdm_supplement/rpt_p38.md,,2fa92002c3
P39,p1_decision_chain,其余sleeve选股链,stage,src/zephyr/pf_core/strategies/event_driven_sleeve_strategy.py,P1,（TDM链）,（审查者补）,TDM TDM-E-L3-07-3 对账补册,待审,,,,,,,0,0,0,0,待收口,docs/_working/deep_review_full/p1_decision_chain/tdm_supplement/rpt_p39.md,,2fa92002c3
P40,p1_decision_chain,候选池输出,stage,src/zephyr/signal_ashare/core/candidate_pool_aggregator.py,P1,（TDM链）,（审查者补）,TDM TDM-E-L3-08 对账补册,待审,,,,,,,0,0,0,0,待收口,docs/_working/deep_review_full/p1_decision_chain/tdm_supplement/rpt_p40.md,,2fa92002c3
P41,p1_decision_chain,股票池分层维护,stage,src/zephyr/signal_ashare/core/pool_tier_maintenance.py,P1,（TDM链）,（审查者补）,TDM TDM-E-L3-09 对账补册,待审,,,,,,,0,0,0,0,待收口,docs/_working/deep_review_full/p1_decision_chain/tdm_supplement/rpt_p41.md,,2fa92002c3
P42,p1_decision_chain,可交易性预检,stage,src/zephyr/signal_ashare/tradability_preflight.py,P1,（TDM链）,（审查者补）,TDM TDM-E-L3-10 对账补册,待审,,,,,,,0,0,0,0,待收口,docs/_working/deep_review_full/p1_decision_chain/tdm_supplement/rpt_p42.md,,2fa92002c3
P43,p1_decision_chain,竞价选股,stage,src/zephyr/signal_ashare/auction_microstructure_analyzer.py,P1,（TDM链）,（审查者补）,TDM TDM-E-L3-11-1 对账补册,待审,,,,,,,0,0,0,0,待收口,docs/_working/deep_review_full/p1_decision_chain/tdm_supplement/rpt_p43.md,,2fa92002c3
P44,p1_decision_chain,盘中涨速异动扫描,stage,src/zephyr/signal_ashare/intraday_t0/intraday_volume_orderflow.py,P1,（TDM链）,（审查者补）,TDM TDM-E-L3-11-2 对账补册,待审,,,,,,,0,0,0,0,待收口,docs/_working/deep_review_full/p1_decision_chain/tdm_supplement/rpt_p44.md,,2fa92002c3
P45,p1_decision_chain,个股资金面分析,stage,src/zephyr/signal_ashare/capital_flow_pattern_analyzer.py,P1,（TDM链）,（审查者补）,TDM TDM-E-L3-12-1 对账补册,待审,,,,,,,0,0,0,0,待收口,docs/_working/deep_review_full/p1_decision_chain/tdm_supplement/rpt_p45.md,,2fa92002c3
P46,p1_decision_chain,龙虎榜席位追踪,stage,src/zephyr/signal_ashare/limit_up/seat_pattern_analyzer.py,P1,（TDM链）,（审查者补）,TDM TDM-E-L3-12-2 对账补册,待审,,,,,,,0,0,0,0,待收口,docs/_working/deep_review_full/p1_decision_chain/tdm_supplement/rpt_p46.md,,2fa92002c3
P47,p1_decision_chain,买入时序,stage,src/zephyr/plan_engine/closing_session_decision.py,P1,（TDM链）,（审查者补）,TDM TDM-E-L4-02 对账补册,待审,,,,,,,0,0,0,0,待收口,docs/_working/deep_review_full/p1_decision_chain/tdm_supplement/rpt_p47.md,,2fa92002c3
P48,p1_decision_chain,价格锚定,stage,src/zephyr/ex_core/pricing_policy.py,P1,（TDM链）,（审查者补）,TDM TDM-E-L4-03 对账补册,待审,,,,,,,0,0,0,0,待收口,docs/_working/deep_review_full/p1_decision_chain/tdm_supplement/rpt_p48.md,,2fa92002c3
P49,p1_decision_chain,资金分配多标的,stage,src/zephyr/signal_fundamental/capital/capital_allocator.py,P1,（TDM链）,（审查者补）,TDM TDM-E-L4-04 对账补册,待审,,,,,,,0,0,0,0,待收口,docs/_working/deep_review_full/p1_decision_chain/tdm_supplement/rpt_p49.md,,2fa92002c3
P50,p1_decision_chain,执行算法,stage,src/zephyr/ex_sor/core/algo_execution_selector.py,P1,（TDM链）,（审查者补）,TDM TDM-E-L4-06 对账补册,待审,,,,,,,0,0,0,0,待收口,docs/_working/deep_review_full/p1_decision_chain/tdm_supplement/rpt_p50.md,,2fa92002c3
P51,p1_decision_chain,条件触发队列,stage,src/zephyr/ex_core/local_order_queue.py,P1,（TDM链）,（审查者补）,TDM TDM-E-L4-07 对账补册,待审,,,,,,,0,0,0,0,待收口,docs/_working/deep_review_full/p1_decision_chain/tdm_supplement/rpt_p51.md,,2fa92002c3
P52,p1_decision_chain,突破失败降级,stage,src/zephyr/sell_decision/core/breakout_failure_detector.py,P1,（TDM链）,（审查者补）,TDM TDM-E-L4-08 对账补册,待审,,,,,,,0,0,0,0,待收口,docs/_working/deep_review_full/p1_decision_chain/tdm_supplement/rpt_p52.md,,2fa92002c3
P53,p1_decision_chain,执行成本反馈与选型回写,stage,src/zephyr/ex_sor/services/execution_quality_scorer.py,P1,（TDM链）,（审查者补）,TDM TDM-E-L4-14 对账补册,待审,,,,,,,0,0,0,0,待收口,docs/_working/deep_review_full/p1_decision_chain/tdm_supplement/rpt_p53.md,,2fa92002c3
P54,p1_decision_chain,目标聚合与净额轧平,stage,src/zephyr/position/core/firm_risk_aggregator.py,P1,（TDM链）,（审查者补）,TDM TDM-F-C2-01 对账补册,待审,,,,,,,0,0,0,0,待收口,docs/_working/deep_review_full/p1_decision_chain/tdm_supplement/rpt_p54.md,,2fa92002c3
P55,p1_decision_chain,相关性聚类与cluster上限,stage,src/zephyr/position/core/correlation_regime_monitor.py,P1,（TDM链）,（审查者补）,TDM TDM-F-C2-03 对账补册,待审,,,,,,,0,0,0,0,待收口,docs/_working/deep_review_full/p1_decision_chain/tdm_supplement/rpt_p55.md,,2fa92002c3
P56,p1_decision_chain,budget变动三级升级,stage,src/zephyr/position/core/budget_change_handler.py,P1,（TDM链）,（审查者补）,TDM TDM-F-C2-04 对账补册,待审,,,,,,,0,0,0,0,待收口,docs/_working/deep_review_full/p1_decision_chain/tdm_supplement/rpt_p56.md,,2fa92002c3
P57,p1_decision_chain,多维归因引擎,stage,src/zephyr/pf_core/core/performance_attribution_engine.py,P1,（TDM链）,（审查者补）,TDM TDM-F-C3-01 对账补册,待审,,,,,,,0,0,0,0,待收口,docs/_working/deep_review_full/p1_decision_chain/tdm_supplement/rpt_p57.md,,2fa92002c3
P58,p1_decision_chain,升降级管线与退役评审,stage,src/zephyr/factor/governance/lifecycle_state_machine.py,P1,（TDM链）,（审查者补）,TDM TDM-F-C3-02 对账补册,待审,,,,,,,0,0,0,0,待收口,docs/_working/deep_review_full/p1_decision_chain/tdm_supplement/rpt_p58.md,,2fa92002c3
P59,p1_decision_chain,可靠度养成与信号健康,stage,src/zephyr/signal_quality/signal_degradation_monitor.py,P1,（TDM链）,（审查者补）,TDM TDM-F-C3-05 对账补册,待审,,,,,,,0,0,0,0,待收口,docs/_working/deep_review_full/p1_decision_chain/tdm_supplement/rpt_p59.md,,2fa92002c3
P60,p1_decision_chain,持仓对账与台账快照,stage,src/zephyr/position/core/position_state_machine.py,P1,（TDM链）,（审查者补）,TDM TDM-P-P1-01 对账补册,待审,,,,,,,0,0,0,0,待收口,docs/_working/deep_review_full/p1_decision_chain/tdm_supplement/rpt_p60.md,,2fa92002c3
P61,p1_decision_chain,买入逻辑存活判定,stage,src/zephyr/plan_engine/thesis_survival.py,P1,（TDM链）,（审查者补）,TDM TDM-P-P1-03 对账补册,待审,,,,,,,0,0,0,0,待收口,docs/_working/deep_review_full/p1_decision_chain/tdm_supplement/rpt_p61.md,,2fa92002c3
P62,p1_decision_chain,组合级持仓体检,stage,src/zephyr/position/core/position_drift_monitor.py,P1,（TDM链）,（审查者补）,TDM TDM-P-P1-05 对账补册,待审,,,,,,,0,0,0,0,待收口,docs/_working/deep_review_full/p1_decision_chain/tdm_supplement/rpt_p62.md,,2fa92002c3
P63,p1_decision_chain,做T资格与成本前置,stage,src/zephyr/position/core/t1_sellable.py,P1,（TDM链）,（审查者补）,TDM TDM-P-P2-01 对账补册,待审,,,,,,,0,0,0,0,待收口,docs/_working/deep_review_full/p1_decision_chain/tdm_supplement/rpt_p63.md,,2fa92002c3
P64,p1_decision_chain,做T策略调度,stage,src/zephyr/sell_decision/core/t_trade_coordinator.py,P1,（TDM链）,（审查者补）,TDM TDM-P-P2-02 对账补册,待审,,,,,,,0,0,0,0,待收口,docs/_working/deep_review_full/p1_decision_chain/tdm_supplement/rpt_p64.md,,2fa92002c3
P65,p1_decision_chain,做T闭环与成功判定,stage,src/zephyr/signal_ashare/intraday_t0/t0_trading_pipeline.py,P1,（TDM链）,（审查者补）,TDM TDM-P-P2-03 对账补册,待审,,,,,,,0,0,0,0,待收口,docs/_working/deep_review_full/p1_decision_chain/tdm_supplement/rpt_p65.md,,2fa92002c3
P66,p1_decision_chain,减仓与再平衡,stage,src/zephyr/position/core/rebalance_engine.py,P1,（TDM链）,（审查者补）,TDM TDM-P-P2-04 对账补册,待审,,,,,,,0,0,0,0,待收口,docs/_working/deep_review_full/p1_decision_chain/tdm_supplement/rpt_p66.md,,2fa92002c3
P67,p1_decision_chain,加仓资格门,stage,src/zephyr/position/core/pyramiding_rules.py,P1,（TDM链）,（审查者补）,TDM TDM-P-P3-01 对账补册,待审,,,,,,,0,0,0,0,待收口,docs/_working/deep_review_full/p1_decision_chain/tdm_supplement/rpt_p67.md,,2fa92002c3
P68,p1_decision_chain,加仓时点与执行,stage,src/zephyr/position/core/position_limit_enforcer.py,P1,（TDM链）,（审查者补）,TDM TDM-P-P3-04 对账补册,待审,,,,,,,0,0,0,0,待收口,docs/_working/deep_review_full/p1_decision_chain/tdm_supplement/rpt_p68.md,,2fa92002c3
P69,p1_decision_chain,熔断分级判定,stage,src/zephyr/risk/core/drawdown_state_machine.py,P1,（TDM链）,（审查者补）,TDM TDM-X-R1-01 对账补册,待审,,,,,,,0,0,0,0,待收口,docs/_working/deep_review_full/p1_decision_chain/tdm_supplement/rpt_p69.md,,2fa92002c3
P70,p1_decision_chain,护盘资产定向加仓白名单,stage,src/zephyr/position/core/defensive_asset_whitelist.py,P1,（TDM链）,（审查者补）,TDM TDM-X-R1-03 对账补册,待审,,,,,,,0,0,0,0,待收口,docs/_working/deep_review_full/p1_decision_chain/tdm_supplement/rpt_p70.md,,2fa92002c3
P71,p1_decision_chain,信号收集与六桶分类,stage,src/zephyr/sell_decision/core/sell_signal_collector.py,P1,（TDM链）,（审查者补）,TDM TDM-X-S1-01 对账补册,待审,,,,,,,0,0,0,0,待收口,docs/_working/deep_review_full/p1_decision_chain/tdm_supplement/rpt_p71.md,,2fa92002c3
P72,p1_decision_chain,止盈族判定,stage,src/zephyr/sell_decision/core/take_profit_strategy.py,P1,（TDM链）,（审查者补）,TDM TDM-X-S1-03 对账补册,待审,,,,,,,0,0,0,0,待收口,docs/_working/deep_review_full/p1_decision_chain/tdm_supplement/rpt_p72.md,,2fa92002c3
P73,p1_decision_chain,强制清仓绕过通道,stage,src/zephyr/trading/strategy_abnormal_exit_orchestrator.py,P1,（TDM链）,（审查者补）,TDM TDM-X-S1-06 对账补册,待审,,,,,,,0,0,0,0,待收口,docs/_working/deep_review_full/p1_decision_chain/tdm_supplement/rpt_p73.md,,2fa92002c3
P74,p1_decision_chain,执行方式路由,stage,src/zephyr/sell_decision/core/sell_execution_planner.py,P1,（TDM链）,（审查者补）,TDM TDM-X-S2-01 对账补册,待审,,,,,,,0,0,0,0,待收口,docs/_working/deep_review_full/p1_decision_chain/tdm_supplement/rpt_p74.md,,2fa92002c3
P75,p1_decision_chain,执行时段路由,stage,src/zephyr/ex_sor/core/sell_session_router.py,P1,（TDM链）,（审查者补）,TDM TDM-X-S2-03 对账补册,待审,,,,,,,0,0,0,0,待收口,docs/_working/deep_review_full/p1_decision_chain/tdm_supplement/rpt_p75.md,,2fa92002c3
P76,p1_decision_chain,卖出闭环与退出效率,stage,src/zephyr/sell_decision/core/sell_execution_quality_tracker.py,P1,（TDM链）,（审查者补）,TDM TDM-X-S2-06 对账补册,待审,,,,,,,0,0,0,0,待收口,docs/_working/deep_review_full/p1_decision_chain/tdm_supplement/rpt_p76.md,,2fa92002c3
