file,suggested_domain
order_manager.py,D-EX_CORE
order_state_escalator.py,D-EX_CORE
position_reconciler.py,D-EX_CORE
audit_schema.py,D-GOV-AUDIT
audit_write_failure_protector.py,D-GOV-AUDIT
auditor.py,D-GOV-AUDIT
decision_auditor.py,D-GOV-AUDIT
external_merkle_proof.py,D-GOV-AUDIT
false_negative_auditor.py,D-GOV-AUDIT
feedback_self_audit.py,D-GOV-AUDIT
fifteen_dimension_auditor.py,D-GOV-AUDIT
memory_provenance.py,D-GOV-AUDIT
merkle_audit.py,D-GOV-AUDIT
merkle_hourly.py,D-GOV-AUDIT
provenance_tracker.py,D-GOV-AUDIT
rule_debt_auditor.py,D-GOV-AUDIT
simplicity_auditor.py,D-GOV-AUDIT
spec_auditor.py,D-GOV-AUDIT
tamper_evident_log.py,D-GOV-AUDIT
kb_gate.py,D-GOV-DOCS
knowledge_engine.py,D-GOV-DOCS
drift_detector.py,D-GOV-DRIFT
drift_fix.py,D-GOV-DRIFT
temporal_drift_tracker.py,D-GOV-DRIFT
policy_sandbox.py,D-GOV-ENFORCEMENT
policy_tree_validator.py,D-GOV-ENFORCEMENT
rule_canary_manager.py,D-GOV-ENFORCEMENT
rule_engine.py,D-GOV-ENFORCEMENT
rule_shadow_runner.py,D-GOV-ENFORCEMENT
rule_watcher.py,D-GOV-ENFORCEMENT
_fix_and_lifecycle.py,D-GOVERNANCE
anti_automation_bias.py,D-GOVERNANCE
api_lifecycle.py,D-GOVERNANCE
artifact_scanner.py,D-GOVERNANCE
bare_repo_scanner.py,D-GOVERNANCE
blueprint_reconciler.py,D-GOVERNANCE
commit_quality_gate.py,D-GOVERNANCE
config_scanner.py,D-GOVERNANCE
construction_verifier.py,D-GOVERNANCE
data_lifecycle.py,D-GOVERNANCE
default_quality_gate.py,D-GOVERNANCE
escalation_models.py,D-GOVERNANCE
fix_prioritizer.py,D-GOVERNANCE
formal_verifier.py,D-GOVERNANCE
fsm_verifier.py,D-GOVERNANCE
git_hook_pre_scanner.py,D-GOVERNANCE
git_infra_snapshot.py,D-GOVERNANCE
identity_verifier.py,D-GOVERNANCE
integrity_verifier.py,D-GOVERNANCE
lifecycle.py,D-GOVERNANCE
llm_impact_analyzer.py,D-GOVERNANCE
maintenance_window_adapter.py,D-GOVERNANCE
meta_confidence.py,D-GOVERNANCE
metadata.py,D-GOVERNANCE
micro_clone_detector.py,D-GOVERNANCE
mock_duplicate_generator.py,D-GOVERNANCE
models.py,D-GOVERNANCE
monoculture_guard.py,D-GOVERNANCE
multi_turn_intent_analyzer.py,D-GOVERNANCE
mvep_orchestrator.py,D-GOVERNANCE
objective_tracker.py,D-GOVERNANCE
observation_window_guard.py,D-GOVERNANCE
olap_engine.py,D-GOVERNANCE
orchestrator.py,D-GOVERNANCE
output_quality_gate.py,D-GOVERNANCE
owner_absent.py,D-GOVERNANCE
paper_live_transition.py,D-GOVERNANCE
parent_child_attributor.py,D-GOVERNANCE
path_index_validator.py,D-GOVERNANCE
phase_check_registry.py,D-GOVERNANCE
phase_executor.py,D-GOVERNANCE
phase_manager.py,D-GOVERNANCE
pipeline_base.py,D-GOVERNANCE
post_live_verification.py,D-GOVERNANCE
pre_apply_integrity_gate.py,D-GOVERNANCE
pre_flight_gate.py,D-GOVERNANCE
prioritizer.py,D-GOVERNANCE
process_isolator.py,D-GOVERNANCE
projection_engine.py,D-GOVERNANCE
protocol_self_context.py,D-GOVERNANCE
protocol_state_store.py,D-GOVERNANCE
quality_gate.py,D-GOVERNANCE
query.py,D-GOVERNANCE
query_metrics.py,D-GOVERNANCE
question_tracker.py,D-GOVERNANCE
reconciler.py,D-GOVERNANCE
registry_adapter.py,D-GOVERNANCE
report.py,D-GOVERNANCE
result_types.py,D-GOVERNANCE
reward_hacking_rebound_detector.py,D-GOVERNANCE
runbook_generator.py,D-GOVERNANCE
s3_snapshot_lifecycle.py,D-GOVERNANCE
scanner.py,D-GOVERNANCE
self_benchmark.py,D-GOVERNANCE
self_healer.py,D-GOVERNANCE
self_health.py,D-GOVERNANCE
self_scanner.py,D-GOVERNANCE
self_test.py,D-GOVERNANCE
self_validator.py,D-GOVERNANCE
semantic_cache.py,D-GOVERNANCE
semantic_similar_detector.py,D-GOVERNANCE
sensitivity_sweeper.py,D-GOVERNANCE
shadow_trust_validator.py,D-GOVERNANCE
shadow_verifier.py,D-GOVERNANCE
shared_evolver.py,D-GOVERNANCE
shared_lifecycle_manager.py,D-GOVERNANCE
signature_matcher.py,D-GOVERNANCE
silence_detector.py,D-GOVERNANCE
snapshot_manager.py,D-GOVERNANCE
spiral_ews.py,D-GOVERNANCE
spof_checker.py,D-GOVERNANCE
sqlite_dumper.py,D-GOVERNANCE
sqlite_schema.py,D-GOVERNANCE
ssot_registrar.py,D-GOVERNANCE
stale_shared_detector.py,D-GOVERNANCE
startup_shutdown.py,D-GOVERNANCE
startup_shutdown_cli.py,D-GOVERNANCE
stream_abort_guard.py,D-GOVERNANCE
subagent_hook_propagator.py,D-GOVERNANCE
submodule_sync.py,D-GOVERNANCE
success_validator.py,D-GOVERNANCE
symbol_index.py,D-GOVERNANCE
task_repo.py,D-GOVERNANCE
think_time_model.py,D-GOVERNANCE
time_sync.py,D-GOVERNANCE
timeout_guard.py,D-GOVERNANCE
topology_change_log.py,D-GOVERNANCE
transition.py,D-GOVERNANCE
triage.py,D-GOVERNANCE
trust_anchor.py,D-GOVERNANCE
trust_ring_manager.py,D-GOVERNANCE
venv_sync.py,D-GOVERNANCE
verifier.py,D-GOVERNANCE
vibe_verify_integration.py,D-GOVERNANCE
vigil_runtime.py,D-GOVERNANCE
budget_engine.py,D-GOVERNANCE-BUDGET_ENFORCEMENT
budget_handler.py,D-GOVERNANCE-BUDGET_ENFORCEMENT
budget_models.py,D-GOVERNANCE-BUDGET_ENFORCEMENT
budget_profile_manager.py,D-GOVERNANCE-BUDGET_ENFORCEMENT
budget_tracker.py,D-GOVERNANCE-BUDGET_ENFORCEMENT
complexity_budget.py,D-GOVERNANCE-BUDGET_ENFORCEMENT
context_budget.py,D-GOVERNANCE-BUDGET_ENFORCEMENT
cost_budget.py,D-GOVERNANCE-BUDGET_ENFORCEMENT
error_budget_burst_limiter.py,D-GOVERNANCE-BUDGET_ENFORCEMENT
self_budget_tracker.py,D-GOVERNANCE-BUDGET_ENFORCEMENT
token_budget.py,D-GOVERNANCE-BUDGET_ENFORCEMENT
llm_bridge.py,D-INTEGRATION-GATEWAY
mcp_server.py,D-INTEGRATION-GATEWAY
model_provider_data.py,D-INTEGRATION-GATEWAY
model_router.py,D-INTEGRATION-GATEWAY
provider_base.py,D-INTEGRATION-GATEWAY
provider_failover.py,D-INTEGRATION-GATEWAY
bus_factor_defense.py,D-INTELLIGENCE
factor_base.py,D-INTELLIGENCE
human_factors.py,D-INTELLIGENCE
model_drift_detector.py,D-INTELLIGENCE
model_version_detector.py,D-INTELLIGENCE
momentum_factor.py,D-INTELLIGENCE
thematic_clusterer.py,D-INTELLIGENCE
value_factor.py,D-INTELLIGENCE
market_data.py,D-MKT_DATA
market_data_pipeline.py,D-MKT_DATA
pricing_sync.py,D-MKT_DATA
realtime_streaming.py,D-MKT_DATA
meta_observability.py,D-OPS
observability_dashboard.py,D-OPS
ops_foundation.py,D-OPS
performance_attribution_report.py,D-OPS
roi_calculator.py,D-OPS
slo_contract.py,D-OPS
tco_model.py,D-OPS
telemetry.py,D-OPS
_circuit_breaker.py,D-RESILIENCE
auto_rollback_trigger.py,D-RESILIENCE
circuit_breaker.py,D-RESILIENCE
circuit_breaker_repo.py,D-RESILIENCE
circuit_breaker_types.py,D-RESILIENCE
kill_switch.py,D-RESILIENCE
knowngoodstate_ledger.py,D-RESILIENCE
last_resort_watchdog.py,D-RESILIENCE
recovery_manifest_writer.py,D-RESILIENCE
rollback_abuse_detector.py,D-RESILIENCE
rollback_audit_nexus.py,D-RESILIENCE
rollback_bootstrap.py,D-RESILIENCE
rollback_budget.py,D-RESILIENCE
rollback_context_restorer.py,D-RESILIENCE
rollback_dashboard.py,D-RESILIENCE
rollback_drill.py,D-RESILIENCE
rollback_executor.py,D-RESILIENCE
rollback_integration.py,D-RESILIENCE
rollback_lock.py,D-RESILIENCE
rollback_loop_detector.py,D-RESILIENCE
rollback_simulator.py,D-RESILIENCE
rollback_state_machine.py,D-RESILIENCE
rollback_target_staleness.py,D-RESILIENCE
rollback_verifier.py,D-RESILIENCE
rollback_wal.py,D-RESILIENCE
semantic_rollback_tag.py,D-RESILIENCE
trading_kill_switch.py,D-RESILIENCE
warm_standby.py,D-RESILIENCE
witness_isolation.py,D-RESILIENCE
oms_risk_engine.py,D-RISK
risk_limits.py,D-RISK
risk_matrix.py,D-RISK
risk_mitigation_tracker.py,D-RISK
risk_mitigator.py,D-RISK
api_response_sanitizer.py,D-SECURITY
default_security_gateway.py,D-SECURITY
memory_poison_guard.py,D-SECURITY
persuasion_detector.py,D-SECURITY
poison_cascade_detector.py,D-SECURITY
privacy.py,D-SECURITY
right_to_be_forgotten.py,D-SECURITY
sandbox_enforcer.py,D-SECURITY
sbom_generator.py,D-SECURITY
sbom_guard.py,D-SECURITY
secret_rotation_aware.py,D-SECURITY
security_config_scanner.py,D-SECURITY
security_gateway_base.py,D-SECURITY
supply_chain.py,D-SECURITY
supply_chain_security.py,D-SECURITY
vibe_security_verify.py,D-SECURITY
vulnerability_rescanner.py,D-SECURITY
default_equity_strategy.py,D-STRATEGY
strategy_base.py,D-STRATEGY
strategy_portfolio.py,D-STRATEGY
strategy_registry.py,D-STRATEGY
strategy_scoper.py,D-STRATEGY
