entry_id,name,factor_class,factor_key,dir,needs,proxy_note,horizon,ic_mean_overall,ic_ir_overall,ic_t_overall,n_days_overall,pct_pos_overall,ic_mean_risk_on,ic_ir_risk_on,ic_t_risk_on,ndays_risk_on,ic_mean_risk_off,ic_ir_risk_off,ic_t_risk_off,ndays_risk_off,ic_mean_neutral,ic_ir_neutral,ic_t_neutral,ndays_neutral
FCT-FQ-004,ROE季度同比差,quality,f_fq004_roeq_yoy_chg,1,fundamental,代理=roe_q-上年同期 roe_q（原式 4*np_q/equity 近似）,5,0.01353,0.2047,6.772,1094,0.5978,0.02711,0.5144,6.216,166.0,-0.00057,-0.0079,-0.099,181.0,0.01381,0.2075,5.838,867.0
FCT-FQ-004,ROE季度同比差,quality,f_fq004_roeq_yoy_chg,1,fundamental,代理=roe_q-上年同期 roe_q（原式 4*np_q/equity 近似）,10,0.01584,0.2218,7.335,1094,0.606,0.03857,0.805,9.727,166.0,-0.00429,-0.0549,-0.686,181.0,0.01562,0.2153,6.06,867.0
FCT-FQ-004,ROE季度同比差,quality,f_fq004_roeq_yoy_chg,1,fundamental,代理=roe_q-上年同期 roe_q（原式 4*np_q/equity 近似）,20,0.019,0.251,8.303,1094,0.5905,0.04835,0.8261,9.981,166.0,0.00503,0.0723,0.903,181.0,0.01635,0.2086,5.872,867.0
FCT-GR-001,营收同比,momentum,f_gr001_rev_yoy,1,fundamental,revenue_yoy（announce_date PIT）,5,0.00232,0.0277,0.917,1094,0.5165,0.01195,0.1553,1.877,166.0,-0.01054,-0.1126,-1.406,181.0,0.00308,0.0372,1.048,867.0
FCT-GR-001,营收同比,momentum,f_gr001_rev_yoy,1,fundamental,revenue_yoy（announce_date PIT）,10,0.00134,0.0149,0.492,1094,0.5128,0.02236,0.2671,3.227,166.0,-0.01977,-0.2017,-2.519,181.0,0.00162,0.0183,0.515,867.0
FCT-GR-001,营收同比,momentum,f_gr001_rev_yoy,1,fundamental,revenue_yoy（announce_date PIT）,20,0.00025,0.0026,0.086,1094,0.4881,0.0367,0.4037,4.878,166.0,-0.02774,-0.2894,-3.614,181.0,-0.00095,-0.0097,-0.272,867.0
FCT-GR-002,净利环比,momentum,f_gr002_np_yoy,1,fundamental,"代理=net_profit_yoy（原式 qoq,偏离登记）",5,0.00672,0.0835,2.762,1094,0.5402,0.0188,0.2895,3.498,166.0,-0.00739,-0.0805,-1.005,181.0,0.00727,0.0905,2.547,867.0
FCT-GR-002,净利环比,momentum,f_gr002_np_yoy,1,fundamental,"代理=net_profit_yoy（原式 qoq,偏离登记）",10,0.00643,0.0742,2.456,1094,0.5366,0.0277,0.444,5.365,166.0,-0.01305,-0.137,-1.711,181.0,0.00634,0.0722,2.033,867.0
FCT-GR-002,净利环比,momentum,f_gr002_np_yoy,1,fundamental,"代理=net_profit_yoy（原式 qoq,偏离登记）",20,0.00646,0.069,2.283,1094,0.5055,0.04075,0.5352,6.467,166.0,-0.01291,-0.1509,-1.885,181.0,0.00395,0.0409,1.152,867.0
FCT-LIQ-024,底部量能节奏,liquidity,f_liq024_neg_vol_dryup,1,kline,-(5日量/60日量)（缩量代理）,5,0.04317,0.4147,13.717,1094,0.6572,0.0358,0.368,4.446,166.0,0.06763,0.52,6.495,181.0,0.03971,0.4015,11.299,867.0
FCT-LIQ-024,底部量能节奏,liquidity,f_liq024_neg_vol_dryup,1,kline,-(5日量/60日量)（缩量代理）,10,0.04372,0.4269,14.12,1094,0.6782,0.03541,0.3337,4.032,166.0,0.06766,0.5271,6.583,181.0,0.04054,0.4258,11.982,867.0
FCT-LIQ-024,底部量能节奏,liquidity,f_liq024_neg_vol_dryup,1,kline,-(5日量/60日量)（缩量代理）,20,0.04806,0.4564,15.095,1094,0.6664,0.03097,0.2778,3.357,166.0,0.06595,0.5609,7.006,181.0,0.04769,0.4717,13.275,867.0
FCT-LIQ-025,地量,liquidity,f_liq025_neg_diliang,1,kline,-(量/120日最大量)（地量=低分位）,5,0.05822,0.5794,19.165,1094,0.7358,0.03718,0.4384,5.298,166.0,0.08857,0.7375,9.211,181.0,0.05612,0.5746,16.171,867.0
FCT-LIQ-025,地量,liquidity,f_liq025_neg_diliang,1,kline,-(量/120日最大量)（地量=低分位）,10,0.06128,0.6008,19.871,1094,0.7486,0.02485,0.2754,3.328,166.0,0.09484,0.7721,9.644,181.0,0.06139,0.6311,17.76,867.0
FCT-LIQ-025,地量,liquidity,f_liq025_neg_diliang,1,kline,-(量/120日最大量)（地量=低分位）,20,0.06921,0.6331,20.941,1094,0.7468,0.02061,0.1998,2.414,166.0,0.09715,0.8347,10.426,181.0,0.07267,0.6834,19.233,867.0
FCT-LIQ-029,天量换手筹码出尽,liquidity,f_liq029_tov_spike,-1,kline,换手/250日最大换手（dir=-1）,5,,,,0,,,,,166.0,,,,181.0,,,,867.0
FCT-LIQ-029,天量换手筹码出尽,liquidity,f_liq029_tov_spike,-1,kline,换手/250日最大换手（dir=-1）,10,,,,0,,,,,166.0,,,,181.0,,,,867.0
FCT-LIQ-029,天量换手筹码出尽,liquidity,f_liq029_tov_spike,-1,kline,换手/250日最大换手（dir=-1）,20,,,,0,,,,,166.0,,,,181.0,,,,867.0
FCT-LIQ-030,换手率分位/活跃度,liquidity,f_liq030_tov_ratio5,1,kline,换手/5日均换手,5,-0.0353,-0.2075,-2.366,130,0.4538,-0.0848,-0.3521,-1.535,166.0,,,,181.0,-0.02683,-0.1734,-1.827,867.0
FCT-LIQ-030,换手率分位/活跃度,liquidity,f_liq030_tov_ratio5,1,kline,换手/5日均换手,10,-0.00829,-0.0447,-0.482,116,0.4741,-0.05653,-0.2368,-1.032,166.0,,,,181.0,0.00116,0.0067,0.066,867.0
FCT-LIQ-030,换手率分位/活跃度,liquidity,f_liq030_tov_ratio5,1,kline,换手/5日均换手,20,-0.00212,-0.0095,-0.087,85,0.4706,-0.06361,-0.2335,-0.963,166.0,,,,181.0,0.01325,0.0631,0.521,867.0
FCT-LIQ-031,立桩量,liquidity,f_liq031_pillar,1,kline,阳线实体%×5日量比,5,-0.03373,-0.3374,-11.158,1094,0.3592,-0.03411,-0.3869,-4.675,166.0,-0.03076,-0.2713,-3.388,181.0,-0.03424,-0.3447,-9.702,867.0
FCT-LIQ-031,立桩量,liquidity,f_liq031_pillar,1,kline,阳线实体%×5日量比,10,-0.03165,-0.3226,-10.669,1094,0.3702,-0.02637,-0.2848,-3.441,166.0,-0.03327,-0.3127,-3.906,181.0,-0.0323,-0.3313,-9.324,867.0
FCT-LIQ-031,立桩量,liquidity,f_liq031_pillar,1,kline,阳线实体%×5日量比,20,-0.03078,-0.3191,-10.556,1094,0.3638,-0.02701,-0.2706,-3.269,166.0,-0.03231,-0.3098,-3.87,181.0,-0.03118,-0.3306,-9.304,867.0
FCT-MOM-008,历史新高因子,momentum,f_mom008_new_high,1,kline,close/历史滚动最高（≥250日窗）,5,-0.01503,-0.1238,-3.845,965,0.4342,-0.00465,-0.0495,-0.54,166.0,-0.03261,-0.2355,-2.747,181.0,-0.0134,-0.11,-2.93,867.0
FCT-MOM-008,历史新高因子,momentum,f_mom008_new_high,1,kline,close/历史滚动最高（≥250日窗）,10,-0.02106,-0.1732,-5.379,965,0.4404,-0.00681,-0.0791,-0.863,166.0,-0.04483,-0.3212,-3.746,181.0,-0.0189,-0.1542,-4.108,867.0
FCT-MOM-008,历史新高因子,momentum,f_mom008_new_high,1,kline,close/历史滚动最高（≥250日窗）,20,-0.02942,-0.2408,-7.48,965,0.3959,-0.01542,-0.1677,-1.83,166.0,-0.05646,-0.4627,-5.396,181.0,-0.02659,-0.211,-5.623,867.0
FCT-MOM-009,区间相对强弱RS,momentum,f_mom009_rs20,1,kline,个股20日动量-市场均值20日动量,5,-0.03781,-0.3003,-9.931,1094,0.3949,-0.03165,-0.2643,-3.193,166.0,-0.05032,-0.3719,-4.644,181.0,-0.03648,-0.2916,-8.206,867.0
FCT-MOM-009,区间相对强弱RS,momentum,f_mom009_rs20,1,kline,个股20日动量-市场均值20日动量,10,-0.04118,-0.3359,-11.11,1094,0.372,-0.02704,-0.2231,-2.695,166.0,-0.05282,-0.4063,-5.075,181.0,-0.0415,-0.3422,-9.631,867.0
FCT-MOM-009,区间相对强弱RS,momentum,f_mom009_rs20,1,kline,个股20日动量-市场均值20日动量,20,-0.05202,-0.4221,-13.961,1094,0.3519,-0.0289,-0.2342,-2.83,166.0,-0.06854,-0.488,-6.095,181.0,-0.05302,-0.4454,-12.533,867.0
FCT-MOM-017,二进三断板,momentum,f_mom017_limit_streak,1,kline,"连板天数计数（pct≥9.8% 近似,登记局限）",5,-0.01644,-0.3983,-13.175,1094,0.3044,-0.01395,-0.3609,-4.361,166.0,-0.01572,-0.3428,-4.282,181.0,-0.01704,-0.4175,-11.748,867.0
FCT-MOM-017,二进三断板,momentum,f_mom017_limit_streak,1,kline,"连板天数计数（pct≥9.8% 近似,登记局限）",10,-0.02742,-0.6691,-22.131,1094,0.2349,-0.02259,-0.5257,-6.352,166.0,-0.03004,-0.6451,-8.057,181.0,-0.02779,-0.7057,-19.859,867.0
FCT-MOM-017,二进三断板,momentum,f_mom017_limit_streak,1,kline,"连板天数计数（pct≥9.8% 近似,登记局限）",20,-0.03538,-0.9072,-30.005,1094,0.1664,-0.03368,-0.7942,-9.597,166.0,-0.03598,-0.8785,-10.972,181.0,-0.03558,-0.9366,-26.358,867.0
FCT-QUAL-001,综合质量,quality,f_qual001_roe_w,1,fundamental,QUAL-001 部分代理=加权ROE（其余维度未并）,5,0.00522,0.0465,1.538,1094,0.489,0.00653,0.0634,0.766,166.0,-0.01477,-0.1278,-1.596,181.0,0.00891,0.079,2.222,867.0
FCT-QUAL-001,综合质量,quality,f_qual001_roe_w,1,fundamental,QUAL-001 部分代理=加权ROE（其余维度未并）,10,0.0038,0.0323,1.07,1094,0.4698,0.01576,0.1462,1.767,166.0,-0.02246,-0.1907,-2.382,181.0,0.00677,0.0571,1.608,867.0
FCT-QUAL-001,综合质量,quality,f_qual001_roe_w,1,fundamental,QUAL-001 部分代理=加权ROE（其余维度未并）,20,0.00062,0.005,0.166,1094,0.4324,0.03853,0.308,3.721,166.0,-0.03989,-0.3799,-4.745,181.0,0.00161,0.0129,0.363,867.0
FCT-TECH-055,20日均线趋势判定,technical,f_te055_ma20_slope,1,kline,MA20 5日斜率（趋势方向代理）,5,-0.03233,-0.2519,-8.331,1094,0.4104,-0.01935,-0.1563,-1.888,166.0,-0.05176,-0.3887,-4.855,181.0,-0.0309,-0.2415,-6.795,867.0
FCT-TECH-055,20日均线趋势判定,technical,f_te055_ma20_slope,1,kline,MA20 5日斜率（趋势方向代理）,10,-0.03932,-0.3154,-10.431,1094,0.3848,-0.02352,-0.1988,-2.402,166.0,-0.05434,-0.4347,-5.43,181.0,-0.03927,-0.3128,-8.803,867.0
FCT-TECH-055,20日均线趋势判定,technical,f_te055_ma20_slope,1,kline,MA20 5日斜率（趋势方向代理）,20,-0.05174,-0.4066,-13.448,1094,0.3556,-0.02533,-0.2012,-2.431,166.0,-0.07338,-0.5363,-6.698,181.0,-0.05234,-0.4193,-11.801,867.0
FCT-TECH-056,放量突破20日线,technical,f_te056_vol_break20,1,kline,5日量比×sign(价/MA20-1),5,-0.02286,-0.2507,-8.293,1094,0.4049,-0.01855,-0.2351,-2.841,166.0,-0.0267,-0.2574,-3.215,181.0,-0.02289,-0.2524,-7.102,867.0
FCT-TECH-056,放量突破20日线,technical,f_te056_vol_break20,1,kline,5日量比×sign(价/MA20-1),10,-0.02307,-0.2583,-8.544,1094,0.3958,-0.00622,-0.0718,-0.868,166.0,-0.02666,-0.2691,-3.361,181.0,-0.02546,-0.291,-8.189,867.0
FCT-TECH-056,放量突破20日线,technical,f_te056_vol_break20,1,kline,5日量比×sign(价/MA20-1),20,-0.02729,-0.3059,-10.118,1094,0.3803,-0.00932,-0.1125,-1.36,166.0,-0.0307,-0.2912,-3.638,181.0,-0.02993,-0.3458,-9.731,867.0
FCT-TECH-057,红多绿少,technical,f_te057_red_green,1,kline,10日红绿差×(红量/绿量)（绿缩量代理）,5,-0.02113,-0.2682,-8.872,1094,0.394,-0.00968,-0.1629,-1.969,166.0,-0.01201,-0.134,-1.673,181.0,-0.02504,-0.3155,-8.88,867.0
FCT-TECH-057,红多绿少,technical,f_te057_red_green,1,kline,10日红绿差×(红量/绿量)（绿缩量代理）,10,-0.02403,-0.2985,-9.873,1094,0.3665,-0.01156,-0.1658,-2.003,166.0,-0.01086,-0.1267,-1.583,181.0,-0.02892,-0.3577,-10.068,867.0
FCT-TECH-057,红多绿少,technical,f_te057_red_green,1,kline,10日红绿差×(红量/绿量)（绿缩量代理）,20,-0.02798,-0.3525,-11.659,1094,0.3464,-0.00812,-0.1201,-1.451,166.0,-0.01016,-0.1371,-1.712,181.0,-0.03516,-0.4325,-12.171,867.0
FCT-TECH-058,月线20日均线支撑,technical,f_te058_ma250_support,1,kline,指数级口诀映射到个股 close/MA250,5,-0.03733,-0.2582,-8.02,965,0.3979,-0.00399,-0.0343,-0.374,166.0,-0.06447,-0.4511,-5.261,181.0,-0.03772,-0.2545,-6.782,867.0
FCT-TECH-058,月线20日均线支撑,technical,f_te058_ma250_support,1,kline,指数级口诀映射到个股 close/MA250,10,-0.04556,-0.3101,-9.632,965,0.3824,0.00113,0.0092,0.1,166.0,-0.07521,-0.5226,-6.094,181.0,-0.04771,-0.3192,-8.505,867.0
FCT-TECH-058,月线20日均线支撑,technical,f_te058_ma250_support,1,kline,指数级口诀映射到个股 close/MA250,20,-0.05628,-0.3707,-11.516,965,0.3658,-0.02635,-0.1967,-2.146,166.0,-0.07631,-0.5139,-5.993,181.0,-0.05746,-0.3715,-9.899,867.0
FCT-TECH-059,历史天量,technical,f_te059_hist_volspike,-1,kline,"量/250日最大量（天量=顶部信号,dir=-1）",5,-0.0758,-0.7071,-21.966,965,0.2321,-0.05476,-0.579,-6.316,166.0,-0.0972,-0.7184,-8.378,181.0,-0.07523,-0.7346,-19.574,867.0
FCT-TECH-059,历史天量,technical,f_te059_hist_volspike,-1,kline,"量/250日最大量（天量=顶部信号,dir=-1）",10,-0.08514,-0.7578,-23.541,965,0.2052,-0.04931,-0.4414,-4.815,166.0,-0.1068,-0.787,-9.178,181.0,-0.087,-0.8195,-21.836,867.0
FCT-TECH-059,历史天量,technical,f_te059_hist_volspike,-1,kline,"量/250日最大量（天量=顶部信号,dir=-1）",20,-0.10285,-0.8515,-26.453,965,0.1896,-0.05189,-0.443,-4.833,166.0,-0.12752,-0.9117,-10.632,181.0,-0.10666,-0.9263,-24.683,867.0
FCT-TECH-060,下跌斜率放缓,technical,f_te060_decl_slowdown,1,kline,mom5-mom5.shift(5)（斜率改善）,5,-0.01703,-0.1595,-5.276,1094,0.4351,-0.02143,-0.2247,-2.715,166.0,-0.0095,-0.0797,-0.996,181.0,-0.0177,-0.1666,-4.688,867.0
FCT-TECH-060,下跌斜率放缓,technical,f_te060_decl_slowdown,1,kline,mom5-mom5.shift(5)（斜率改善）,10,-0.01546,-0.1511,-4.998,1094,0.4561,-0.02283,-0.2679,-3.237,166.0,-0.01288,-0.1065,-1.33,181.0,-0.01461,-0.1443,-4.06,867.0
FCT-TECH-060,下跌斜率放缓,technical,f_te060_decl_slowdown,1,kline,mom5-mom5.shift(5)（斜率改善）,20,-0.01291,-0.1254,-4.146,1094,0.4634,-0.02922,-0.2693,-3.253,166.0,-0.01337,-0.1233,-1.54,181.0,-0.00982,-0.0975,-2.743,867.0
FCT-TECH-061,均线排列状态,technical,f_te061_ma_align,1,kline,"MA5/10/20/60 排列计分[-3,3]",5,-0.03203,-0.2812,-9.301,1094,0.3931,-0.01019,-0.1022,-1.235,166.0,-0.05013,-0.4482,-5.598,181.0,-0.03249,-0.2796,-7.869,867.0
FCT-TECH-061,均线排列状态,technical,f_te061_ma_align,1,kline,"MA5/10/20/60 排列计分[-3,3]",10,-0.03492,-0.3113,-10.296,1094,0.3784,-0.00087,-0.008,-0.097,166.0,-0.05274,-0.4808,-6.005,181.0,-0.03769,-0.3356,-9.446,867.0
FCT-TECH-061,均线排列状态,technical,f_te061_ma_align,1,kline,"MA5/10/20/60 排列计分[-3,3]",20,-0.04397,-0.3656,-12.093,1094,0.3821,0.00125,0.0112,0.135,166.0,-0.06037,-0.468,-5.845,181.0,-0.04908,-0.415,-11.68,867.0
FCT-TECH-062,乖离率极端±15%,technical,f_te062_bias20,1,kline,"close/MA20-1（极端两端,IC 定号）",5,-0.03874,-0.3104,-10.267,1094,0.3867,-0.03531,-0.3215,-3.885,166.0,-0.04259,-0.3203,-4.0,181.0,-0.03862,-0.3068,-8.634,867.0
FCT-TECH-062,乖离率极端±15%,technical,f_te062_bias20,1,kline,"close/MA20-1（极端两端,IC 定号）",10,-0.0381,-0.313,-10.352,1094,0.3921,-0.02407,-0.2012,-2.431,166.0,-0.04063,-0.3162,-3.949,181.0,-0.04019,-0.3329,-9.368,867.0
FCT-TECH-062,乖离率极端±15%,technical,f_te062_bias20,1,kline,"close/MA20-1（极端两端,IC 定号）",20,-0.0417,-0.3529,-11.672,1094,0.3821,-0.01937,-0.1667,-2.014,166.0,-0.05091,-0.3601,-4.498,181.0,-0.04401,-0.3891,-10.95,867.0
FCT-TECH-063,KDJ钝化,technical,f_te063_kdj_j,1,kline,"KDJ(9,3,3) J 值",5,-0.01286,-0.1102,-3.644,1094,0.4717,-0.01653,-0.1604,-1.938,166.0,-0.00511,-0.0411,-0.513,181.0,-0.01371,-0.1166,-3.281,867.0
FCT-TECH-063,KDJ钝化,technical,f_te063_kdj_j,1,kline,"KDJ(9,3,3) J 值",10,-0.00956,-0.0822,-2.72,1094,0.4799,-0.00291,-0.0276,-0.333,166.0,-0.007,-0.0568,-0.709,181.0,-0.01129,-0.0967,-2.721,867.0
FCT-TECH-063,KDJ钝化,technical,f_te063_kdj_j,1,kline,"KDJ(9,3,3) J 值",20,-0.00651,-0.0593,-1.96,1094,0.4927,-0.0014,-0.0133,-0.161,166.0,0.00039,0.0034,0.043,181.0,-0.00881,-0.0803,-2.26,867.0
FCT-TECH-064,ATR14,technical,f_te064_natr14,1,kline,ATR14/close（高波动代理）,5,-0.07681,-0.481,-15.909,1094,0.3263,-0.05918,-0.4485,-5.419,166.0,-0.11158,-0.6251,-7.808,181.0,-0.07322,-0.4585,-12.904,867.0
FCT-TECH-064,ATR14,technical,f_te064_natr14,1,kline,ATR14/close（高波动代理）,10,-0.08997,-0.5566,-18.41,1094,0.2989,-0.0677,-0.5583,-6.746,166.0,-0.13457,-0.705,-8.806,181.0,-0.0853,-0.5314,-14.955,867.0
FCT-TECH-064,ATR14,technical,f_te064_natr14,1,kline,ATR14/close（高波动代理）,20,-0.10644,-0.6377,-21.093,1094,0.2888,-0.07562,-0.5912,-7.144,166.0,-0.14116,-0.7565,-9.449,181.0,-0.10529,-0.6263,-17.625,867.0
FCT-TECH-065,整数关口关键位,technical,f_te065_round_dist,1,kline,"-|价-最近整数关|/价（距离代理,方向存疑）",5,-0.02121,-0.2026,-6.7,1094,0.4607,-0.01631,-0.1601,-1.934,166.0,-0.04592,-0.4293,-5.362,181.0,-0.01725,-0.1655,-4.657,867.0
FCT-TECH-065,整数关口关键位,technical,f_te065_round_dist,1,kline,"-|价-最近整数关|/价（距离代理,方向存疑）",10,-0.0277,-0.254,-8.401,1094,0.4287,-0.01257,-0.1227,-1.483,166.0,-0.06019,-0.5606,-7.002,181.0,-0.02409,-0.22,-6.191,867.0
FCT-TECH-065,整数关口关键位,technical,f_te065_round_dist,1,kline,"-|价-最近整数关|/价（距离代理,方向存疑）",20,-0.0361,-0.3218,-10.643,1094,0.4168,-0.00248,-0.0225,-0.271,166.0,-0.07786,-0.726,-9.068,181.0,-0.03407,-0.3066,-8.628,867.0
FCT-TECH-066,RSI极端超卖,technical,f_te066_neg_rsi6,1,kline,-RSI6（高=超卖看反弹）,5,0.02273,0.1947,6.44,1094,0.5676,0.01969,0.2089,2.524,166.0,0.02237,0.1706,2.131,181.0,0.02336,0.1986,5.59,867.0
FCT-TECH-066,RSI极端超卖,technical,f_te066_neg_rsi6,1,kline,-RSI6（高=超卖看反弹）,10,0.01757,0.1528,5.055,1094,0.5466,0.00961,0.0949,1.147,166.0,0.01756,0.1428,1.783,181.0,0.01904,0.1644,4.628,867.0
FCT-TECH-066,RSI极端超卖,technical,f_te066_neg_rsi6,1,kline,-RSI6（高=超卖看反弹）,20,0.0143,0.1266,4.188,1094,0.532,0.00038,0.0034,0.041,166.0,0.0089,0.0742,0.927,181.0,0.01793,0.1601,4.505,867.0
FCT-TECH-067,MACD零轴位置,technical,f_te067_macd_dif,1,kline,DIF/close（零轴上下代理）,5,-0.04148,-0.2984,-9.87,1094,0.383,-0.01991,-0.1472,-1.778,166.0,-0.07029,-0.503,-6.283,181.0,-0.03979,-0.2866,-8.066,867.0
FCT-TECH-067,MACD零轴位置,technical,f_te067_macd_dif,1,kline,DIF/close（零轴上下代理）,10,-0.04847,-0.3579,-11.838,1094,0.3803,-0.01041,-0.0758,-0.916,166.0,-0.07704,-0.5608,-7.004,181.0,-0.04986,-0.3742,-10.531,867.0
FCT-TECH-067,MACD零轴位置,technical,f_te067_macd_dif,1,kline,DIF/close（零轴上下代理）,20,-0.05924,-0.4207,-13.917,1094,0.3391,-0.00939,-0.0625,-0.755,166.0,-0.09012,-0.5712,-7.134,181.0,-0.06235,-0.4685,-13.184,867.0
FCT-TECH-068,区间位置百分位,technical,f_te068_pos_range20,1,kline,"20日高低区间位置[0,1]",5,-0.01746,-0.1484,-4.907,1094,0.4552,-0.01794,-0.1868,-2.257,166.0,-0.01444,-0.1135,-1.418,181.0,-0.01797,-0.1504,-4.232,867.0
FCT-TECH-068,区间位置百分位,technical,f_te068_pos_range20,1,kline,"20日高低区间位置[0,1]",10,-0.01365,-0.1192,-3.942,1094,0.4717,-0.0033,-0.032,-0.387,166.0,-0.00884,-0.0747,-0.934,181.0,-0.01651,-0.1426,-4.012,867.0
FCT-TECH-068,区间位置百分位,technical,f_te068_pos_range20,1,kline,"20日高低区间位置[0,1]",20,-0.01639,-0.1441,-4.765,1094,0.4717,0.00148,0.0146,0.177,166.0,-0.01382,-0.1065,-1.331,181.0,-0.02019,-0.1796,-5.055,867.0
FCT-TECH-070,量比五分位,technical_indicator,f_te070_liangbi,1,kline,当日量/5日均量,5,-0.01781,-0.2456,-8.125,1094,0.3958,-0.02593,-0.3745,-4.525,166.0,-0.0037,-0.0476,-0.594,181.0,-0.01909,-0.2662,-7.491,867.0
FCT-TECH-070,量比五分位,technical_indicator,f_te070_liangbi,1,kline,当日量/5日均量,10,-0.01407,-0.2004,-6.627,1094,0.4177,-0.01427,-0.2034,-2.458,166.0,-0.00334,-0.0453,-0.566,181.0,-0.01614,-0.2325,-6.544,867.0
FCT-TECH-070,量比五分位,technical_indicator,f_te070_liangbi,1,kline,当日量/5日均量,20,-0.01141,-0.1678,-5.549,1094,0.4232,-0.01276,-0.176,-2.127,166.0,-0.00141,-0.0214,-0.268,181.0,-0.01313,-0.1946,-5.475,867.0
FCT-TECH-071,波段浪型,technical,f_te071_wave_hl,1,kline,3日高低点抬升/降低计分,5,-0.01477,-0.1431,-4.733,1094,0.4543,-0.02374,-0.2463,-2.977,166.0,-0.00708,-0.0624,-0.78,181.0,-0.01463,-0.143,-4.024,867.0
FCT-TECH-071,波段浪型,technical,f_te071_wave_hl,1,kline,3日高低点抬升/降低计分,10,-0.0099,-0.0962,-3.181,1094,0.4726,-0.00817,-0.0807,-0.975,166.0,-0.00525,-0.0469,-0.585,181.0,-0.01114,-0.1097,-3.088,867.0
FCT-TECH-071,波段浪型,technical,f_te071_wave_hl,1,kline,3日高低点抬升/降低计分,20,-0.0072,-0.0724,-2.396,1094,0.4726,-0.00657,-0.0634,-0.766,166.0,-0.00173,-0.0172,-0.215,181.0,-0.00839,-0.0853,-2.4,867.0
FCT-TECH-072,布林收口,technical,f_te072_neg_bollbw,1,kline,-布林带宽（收口=压缩）,5,0.05686,0.4239,14.019,1094,0.6654,0.04955,0.4296,5.191,166.0,0.08282,0.5707,7.128,181.0,0.0531,0.3942,11.092,867.0
FCT-TECH-072,布林收口,technical,f_te072_neg_bollbw,1,kline,-布林带宽（收口=压缩）,10,0.06558,0.4889,16.171,1094,0.6965,0.05936,0.5276,6.375,166.0,0.09794,0.6506,8.126,181.0,0.06035,0.4516,12.71,867.0
FCT-TECH-072,布林收口,technical,f_te072_neg_bollbw,1,kline,-布林带宽（收口=压缩）,20,0.07446,0.5554,18.369,1094,0.6892,0.06182,0.5793,6.999,166.0,0.08734,0.566,7.069,181.0,0.07426,0.5531,15.566,867.0
FCT-TECH-073,缺口ATR分级,technical,f_te073_gap_atr,1,kline,(开-昨收)/ATR14,5,0.02034,0.3981,13.169,1094,0.6837,0.01731,0.325,3.926,166.0,0.02342,0.4108,5.131,181.0,0.02029,0.4103,11.547,867.0
FCT-TECH-073,缺口ATR分级,technical,f_te073_gap_atr,1,kline,(开-昨收)/ATR14,10,0.02133,0.4269,14.12,1094,0.691,0.01923,0.3354,4.053,166.0,0.01945,0.3643,4.55,181.0,0.02209,0.4619,13.0,867.0
FCT-TECH-073,缺口ATR分级,technical,f_te073_gap_atr,1,kline,(开-昨收)/ATR14,20,0.02387,0.4921,16.276,1094,0.7212,0.02357,0.4117,4.974,166.0,0.01645,0.3733,4.662,181.0,0.02538,0.5344,15.04,867.0
FCT-TECH-074,大级别底部突破,technical,f_te074_base_break500,1,kline,close/500日最高（脱离大底代理）,5,-0.02137,-0.1687,-4.511,715,0.4406,0.00527,0.0547,0.508,166.0,-0.05168,-0.468,-4.796,181.0,-0.01967,-0.148,-3.387,867.0
FCT-TECH-074,大级别底部突破,technical,f_te074_base_break500,1,kline,close/500日最高（脱离大底代理）,10,-0.03066,-0.2396,-6.407,715,0.4406,0.00108,0.0114,0.105,166.0,-0.0579,-0.5307,-5.438,181.0,-0.03042,-0.2254,-5.16,867.0
FCT-TECH-074,大级别底部突破,technical,f_te074_base_break500,1,kline,close/500日最高（脱离大底代理）,20,-0.04311,-0.3486,-9.32,715,0.4266,-0.03291,-0.2724,-2.526,166.0,-0.04482,-0.524,-5.369,181.0,-0.04445,-0.3405,-7.794,867.0
FCT-TECH-075,上方套牢盘压力,technical,f_te075_overhead250,-1,kline,"(250日最高-价)/价（压力深度,dir=-1）",5,0.00304,0.0225,0.699,965,0.4912,-0.02081,-0.1778,-1.94,166.0,0.01364,0.1094,1.276,181.0,0.005,0.0359,0.957,867.0
FCT-TECH-075,上方套牢盘压力,technical,f_te075_overhead250,-1,kline,"(250日最高-价)/价（压力深度,dir=-1）",10,0.00411,0.0296,0.919,965,0.4984,-0.03393,-0.2869,-3.129,166.0,0.01557,0.1164,1.357,181.0,0.00829,0.0584,1.555,867.0
FCT-TECH-075,上方套牢盘压力,technical,f_te075_overhead250,-1,kline,"(250日最高-价)/价（压力深度,dir=-1）",20,0.00552,0.0408,1.267,965,0.486,-0.02345,-0.1592,-1.737,166.0,0.01663,0.1328,1.549,181.0,0.00824,0.0613,1.633,867.0
FCT-TECH-076,高位振幅加大,technical,f_te076_amp_expand_hi,-1,kline,"(5日|振幅|/60日)×250日位置（派发代理,dir=-1）",5,-0.03759,-0.2903,-9.019,965,0.3679,-0.012,-0.1224,-1.335,166.0,-0.06597,-0.4684,-5.462,181.0,-0.03645,-0.2783,-7.416,867.0
FCT-TECH-076,高位振幅加大,technical,f_te076_amp_expand_hi,-1,kline,"(5日|振幅|/60日)×250日位置（派发代理,dir=-1）",10,-0.0421,-0.3218,-9.996,965,0.371,0.0028,0.0261,0.285,166.0,-0.07123,-0.5209,-6.074,181.0,-0.04405,-0.3348,-8.922,867.0
FCT-TECH-076,高位振幅加大,technical,f_te076_amp_expand_hi,-1,kline,"(5日|振幅|/60日)×250日位置（派发代理,dir=-1）",20,-0.04923,-0.3589,-11.149,965,0.3544,-0.01596,-0.1461,-1.593,166.0,-0.07908,-0.5386,-6.282,181.0,-0.04909,-0.3549,-9.456,867.0
FCT-TECH-077,加速见顶,technical,f_te077_accel,-1,kline,"mom5-mom20（加速代理,dir=-1）",5,0.02329,0.1958,6.476,1094,0.5887,0.01545,0.1354,1.636,166.0,0.03847,0.3058,3.82,181.0,0.02174,0.1837,5.171,867.0
FCT-TECH-077,加速见顶,technical,f_te077_accel,-1,kline,"mom5-mom20（加速代理,dir=-1）",10,0.02798,0.2444,8.083,1094,0.596,0.01324,0.1205,1.456,166.0,0.03955,0.3302,4.124,181.0,0.02842,0.249,7.008,867.0
FCT-TECH-077,加速见顶,technical,f_te077_accel,-1,kline,"mom5-mom20（加速代理,dir=-1）",20,0.0408,0.3472,11.485,1094,0.6453,0.01776,0.162,1.958,166.0,0.05675,0.4587,5.729,181.0,0.04191,0.3577,10.066,867.0
FCT-TECH-078,下方缺口不回补,technical,f_te078_unfilled_upgap20,1,kline,20日内未回补向上缺口数,5,-0.02184,-0.3997,-13.221,1094,0.3428,-0.01964,-0.4349,-5.255,166.0,-0.03219,-0.4779,-5.968,181.0,-0.0202,-0.3793,-10.675,867.0
FCT-TECH-078,下方缺口不回补,technical,f_te078_unfilled_upgap20,1,kline,20日内未回补向上缺口数,10,-0.02582,-0.4754,-15.723,1094,0.308,-0.02461,-0.5293,-6.396,166.0,-0.03967,-0.63,-7.869,181.0,-0.02332,-0.436,-12.271,867.0
FCT-TECH-078,下方缺口不回补,technical,f_te078_unfilled_upgap20,1,kline,20日内未回补向上缺口数,20,-0.03283,-0.5906,-19.533,1094,0.2843,-0.02731,-0.5007,-6.05,166.0,-0.0465,-0.7163,-8.946,181.0,-0.03115,-0.5832,-16.413,867.0
FCT-TECH-081,Wyckoff吸筹Spring,technical,f_te081_spring,1,kline,破60日低后快速收回=Spring 0/1,5,-0.00282,-0.0757,-2.486,1078,0.4416,-0.01138,-0.344,-4.099,166.0,0.00247,0.0752,0.921,181.0,-0.00228,-0.0593,-1.663,867.0
FCT-TECH-081,Wyckoff吸筹Spring,technical,f_te081_spring,1,kline,破60日低后快速收回=Spring 0/1,10,-0.00082,-0.0228,-0.748,1078,0.4583,-0.01461,-0.4446,-5.298,166.0,0.00359,0.1226,1.502,181.0,0.00084,0.0227,0.636,867.0
FCT-TECH-081,Wyckoff吸筹Spring,technical,f_te081_spring,1,kline,破60日低后快速收回=Spring 0/1,20,0.00217,0.0626,2.057,1078,0.5,-0.01093,-0.3297,-3.929,166.0,0.00684,0.23,2.817,181.0,0.00365,0.1033,2.895,867.0
FCT-TECH-082,Wyckoff派发UTAD,technical,f_te082_neg_upthrust,-1,kline,破60日高后收回下方=UT 0/1（dir=-1）,5,0.01823,0.4408,14.581,1094,0.7102,0.01806,0.5047,6.098,166.0,0.0247,0.4916,6.139,181.0,0.01699,0.4216,11.864,867.0
FCT-TECH-082,Wyckoff派发UTAD,technical,f_te082_neg_upthrust,-1,kline,破60日高后收回下方=UT 0/1（dir=-1）,10,0.01834,0.424,14.025,1094,0.6993,0.01281,0.3453,4.172,166.0,0.02725,0.5242,6.548,181.0,0.0176,0.4171,11.739,867.0
FCT-TECH-082,Wyckoff派发UTAD,technical,f_te082_neg_upthrust,-1,kline,破60日高后收回下方=UT 0/1（dir=-1）,20,0.01919,0.4646,15.368,1094,0.702,0.00988,0.2641,3.192,166.0,0.02581,0.5109,6.382,181.0,0.01961,0.4938,13.896,867.0
FCT-TECH-083,假突破统计,technical,f_te083_neg_fakebreak10,-1,kline,10日内假突破计数（dir=-1）,5,0.02203,0.3467,11.467,1094,0.6563,0.01926,0.2968,3.586,166.0,0.02773,0.3829,4.783,181.0,0.02142,0.3487,9.814,867.0
FCT-TECH-083,假突破统计,technical,f_te083_neg_fakebreak10,-1,kline,10日内假突破计数（dir=-1）,10,0.02443,0.3997,13.221,1094,0.6682,0.01804,0.2567,3.102,166.0,0.02491,0.4061,5.073,181.0,0.02551,0.4306,12.118,867.0
FCT-TECH-083,假突破统计,technical,f_te083_neg_fakebreak10,-1,kline,10日内假突破计数（dir=-1）,20,0.02845,0.4576,15.135,1094,0.6718,0.01433,0.2174,2.626,166.0,0.03047,0.4843,6.049,181.0,0.03066,0.5022,14.132,867.0
